fiscal_year,metric,synthetic,target,abs_error,rel_error_pct,market_facts_section,status
2023,tokyo_mean,12.2084,12.2,0.0084,0.07,1.2,calibrated
2023,system_mean,10.7522,10.74,0.0122,0.11,1.2,calibrated
2023,tokyo_premium,1.4562,,,,,diagnostic
2023,p5,7.8,,,,,diagnostic
2023,p50,11.705,,,,,diagnostic
2023,p95,18.1465,,,,,diagnostic
2023,max,48.62,50,1.38,-2.76,1.5/1.6,calibrated
2023,weekday_mean,12.8082,,,,,diagnostic
2023,weekend_mean,11.0661,,,,,diagnostic
2023,daily_mean_sd,2.0269,,,,,diagnostic
2023,daily_range_mean,9.2984,,,,,diagnostic
2023,within_day_sd,2.4828,,,,,diagnostic
2023,dod_logret_sd,0.1611,,,,,diagnostic
2023,lag1,0.954,,,,,diagnostic
2023,lag48,0.6141,,,,,diagnostic
2023,floor_slots,52,,,,,diagnostic
2023,spread_2h,8.2264,,,,,diagnostic
2023,imb_minus_spot_mean,-0.8426,,,,,diagnostic
2023,imb_minus_spot_sd,4.8415,,,,,diagnostic
2023,imb_p5,-8.05,,,,,diagnostic
2023,imb_p95,6.43,,,,,diagnostic
2023,imb_zero_share,0.0416,,,,,diagnostic
2023,imb_ge45,33,,,,,diagnostic
2023,imb_ge100,9,,,,,diagnostic
2023,imb_max,130.89,,,,,diagnostic
2023,rm_lt10,57,,,,,diagnostic
2023,rm_lt8,25,,,,,diagnostic
2023,rm_min,0.0558,,,,,diagnostic
2023,demand_twh,273.551,,,,,diagnostic
2023,demand_peak,54.1964,,,,,diagnostic
2023,demand_min,19.1489,,,,,diagnostic
2023,pv_share,0.0868,,,,,diagnostic
2023,pv_max,16.11,,,,,diagnostic
2023,id_minus_spot_mean,0.2576,,,,,diagnostic
2023,id_minus_spot_sd,1.4394,,,,,diagnostic
2023,monthly_mean_m04,11.2615,11.262,0,0,1.2 (annual) x 1.3 (FY2025 monthly profile),calibrated
2023,monthly_mean_m05,10.9678,10.968,0,0,1.2 (annual) x 1.3 (FY2025 monthly profile),calibrated
2023,monthly_mean_m06,12.7304,12.73,0,-0,1.2 (annual) x 1.3 (FY2025 monthly profile),calibrated
2023,monthly_mean_m07,13.6118,13.612,0,0,1.2 (annual) x 1.3 (FY2025 monthly profile),calibrated
2023,monthly_mean_m08,12.9263,12.926,0,-0,1.2 (annual) x 1.3 (FY2025 monthly profile),calibrated
2023,monthly_mean_m09,12.6327,12.633,0.0001,0,1.2 (annual) x 1.3 (FY2025 monthly profile),calibrated
2023,monthly_mean_m10,12.8282,12.828,0.0002,-0,1.2 (annual) x 1.3 (FY2025 monthly profile),calibrated
2023,monthly_mean_m11,11.5553,11.555,0,-0,1.2 (annual) x 1.3 (FY2025 monthly profile),calibrated
2023,monthly_mean_m12,10.9678,10.968,0.0001,0,1.2 (annual) x 1.3 (FY2025 monthly profile),calibrated
2023,monthly_mean_m01,11.849,11.849,0.0001,-0,1.2 (annual) x 1.3 (FY2025 monthly profile),calibrated
2023,monthly_mean_m02,10.9679,10.968,0.0001,0,1.2 (annual) x 1.3 (FY2025 monthly profile),calibrated
2023,monthly_mean_m03,14.1013,14.101,0.0001,-0,1.2 (annual) x 1.3 (FY2025 monthly profile),calibrated
2024,tokyo_mean,13.6732,13.66,0.0132,0.1,1.2,calibrated
2024,system_mean,12.2986,12.31,0.0114,-0.09,1.2,calibrated
2024,tokyo_premium,1.3746,,,,,diagnostic
2024,p5,8.84,8.5,0.34,4,1.5,calibrated
2024,p50,13.15,13.14,0.01,0.08,1.5,calibrated
2024,p95,20.2905,20.78,0.4895,-2.36,1.5,calibrated
2024,max,38.24,49.65,11.41,-22.98,1.5/1.6,calibrated
2024,weekday_mean,14.3714,14.21,0.1614,1.14,1.3,calibrated
2024,weekend_mean,12.3489,12.28,0.0689,0.56,1.3,calibrated
2024,daily_mean_sd,2.1345,,,,,diagnostic
2024,daily_range_mean,10.437,,,,,diagnostic
2024,within_day_sd,2.7795,,,,,diagnostic
2024,dod_logret_sd,0.1623,0.159,0.0033,2.09,1.5,calibrated
2024,lag1,0.9495,,,,,diagnostic
2024,lag48,0.6003,,,,,diagnostic
2024,floor_slots,73,,,,,diagnostic
2024,spread_2h,9.2565,8.77,0.4865,5.55,12,calibrated
2024,imb_minus_spot_mean,-0.3549,,,,,diagnostic
2024,imb_minus_spot_sd,6.4899,7.03,0.5401,-7.68,3,calibrated
2024,imb_p5,-9.72,,,,,diagnostic
2024,imb_p95,8.7605,,,,,diagnostic
2024,imb_zero_share,0.0516,,,,,diagnostic
2024,imb_ge45,56,,,,,diagnostic
2024,imb_ge100,20,,,,,diagnostic
2024,imb_max,137.97,194.11,56.14,-28.92,3,calibrated
2024,rm_lt10,76,,,,,diagnostic
2024,rm_lt8,42,,,,,diagnostic
2024,rm_min,0.0511,,,,,diagnostic
2024,demand_twh,273.473,,,,,diagnostic
2024,demand_peak,52.4271,56.99,4.5629,-8.01,7,calibrated
2024,demand_min,18.895,,,,,diagnostic
2024,pv_share,0.0866,,,,,diagnostic
2024,pv_max,17.005,,,,,diagnostic
2024,id_minus_spot_mean,0.2394,,,,,diagnostic
2024,id_minus_spot_sd,1.5749,,,,,diagnostic
2024,monthly_mean_m04,12.6094,12.609,0.0001,0,1.2 (annual) x 1.3 (FY2025 monthly profile),calibrated
2024,monthly_mean_m05,12.2802,12.28,0.0001,-0,1.2 (annual) x 1.3 (FY2025 monthly profile),calibrated
2024,monthly_mean_m06,14.254,14.254,0.0001,0,1.2 (annual) x 1.3 (FY2025 monthly profile),calibrated
2024,monthly_mean_m07,15.2406,15.241,0.0001,-0,1.2 (annual) x 1.3 (FY2025 monthly profile),calibrated
2024,monthly_mean_m08,14.4732,14.473,0.0001,-0,1.2 (annual) x 1.3 (FY2025 monthly profile),calibrated
2024,monthly_mean_m09,14.1444,14.144,0.0001,0,1.2 (annual) x 1.3 (FY2025 monthly profile),calibrated
2024,monthly_mean_m10,14.3634,14.364,0.0002,-0,1.2 (annual) x 1.3 (FY2025 monthly profile),calibrated
2024,monthly_mean_m11,12.9382,12.938,0.0001,0,1.2 (annual) x 1.3 (FY2025 monthly profile),calibrated
2024,monthly_mean_m12,12.2803,12.28,0,-0,1.2 (annual) x 1.3 (FY2025 monthly profile),calibrated
2024,monthly_mean_m01,13.2671,13.267,0,-0,1.2 (annual) x 1.3 (FY2025 monthly profile),calibrated
2024,monthly_mean_m02,12.2802,12.28,0.0001,-0,1.2 (annual) x 1.3 (FY2025 monthly profile),calibrated
2024,monthly_mean_m03,15.789,15.789,0,0,1.2 (annual) x 1.3 (FY2025 monthly profile),calibrated
2025,tokyo_mean,12.4704,12.45,0.0204,0.16,1.2,calibrated
2025,system_mean,11.0785,11.08,0.0015,-0.01,1.2,calibrated
2025,tokyo_premium,1.3919,,,,,diagnostic
2025,p5,7.6895,7.96,0.2705,-3.4,1.5,calibrated
2025,p50,12.03,11.53,0.5,4.34,1.5,calibrated
2025,p95,18.64,19.43,0.79,-4.07,1.5,calibrated
2025,max,41.76,45.01,3.25,-7.22,1.5/1.6,calibrated
2025,weekday_mean,13.2343,13.03,0.2043,1.57,1.3,calibrated
2025,weekend_mean,11.0214,11,0.0214,0.19,1.3,calibrated
2025,daily_mean_sd,2.1217,2.31,0.1883,-8.15,1.5,calibrated
2025,daily_range_mean,9.7043,9.45,0.2543,2.69,1.5,calibrated
2025,within_day_sd,2.6082,2.66,0.0518,-1.95,1.5,calibrated
2025,dod_logret_sd,0.1705,0.145,0.0255,17.57,1.5,calibrated
2025,lag1,0.952,0.94,0.012,1.28,1.5,calibrated
2025,lag48,0.61,0.66,0.05,-7.57,1.5,calibrated
2025,floor_slots,105,105,0,0,1.4,calibrated
2025,spread_2h,8.6031,8.28,0.3231,3.9,12,calibrated
2025,imb_minus_spot_mean,-0.759,-0.68,0.079,-11.62,3,calibrated
2025,imb_minus_spot_sd,4.5518,4.93,0.3782,-7.67,3,calibrated
2025,imb_p5,-7.4,-7.67,0.27,3.52,3,calibrated
2025,imb_p95,5.38,5.72,0.34,-5.94,3,calibrated
2025,imb_zero_share,0.0459,0.04,0.0059,14.73,3,calibrated
2025,imb_ge45,38,38,0,0,3,calibrated
2025,imb_ge100,10,8,2,25,3,calibrated
2025,imb_max,137.01,131.49,5.52,4.2,3,calibrated
2025,rm_lt10,76,,,,,diagnostic
2025,rm_lt8,38,,,,,diagnostic
2025,rm_min,0.0508,,,,,diagnostic
2025,demand_twh,275.265,281.4,6.1349,-2.18,7 (eria basis),calibrated
2025,demand_peak,56.0594,57.67,1.6106,-2.79,7,calibrated
2025,demand_min,19.3897,18.3,1.0897,5.95,7,calibrated
2025,pv_share,0.0936,0.092,0.0016,1.72,7,calibrated
2025,pv_max,17.9,17.04,0.86,5.05,7,calibrated
2025,id_minus_spot_mean,0.2362,,,,,diagnostic
2025,id_minus_spot_sd,1.4364,,,,,diagnostic
2025,monthly_mean_m04,11.4999,11.5,0.0001,-0,1.3,calibrated
2025,monthly_mean_m05,11.2,11.2,0,0,1.3,calibrated
2025,monthly_mean_m06,13.0001,13,0.0001,0,1.3,calibrated
2025,monthly_mean_m07,13.8999,13.9,0.0001,-0,1.3,calibrated
2025,monthly_mean_m08,13.1999,13.2,0.0001,-0,1.3,calibrated
2025,monthly_mean_m09,12.9,12.9,0,-0,1.3,calibrated
2025,monthly_mean_m10,13.1002,13.1,0.0002,0,1.3,calibrated
2025,monthly_mean_m11,11.8,11.8,0,-0,1.3,calibrated
2025,monthly_mean_m12,11.2001,11.2,0.0001,0,1.3,calibrated
2025,monthly_mean_m01,12.1,12.1,0,-0,1.3,calibrated
2025,monthly_mean_m02,11.2,11.2,0,-0,1.3,calibrated
2025,monthly_mean_m03,14.4,14.4,0,-0,1.3,calibrated
2026,train_bank_annual_mean,16.826,,,,1.2 (FY2026 to date 20.36),scenario
2026,holdout_bank_annual_mean,20.996,,,,1.2 (FY2026 to date 20.36),scenario
2026,holdout_realised_like_H1_mean,20.807,20.36,0.447,2.2,1.2/1.3,calibrated
