run_id,problem,rank,program_id,is_champion,fold_role,fold,rule_applied,instance_sha,segment,n,pooled_sd,incumbent_churn,churn,rise,se_rise,se_level,point_rise_limit,margin_rise_limit,point_level_limit,margin_level_limit,passes_point_rise,passes_point_level,passes_point,passes_margin_rise,passes_margin_level,passes_margin,relies_on_margin,candidate_valid_point,candidate_valid_margin,valid_under_applied_rule
tariff_pricing.20260927T085054Z,tariff_pricing,1,p040-f3b6f3eb,true,train,train,point,8f3d1516cef35cbf9f272b2bf7c8f2778639079f6691e5d640877d64678fe016,data_center,36,false,0.179354,0.060166,-0.119188,0.018862,0.011333,0.05,0.081028,0.22,0.238643,true,true,true,true,true,true,false,true,true,true
tariff_pricing.20260927T085054Z,tariff_pricing,1,p040-f3b6f3eb,true,train,train,point,8f3d1516cef35cbf9f272b2bf7c8f2778639079f6691e5d640877d64678fe016,semiconductor_fab,14,true,0.203418,0.208919,0.005501,0.01318,0.031752,0.05,0.071681,0.22,0.272232,true,true,true,true,true,true,false,true,true,true
tariff_pricing.20260927T085054Z,tariff_pricing,1,p040-f3b6f3eb,true,train,train,point,8f3d1516cef35cbf9f272b2bf7c8f2778639079f6691e5d640877d64678fe016,auto_parts,170,false,0.089743,0.103269,0.013526,0.003476,0.008884,0.05,0.055718,0.22,0.234614,true,true,true,true,true,true,false,true,true,true
tariff_pricing.20260927T085054Z,tariff_pricing,1,p040-f3b6f3eb,true,train,train,point,8f3d1516cef35cbf9f272b2bf7c8f2778639079f6691e5d640877d64678fe016,cold_storage,90,false,0.080226,0.054921,-0.025305,0.004925,0.005543,0.05,0.058102,0.22,0.229118,true,true,true,true,true,true,false,true,true,true
tariff_pricing.20260927T085054Z,tariff_pricing,1,p040-f3b6f3eb,true,train,train,point,8f3d1516cef35cbf9f272b2bf7c8f2778639079f6691e5d640877d64678fe016,office,300,false,0.097455,0.112887,0.015432,0.002022,0.006979,0.05,0.053325,0.22,0.231481,true,true,true,true,true,true,false,true,true,true
tariff_pricing.20260927T085054Z,tariff_pricing,1,p040-f3b6f3eb,true,train,train,point,8f3d1516cef35cbf9f272b2bf7c8f2778639079f6691e5d640877d64678fe016,retail_chain,190,false,0.097818,0.096471,-0.001347,0.002636,0.008889,0.05,0.054336,0.22,0.234623,true,true,true,true,true,true,false,true,true,true
tariff_pricing.20260927T085054Z,tariff_pricing,1,p040-f3b6f3eb,true,train,train,point,8f3d1516cef35cbf9f272b2bf7c8f2778639079f6691e5d640877d64678fe016,hospital,80,false,0.086243,0.104017,0.017775,0.001981,0.013223,0.05,0.053258,0.22,0.241753,true,true,true,true,true,true,false,true,true,true
tariff_pricing.20260927T085054Z,tariff_pricing,1,p040-f3b6f3eb,true,train,train,point,8f3d1516cef35cbf9f272b2bf7c8f2778639079f6691e5d640877d64678fe016,water_utility,45,false,0.167837,0.14248,-0.025356,0.005101,0.01996,0.05,0.058391,0.22,0.252833,true,true,true,true,true,true,false,true,true,true
tariff_pricing.20260927T085054Z,tariff_pricing,1,p040-f3b6f3eb,true,train,train,point,8f3d1516cef35cbf9f272b2bf7c8f2778639079f6691e5d640877d64678fe016,university,50,false,0.117762,0.148538,0.030776,0.007392,0.022001,0.05,0.062161,0.22,0.256192,true,true,true,true,true,true,false,true,true,true
tariff_pricing.20260927T085054Z,tariff_pricing,1,p040-f3b6f3eb,true,train,train,point,8f3d1516cef35cbf9f272b2bf7c8f2778639079f6691e5d640877d64678fe016,logistics,150,false,0.097316,0.090302,-0.007015,0.003244,0.008619,0.05,0.055336,0.22,0.234178,true,true,true,true,true,true,false,true,true,true
tariff_pricing.20260927T085054Z,tariff_pricing,1,p040-f3b6f3eb,true,train,train,point,8f3d1516cef35cbf9f272b2bf7c8f2778639079f6691e5d640877d64678fe016,hotel,75,false,0.08249,0.095229,0.012739,0.002774,0.012083,0.05,0.054563,0.22,0.239876,true,true,true,true,true,true,false,true,true,true
tariff_pricing.20260927T085054Z,tariff_pricing,1,p040-f3b6f3eb,true,holdout,holdout3,margin,1ebd5d0c83ec4c9dabaf3ba9b2f0c4ba9e7aee71b4e8b1094250785f04c9b6b4,data_center,36,false,0.171954,0.059946,-0.112008,0.024452,0.013756,0.05,0.090224,0.25,0.272629,true,true,true,true,true,true,false,false,true,true
tariff_pricing.20260927T085054Z,tariff_pricing,1,p040-f3b6f3eb,true,holdout,holdout3,margin,1ebd5d0c83ec4c9dabaf3ba9b2f0c4ba9e7aee71b4e8b1094250785f04c9b6b4,semiconductor_fab,14,true,0.148545,0.199267,0.050721,0.015825,0.034364,0.05,0.076032,0.25,0.306528,false,true,false,true,true,true,true,false,true,true
tariff_pricing.20260927T085054Z,tariff_pricing,1,p040-f3b6f3eb,true,holdout,holdout3,margin,1ebd5d0c83ec4c9dabaf3ba9b2f0c4ba9e7aee71b4e8b1094250785f04c9b6b4,auto_parts,170,false,0.111171,0.131071,0.0199,0.003809,0.012419,0.05,0.056266,0.25,0.27043,true,true,true,true,true,true,false,false,true,true
tariff_pricing.20260927T085054Z,tariff_pricing,1,p040-f3b6f3eb,true,holdout,holdout3,margin,1ebd5d0c83ec4c9dabaf3ba9b2f0c4ba9e7aee71b4e8b1094250785f04c9b6b4,cold_storage,90,false,0.080001,0.062688,-0.017313,0.005599,0.009341,0.05,0.05921,0.25,0.265365,true,true,true,true,true,true,false,false,true,true
tariff_pricing.20260927T085054Z,tariff_pricing,1,p040-f3b6f3eb,true,holdout,holdout3,margin,1ebd5d0c83ec4c9dabaf3ba9b2f0c4ba9e7aee71b4e8b1094250785f04c9b6b4,office,300,false,0.089059,0.106987,0.017928,0.002075,0.006901,0.05,0.053413,0.25,0.261352,true,true,true,true,true,true,false,false,true,true
tariff_pricing.20260927T085054Z,tariff_pricing,1,p040-f3b6f3eb,true,holdout,holdout3,margin,1ebd5d0c83ec4c9dabaf3ba9b2f0c4ba9e7aee71b4e8b1094250785f04c9b6b4,retail_chain,190,false,0.111988,0.106443,-0.005546,0.003838,0.009362,0.05,0.056314,0.25,0.265401,true,true,true,true,true,true,false,false,true,true
tariff_pricing.20260927T085054Z,tariff_pricing,1,p040-f3b6f3eb,true,holdout,holdout3,margin,1ebd5d0c83ec4c9dabaf3ba9b2f0c4ba9e7aee71b4e8b1094250785f04c9b6b4,hospital,80,false,0.082087,0.099513,0.017426,0.00203,0.011338,0.05,0.053339,0.25,0.268651,true,true,true,true,true,true,false,false,true,true
tariff_pricing.20260927T085054Z,tariff_pricing,1,p040-f3b6f3eb,true,holdout,holdout3,margin,1ebd5d0c83ec4c9dabaf3ba9b2f0c4ba9e7aee71b4e8b1094250785f04c9b6b4,water_utility,45,false,0.134247,0.110082,-0.024165,0.004671,0.016623,0.05,0.057684,0.25,0.277345,true,true,true,true,true,true,false,false,true,true
tariff_pricing.20260927T085054Z,tariff_pricing,1,p040-f3b6f3eb,true,holdout,holdout3,margin,1ebd5d0c83ec4c9dabaf3ba9b2f0c4ba9e7aee71b4e8b1094250785f04c9b6b4,university,50,false,0.156747,0.202169,0.045421,0.010516,0.027841,0.05,0.067298,0.25,0.295798,true,true,true,true,true,true,false,false,true,true
tariff_pricing.20260927T085054Z,tariff_pricing,1,p040-f3b6f3eb,true,holdout,holdout3,margin,1ebd5d0c83ec4c9dabaf3ba9b2f0c4ba9e7aee71b4e8b1094250785f04c9b6b4,logistics,150,false,0.095112,0.086234,-0.008877,0.003896,0.008489,0.05,0.056408,0.25,0.263965,true,true,true,true,true,true,false,false,true,true
tariff_pricing.20260927T085054Z,tariff_pricing,1,p040-f3b6f3eb,true,holdout,holdout3,margin,1ebd5d0c83ec4c9dabaf3ba9b2f0c4ba9e7aee71b4e8b1094250785f04c9b6b4,hotel,75,false,0.075216,0.094788,0.019572,0.006061,0.01245,0.05,0.059971,0.25,0.27048,true,true,true,true,true,true,false,false,true,true
tariff_pricing.20260927T085054Z,tariff_pricing,2,p037-0f836f1b,false,train,train,point,8f3d1516cef35cbf9f272b2bf7c8f2778639079f6691e5d640877d64678fe016,data_center,36,false,0.179354,0.060098,-0.119256,0.018886,0.011304,0.05,0.081068,0.22,0.238594,true,true,true,true,true,true,false,true,true,true
tariff_pricing.20260927T085054Z,tariff_pricing,2,p037-0f836f1b,false,train,train,point,8f3d1516cef35cbf9f272b2bf7c8f2778639079f6691e5d640877d64678fe016,semiconductor_fab,14,true,0.203418,0.211619,0.008201,0.013161,0.032,0.05,0.07165,0.22,0.272639,true,true,true,true,true,true,false,true,true,true
tariff_pricing.20260927T085054Z,tariff_pricing,2,p037-0f836f1b,false,train,train,point,8f3d1516cef35cbf9f272b2bf7c8f2778639079f6691e5d640877d64678fe016,auto_parts,170,false,0.089743,0.104705,0.014962,0.003527,0.008982,0.05,0.055802,0.22,0.234775,true,true,true,true,true,true,false,true,true,true
tariff_pricing.20260927T085054Z,tariff_pricing,2,p037-0f836f1b,false,train,train,point,8f3d1516cef35cbf9f272b2bf7c8f2778639079f6691e5d640877d64678fe016,cold_storage,90,false,0.080226,0.054838,-0.025388,0.004852,0.005594,0.05,0.057982,0.22,0.229203,true,true,true,true,true,true,false,true,true,true
tariff_pricing.20260927T085054Z,tariff_pricing,2,p037-0f836f1b,false,train,train,point,8f3d1516cef35cbf9f272b2bf7c8f2778639079f6691e5d640877d64678fe016,office,300,false,0.097455,0.113068,0.015613,0.002005,0.007085,0.05,0.053299,0.22,0.231654,true,true,true,true,true,true,false,true,true,true
tariff_pricing.20260927T085054Z,tariff_pricing,2,p037-0f836f1b,false,train,train,point,8f3d1516cef35cbf9f272b2bf7c8f2778639079f6691e5d640877d64678fe016,retail_chain,190,false,0.097818,0.097437,-0.000381,0.002712,0.008971,0.05,0.054461,0.22,0.234757,true,true,true,true,true,true,false,true,true,true
tariff_pricing.20260927T085054Z,tariff_pricing,2,p037-0f836f1b,false,train,train,point,8f3d1516cef35cbf9f272b2bf7c8f2778639079f6691e5d640877d64678fe016,hospital,80,false,0.086243,0.102903,0.01666,0.001904,0.013277,0.05,0.053132,0.22,0.241841,true,true,true,true,true,true,false,true,true,true
tariff_pricing.20260927T085054Z,tariff_pricing,2,p037-0f836f1b,false,train,train,point,8f3d1516cef35cbf9f272b2bf7c8f2778639079f6691e5d640877d64678fe016,water_utility,45,false,0.167837,0.146459,-0.021377,0.004886,0.020408,0.05,0.058037,0.22,0.253572,true,true,true,true,true,true,false,true,true,true
tariff_pricing.20260927T085054Z,tariff_pricing,2,p037-0f836f1b,false,train,train,point,8f3d1516cef35cbf9f272b2bf7c8f2778639079f6691e5d640877d64678fe016,university,50,false,0.117762,0.148383,0.030621,0.007252,0.021315,0.05,0.061929,0.22,0.255063,true,true,true,true,true,true,false,true,true,true
tariff_pricing.20260927T085054Z,tariff_pricing,2,p037-0f836f1b,false,train,train,point,8f3d1516cef35cbf9f272b2bf7c8f2778639079f6691e5d640877d64678fe016,logistics,150,false,0.097316,0.090388,-0.006929,0.003161,0.008674,0.05,0.0552,0.22,0.234268,true,true,true,true,true,true,false,true,true,true
tariff_pricing.20260927T085054Z,tariff_pricing,2,p037-0f836f1b,false,train,train,point,8f3d1516cef35cbf9f272b2bf7c8f2778639079f6691e5d640877d64678fe016,hotel,75,false,0.08249,0.095732,0.013241,0.002798,0.012047,0.05,0.054603,0.22,0.239818,true,true,true,true,true,true,false,true,true,true
tariff_pricing.20260927T085054Z,tariff_pricing,2,p037-0f836f1b,false,holdout,holdout3,margin,1ebd5d0c83ec4c9dabaf3ba9b2f0c4ba9e7aee71b4e8b1094250785f04c9b6b4,data_center,36,false,0.171954,0.059912,-0.112041,0.024459,0.013753,0.05,0.090236,0.25,0.272623,true,true,true,true,true,true,false,false,true,true
tariff_pricing.20260927T085054Z,tariff_pricing,2,p037-0f836f1b,false,holdout,holdout3,margin,1ebd5d0c83ec4c9dabaf3ba9b2f0c4ba9e7aee71b4e8b1094250785f04c9b6b4,semiconductor_fab,14,true,0.148545,0.200993,0.052448,0.015821,0.034639,0.05,0.076026,0.25,0.306982,false,true,false,true,true,true,true,false,true,true
tariff_pricing.20260927T085054Z,tariff_pricing,2,p037-0f836f1b,false,holdout,holdout3,margin,1ebd5d0c83ec4c9dabaf3ba9b2f0c4ba9e7aee71b4e8b1094250785f04c9b6b4,auto_parts,170,false,0.111171,0.1324,0.021229,0.003986,0.012605,0.05,0.056558,0.25,0.270736,true,true,true,true,true,true,false,false,true,true
tariff_pricing.20260927T085054Z,tariff_pricing,2,p037-0f836f1b,false,holdout,holdout3,margin,1ebd5d0c83ec4c9dabaf3ba9b2f0c4ba9e7aee71b4e8b1094250785f04c9b6b4,cold_storage,90,false,0.080001,0.062221,-0.017779,0.005569,0.009328,0.05,0.059161,0.25,0.265345,true,true,true,true,true,true,false,false,true,true
tariff_pricing.20260927T085054Z,tariff_pricing,2,p037-0f836f1b,false,holdout,holdout3,margin,1ebd5d0c83ec4c9dabaf3ba9b2f0c4ba9e7aee71b4e8b1094250785f04c9b6b4,office,300,false,0.089059,0.107319,0.01826,0.001988,0.007029,0.05,0.053271,0.25,0.261562,true,true,true,true,true,true,false,false,true,true
tariff_pricing.20260927T085054Z,tariff_pricing,2,p037-0f836f1b,false,holdout,holdout3,margin,1ebd5d0c83ec4c9dabaf3ba9b2f0c4ba9e7aee71b4e8b1094250785f04c9b6b4,retail_chain,190,false,0.111988,0.10681,-0.005179,0.003855,0.009358,0.05,0.056341,0.25,0.265393,true,true,true,true,true,true,false,false,true,true
tariff_pricing.20260927T085054Z,tariff_pricing,2,p037-0f836f1b,false,holdout,holdout3,margin,1ebd5d0c83ec4c9dabaf3ba9b2f0c4ba9e7aee71b4e8b1094250785f04c9b6b4,hospital,80,false,0.082087,0.097611,0.015524,0.001871,0.011198,0.05,0.053078,0.25,0.268421,true,true,true,true,true,true,false,false,true,true
tariff_pricing.20260927T085054Z,tariff_pricing,2,p037-0f836f1b,false,holdout,holdout3,margin,1ebd5d0c83ec4c9dabaf3ba9b2f0c4ba9e7aee71b4e8b1094250785f04c9b6b4,water_utility,45,false,0.134247,0.11327,-0.020977,0.004618,0.016998,0.05,0.057597,0.25,0.277961,true,true,true,true,true,true,false,false,true,true
tariff_pricing.20260927T085054Z,tariff_pricing,2,p037-0f836f1b,false,holdout,holdout3,margin,1ebd5d0c83ec4c9dabaf3ba9b2f0c4ba9e7aee71b4e8b1094250785f04c9b6b4,university,50,false,0.156747,0.201923,0.045175,0.010766,0.02811,0.05,0.06771,0.25,0.296241,true,true,true,true,true,true,false,false,true,true
tariff_pricing.20260927T085054Z,tariff_pricing,2,p037-0f836f1b,false,holdout,holdout3,margin,1ebd5d0c83ec4c9dabaf3ba9b2f0c4ba9e7aee71b4e8b1094250785f04c9b6b4,logistics,150,false,0.095112,0.085576,-0.009536,0.003831,0.008447,0.05,0.056302,0.25,0.263896,true,true,true,true,true,true,false,false,true,true
tariff_pricing.20260927T085054Z,tariff_pricing,2,p037-0f836f1b,false,holdout,holdout3,margin,1ebd5d0c83ec4c9dabaf3ba9b2f0c4ba9e7aee71b4e8b1094250785f04c9b6b4,hotel,75,false,0.075216,0.09418,0.018965,0.005842,0.012244,0.05,0.05961,0.25,0.270142,true,true,true,true,true,true,false,false,true,true
tariff_pricing.20260927T085054Z,tariff_pricing,3,p034-e2f99153,false,train,train,point,8f3d1516cef35cbf9f272b2bf7c8f2778639079f6691e5d640877d64678fe016,data_center,36,false,0.179354,0.063767,-0.115587,0.018165,0.011936,0.05,0.079882,0.22,0.239635,true,true,true,true,true,true,false,true,true,true
tariff_pricing.20260927T085054Z,tariff_pricing,3,p034-e2f99153,false,train,train,point,8f3d1516cef35cbf9f272b2bf7c8f2778639079f6691e5d640877d64678fe016,semiconductor_fab,14,true,0.203418,0.209986,0.006569,0.012866,0.032171,0.05,0.071165,0.22,0.272921,true,true,true,true,true,true,false,true,true,true
tariff_pricing.20260927T085054Z,tariff_pricing,3,p034-e2f99153,false,train,train,point,8f3d1516cef35cbf9f272b2bf7c8f2778639079f6691e5d640877d64678fe016,auto_parts,170,false,0.089743,0.105408,0.015665,0.003468,0.009049,0.05,0.055706,0.22,0.234886,true,true,true,true,true,true,false,true,true,true
tariff_pricing.20260927T085054Z,tariff_pricing,3,p034-e2f99153,false,train,train,point,8f3d1516cef35cbf9f272b2bf7c8f2778639079f6691e5d640877d64678fe016,cold_storage,90,false,0.080226,0.05528,-0.024946,0.004659,0.005657,0.05,0.057664,0.22,0.229305,true,true,true,true,true,true,false,true,true,true
tariff_pricing.20260927T085054Z,tariff_pricing,3,p034-e2f99153,false,train,train,point,8f3d1516cef35cbf9f272b2bf7c8f2778639079f6691e5d640877d64678fe016,office,300,false,0.097455,0.113698,0.016243,0.001946,0.007125,0.05,0.053201,0.22,0.231721,true,true,true,true,true,true,false,true,true,true
tariff_pricing.20260927T085054Z,tariff_pricing,3,p034-e2f99153,false,train,train,point,8f3d1516cef35cbf9f272b2bf7c8f2778639079f6691e5d640877d64678fe016,retail_chain,190,false,0.097818,0.098499,0.000681,0.002678,0.009024,0.05,0.054405,0.22,0.234845,true,true,true,true,true,true,false,true,true,true
tariff_pricing.20260927T085054Z,tariff_pricing,3,p034-e2f99153,false,train,train,point,8f3d1516cef35cbf9f272b2bf7c8f2778639079f6691e5d640877d64678fe016,hospital,80,false,0.086243,0.103903,0.01766,0.001941,0.013387,0.05,0.053193,0.22,0.242021,true,true,true,true,true,true,false,true,true,true
tariff_pricing.20260927T085054Z,tariff_pricing,3,p034-e2f99153,false,train,train,point,8f3d1516cef35cbf9f272b2bf7c8f2778639079f6691e5d640877d64678fe016,water_utility,45,false,0.167837,0.147031,-0.020806,0.004858,0.020467,0.05,0.057991,0.22,0.253668,true,true,true,true,true,true,false,true,true,true
tariff_pricing.20260927T085054Z,tariff_pricing,3,p034-e2f99153,false,train,train,point,8f3d1516cef35cbf9f272b2bf7c8f2778639079f6691e5d640877d64678fe016,university,50,false,0.117762,0.150212,0.03245,0.007183,0.021419,0.05,0.061816,0.22,0.255235,true,true,true,true,true,true,false,true,true,true
tariff_pricing.20260927T085054Z,tariff_pricing,3,p034-e2f99153,false,train,train,point,8f3d1516cef35cbf9f272b2bf7c8f2778639079f6691e5d640877d64678fe016,logistics,150,false,0.097316,0.092426,-0.00489,0.003095,0.008725,0.05,0.055091,0.22,0.234352,true,true,true,true,true,true,false,true,true,true
tariff_pricing.20260927T085054Z,tariff_pricing,3,p034-e2f99153,false,train,train,point,8f3d1516cef35cbf9f272b2bf7c8f2778639079f6691e5d640877d64678fe016,hotel,75,false,0.08249,0.096274,0.013783,0.002791,0.012184,0.05,0.054591,0.22,0.240042,true,true,true,true,true,true,false,true,true,true
tariff_pricing.20260927T085054Z,tariff_pricing,3,p034-e2f99153,false,holdout,holdout3,margin,1ebd5d0c83ec4c9dabaf3ba9b2f0c4ba9e7aee71b4e8b1094250785f04c9b6b4,data_center,36,false,0.171954,0.06425,-0.107704,0.023198,0.0149,0.05,0.08816,0.25,0.27451,true,true,true,true,true,true,false,true,true,true
tariff_pricing.20260927T085054Z,tariff_pricing,3,p034-e2f99153,false,holdout,holdout3,margin,1ebd5d0c83ec4c9dabaf3ba9b2f0c4ba9e7aee71b4e8b1094250785f04c9b6b4,semiconductor_fab,14,true,0.148545,0.19811,0.049565,0.015334,0.034854,0.05,0.075224,0.25,0.307335,true,true,true,true,true,true,false,true,true,true
tariff_pricing.20260927T085054Z,tariff_pricing,3,p034-e2f99153,false,holdout,holdout3,margin,1ebd5d0c83ec4c9dabaf3ba9b2f0c4ba9e7aee71b4e8b1094250785f04c9b6b4,auto_parts,170,false,0.111171,0.132785,0.021613,0.003838,0.012609,0.05,0.056314,0.25,0.270741,true,true,true,true,true,true,false,true,true,true
tariff_pricing.20260927T085054Z,tariff_pricing,3,p034-e2f99153,false,holdout,holdout3,margin,1ebd5d0c83ec4c9dabaf3ba9b2f0c4ba9e7aee71b4e8b1094250785f04c9b6b4,cold_storage,90,false,0.080001,0.063783,-0.016218,0.005411,0.009465,0.05,0.058901,0.25,0.26557,true,true,true,true,true,true,false,true,true,true
tariff_pricing.20260927T085054Z,tariff_pricing,3,p034-e2f99153,false,holdout,holdout3,margin,1ebd5d0c83ec4c9dabaf3ba9b2f0c4ba9e7aee71b4e8b1094250785f04c9b6b4,office,300,false,0.089059,0.107953,0.018894,0.001958,0.007045,0.05,0.053221,0.25,0.261589,true,true,true,true,true,true,false,true,true,true
tariff_pricing.20260927T085054Z,tariff_pricing,3,p034-e2f99153,false,holdout,holdout3,margin,1ebd5d0c83ec4c9dabaf3ba9b2f0c4ba9e7aee71b4e8b1094250785f04c9b6b4,retail_chain,190,false,0.111988,0.108466,-0.003522,0.003755,0.009486,0.05,0.056177,0.25,0.265604,true,true,true,true,true,true,false,true,true,true
tariff_pricing.20260927T085054Z,tariff_pricing,3,p034-e2f99153,false,holdout,holdout3,margin,1ebd5d0c83ec4c9dabaf3ba9b2f0c4ba9e7aee71b4e8b1094250785f04c9b6b4,hospital,80,false,0.082087,0.098727,0.01664,0.001884,0.011354,0.05,0.0531,0.25,0.268677,true,true,true,true,true,true,false,true,true,true
tariff_pricing.20260927T085054Z,tariff_pricing,3,p034-e2f99153,false,holdout,holdout3,margin,1ebd5d0c83ec4c9dabaf3ba9b2f0c4ba9e7aee71b4e8b1094250785f04c9b6b4,water_utility,45,false,0.134247,0.113788,-0.020459,0.004591,0.017061,0.05,0.057552,0.25,0.278066,true,true,true,true,true,true,false,true,true,true
tariff_pricing.20260927T085054Z,tariff_pricing,3,p034-e2f99153,false,holdout,holdout3,margin,1ebd5d0c83ec4c9dabaf3ba9b2f0c4ba9e7aee71b4e8b1094250785f04c9b6b4,university,50,false,0.156747,0.203248,0.0465,0.010784,0.028178,0.05,0.067739,0.25,0.296352,true,true,true,true,true,true,false,true,true,true
tariff_pricing.20260927T085054Z,tariff_pricing,3,p034-e2f99153,false,holdout,holdout3,margin,1ebd5d0c83ec4c9dabaf3ba9b2f0c4ba9e7aee71b4e8b1094250785f04c9b6b4,logistics,150,false,0.095112,0.088411,-0.006701,0.003674,0.00868,0.05,0.056043,0.25,0.264278,true,true,true,true,true,true,false,true,true,true
tariff_pricing.20260927T085054Z,tariff_pricing,3,p034-e2f99153,false,holdout,holdout3,margin,1ebd5d0c83ec4c9dabaf3ba9b2f0c4ba9e7aee71b4e8b1094250785f04c9b6b4,hotel,75,false,0.075216,0.094386,0.01917,0.005755,0.012287,0.05,0.059466,0.25,0.270211,true,true,true,true,true,true,false,true,true,true
tariff_pricing.20260927T085054Z,tariff_pricing,4,p027-35aa8616,false,train,train,point,8f3d1516cef35cbf9f272b2bf7c8f2778639079f6691e5d640877d64678fe016,data_center,36,false,0.179354,0.066929,-0.112426,0.017749,0.011938,0.05,0.079197,0.22,0.239638,true,true,true,true,true,true,false,true,true,true
tariff_pricing.20260927T085054Z,tariff_pricing,4,p027-35aa8616,false,train,train,point,8f3d1516cef35cbf9f272b2bf7c8f2778639079f6691e5d640877d64678fe016,semiconductor_fab,14,true,0.203418,0.208491,0.005073,0.012649,0.032006,0.05,0.070808,0.22,0.27265,true,true,true,true,true,true,false,true,true,true
tariff_pricing.20260927T085054Z,tariff_pricing,4,p027-35aa8616,false,train,train,point,8f3d1516cef35cbf9f272b2bf7c8f2778639079f6691e5d640877d64678fe016,auto_parts,170,false,0.089743,0.105068,0.015325,0.003448,0.00903,0.05,0.055672,0.22,0.234855,true,true,true,true,true,true,false,true,true,true
tariff_pricing.20260927T085054Z,tariff_pricing,4,p027-35aa8616,false,train,train,point,8f3d1516cef35cbf9f272b2bf7c8f2778639079f6691e5d640877d64678fe016,cold_storage,90,false,0.080226,0.055143,-0.025083,0.004674,0.005638,0.05,0.057688,0.22,0.229274,true,true,true,true,true,true,false,true,true,true
tariff_pricing.20260927T085054Z,tariff_pricing,4,p027-35aa8616,false,train,train,point,8f3d1516cef35cbf9f272b2bf7c8f2778639079f6691e5d640877d64678fe016,office,300,false,0.097455,0.113277,0.015822,0.00187,0.007125,0.05,0.053077,0.22,0.23172,true,true,true,true,true,true,false,true,true,true
tariff_pricing.20260927T085054Z,tariff_pricing,4,p027-35aa8616,false,train,train,point,8f3d1516cef35cbf9f272b2bf7c8f2778639079f6691e5d640877d64678fe016,retail_chain,190,false,0.097818,0.097216,-0.000602,0.002686,0.008854,0.05,0.054419,0.22,0.234565,true,true,true,true,true,true,false,true,true,true
tariff_pricing.20260927T085054Z,tariff_pricing,4,p027-35aa8616,false,train,train,point,8f3d1516cef35cbf9f272b2bf7c8f2778639079f6691e5d640877d64678fe016,hospital,80,false,0.086243,0.103332,0.017089,0.001858,0.013362,0.05,0.053057,0.22,0.241981,true,true,true,true,true,true,false,true,true,true
tariff_pricing.20260927T085054Z,tariff_pricing,4,p027-35aa8616,false,train,train,point,8f3d1516cef35cbf9f272b2bf7c8f2778639079f6691e5d640877d64678fe016,water_utility,45,false,0.167837,0.147031,-0.020806,0.004858,0.020467,0.05,0.057991,0.22,0.253668,true,true,true,true,true,true,false,true,true,true
tariff_pricing.20260927T085054Z,tariff_pricing,4,p027-35aa8616,false,train,train,point,8f3d1516cef35cbf9f272b2bf7c8f2778639079f6691e5d640877d64678fe016,university,50,false,0.117762,0.14849,0.030728,0.007125,0.021323,0.05,0.061721,0.22,0.255076,true,true,true,true,true,true,false,true,true,true
tariff_pricing.20260927T085054Z,tariff_pricing,4,p027-35aa8616,false,train,train,point,8f3d1516cef35cbf9f272b2bf7c8f2778639079f6691e5d640877d64678fe016,logistics,150,false,0.097316,0.092324,-0.004992,0.003104,0.00871,0.05,0.055106,0.22,0.234327,true,true,true,true,true,true,false,true,true,true
tariff_pricing.20260927T085054Z,tariff_pricing,4,p027-35aa8616,false,train,train,point,8f3d1516cef35cbf9f272b2bf7c8f2778639079f6691e5d640877d64678fe016,hotel,75,false,0.08249,0.095521,0.01303,0.002658,0.012093,0.05,0.054372,0.22,0.239893,true,true,true,true,true,true,false,true,true,true
tariff_pricing.20260927T085054Z,tariff_pricing,4,p027-35aa8616,false,holdout,holdout3,margin,1ebd5d0c83ec4c9dabaf3ba9b2f0c4ba9e7aee71b4e8b1094250785f04c9b6b4,data_center,36,false,0.171954,0.065317,-0.106637,0.023039,0.015374,0.05,0.087899,0.25,0.27529,true,true,true,true,true,true,false,true,true,true
tariff_pricing.20260927T085054Z,tariff_pricing,4,p027-35aa8616,false,holdout,holdout3,margin,1ebd5d0c83ec4c9dabaf3ba9b2f0c4ba9e7aee71b4e8b1094250785f04c9b6b4,semiconductor_fab,14,true,0.148545,0.18885,0.040305,0.015142,0.034694,0.05,0.074908,0.25,0.307072,true,true,true,true,true,true,false,true,true,true
tariff_pricing.20260927T085054Z,tariff_pricing,4,p027-35aa8616,false,holdout,holdout3,margin,1ebd5d0c83ec4c9dabaf3ba9b2f0c4ba9e7aee71b4e8b1094250785f04c9b6b4,auto_parts,170,false,0.111171,0.132739,0.021568,0.003778,0.012607,0.05,0.056214,0.25,0.270739,true,true,true,true,true,true,false,true,true,true
tariff_pricing.20260927T085054Z,tariff_pricing,4,p027-35aa8616,false,holdout,holdout3,margin,1ebd5d0c83ec4c9dabaf3ba9b2f0c4ba9e7aee71b4e8b1094250785f04c9b6b4,cold_storage,90,false,0.080001,0.063863,-0.016138,0.005418,0.009462,0.05,0.058913,0.25,0.265565,true,true,true,true,true,true,false,true,true,true
tariff_pricing.20260927T085054Z,tariff_pricing,4,p027-35aa8616,false,holdout,holdout3,margin,1ebd5d0c83ec4c9dabaf3ba9b2f0c4ba9e7aee71b4e8b1094250785f04c9b6b4,office,300,false,0.089059,0.107353,0.018294,0.001911,0.006989,0.05,0.053143,0.25,0.261497,true,true,true,true,true,true,false,true,true,true
tariff_pricing.20260927T085054Z,tariff_pricing,4,p027-35aa8616,false,holdout,holdout3,margin,1ebd5d0c83ec4c9dabaf3ba9b2f0c4ba9e7aee71b4e8b1094250785f04c9b6b4,retail_chain,190,false,0.111988,0.107248,-0.00474,0.003771,0.009437,0.05,0.056203,0.25,0.265525,true,true,true,true,true,true,false,true,true,true
tariff_pricing.20260927T085054Z,tariff_pricing,4,p027-35aa8616,false,holdout,holdout3,margin,1ebd5d0c83ec4c9dabaf3ba9b2f0c4ba9e7aee71b4e8b1094250785f04c9b6b4,hospital,80,false,0.082087,0.098571,0.016484,0.001902,0.011349,0.05,0.053128,0.25,0.26867,true,true,true,true,true,true,false,true,true,true
tariff_pricing.20260927T085054Z,tariff_pricing,4,p027-35aa8616,false,holdout,holdout3,margin,1ebd5d0c83ec4c9dabaf3ba9b2f0c4ba9e7aee71b4e8b1094250785f04c9b6b4,water_utility,45,false,0.134247,0.113788,-0.020459,0.004591,0.017061,0.05,0.057552,0.25,0.278066,true,true,true,true,true,true,false,true,true,true
tariff_pricing.20260927T085054Z,tariff_pricing,4,p027-35aa8616,false,holdout,holdout3,margin,1ebd5d0c83ec4c9dabaf3ba9b2f0c4ba9e7aee71b4e8b1094250785f04c9b6b4,university,50,false,0.156747,0.202085,0.045338,0.010667,0.02813,0.05,0.067548,0.25,0.296273,true,true,true,true,true,true,false,true,true,true
tariff_pricing.20260927T085054Z,tariff_pricing,4,p027-35aa8616,false,holdout,holdout3,margin,1ebd5d0c83ec4c9dabaf3ba9b2f0c4ba9e7aee71b4e8b1094250785f04c9b6b4,logistics,150,false,0.095112,0.088741,-0.006371,0.003661,0.008666,0.05,0.056022,0.25,0.264256,true,true,true,true,true,true,false,true,true,true
tariff_pricing.20260927T085054Z,tariff_pricing,4,p027-35aa8616,false,holdout,holdout3,margin,1ebd5d0c83ec4c9dabaf3ba9b2f0c4ba9e7aee71b4e8b1094250785f04c9b6b4,hotel,75,false,0.075216,0.093479,0.018263,0.005516,0.012117,0.05,0.059074,0.25,0.269932,true,true,true,true,true,true,false,true,true,true
tariff_pricing.20260927T085054Z,tariff_pricing,5,p033-9adc2b66,false,train,train,point,8f3d1516cef35cbf9f272b2bf7c8f2778639079f6691e5d640877d64678fe016,data_center,36,false,0.179354,0.062373,-0.116982,0.018484,0.011765,0.05,0.080406,0.22,0.239354,true,true,true,true,true,true,false,true,true,true
tariff_pricing.20260927T085054Z,tariff_pricing,5,p033-9adc2b66,false,train,train,point,8f3d1516cef35cbf9f272b2bf7c8f2778639079f6691e5d640877d64678fe016,semiconductor_fab,14,true,0.203418,0.203857,0.000439,0.012972,0.031748,0.05,0.071339,0.22,0.272225,true,true,true,true,true,true,false,true,true,true
tariff_pricing.20260927T085054Z,tariff_pricing,5,p033-9adc2b66,false,train,train,point,8f3d1516cef35cbf9f272b2bf7c8f2778639079f6691e5d640877d64678fe016,auto_parts,170,false,0.089743,0.104796,0.015053,0.003523,0.008997,0.05,0.055796,0.22,0.2348,true,true,true,true,true,true,false,true,true,true
tariff_pricing.20260927T085054Z,tariff_pricing,5,p033-9adc2b66,false,train,train,point,8f3d1516cef35cbf9f272b2bf7c8f2778639079f6691e5d640877d64678fe016,cold_storage,90,false,0.080226,0.054171,-0.026055,0.004952,0.00552,0.05,0.058146,0.22,0.229081,true,true,true,true,true,true,false,true,true,true
tariff_pricing.20260927T085054Z,tariff_pricing,5,p033-9adc2b66,false,train,train,point,8f3d1516cef35cbf9f272b2bf7c8f2778639079f6691e5d640877d64678fe016,office,300,false,0.097455,0.113587,0.016132,0.001916,0.007109,0.05,0.053151,0.22,0.231695,true,true,true,true,true,true,false,true,true,true
tariff_pricing.20260927T085054Z,tariff_pricing,5,p033-9adc2b66,false,train,train,point,8f3d1516cef35cbf9f272b2bf7c8f2778639079f6691e5d640877d64678fe016,retail_chain,190,false,0.097818,0.096681,-0.001136,0.002725,0.008832,0.05,0.054482,0.22,0.234528,true,true,true,true,true,true,false,true,true,true
tariff_pricing.20260927T085054Z,tariff_pricing,5,p033-9adc2b66,false,train,train,point,8f3d1516cef35cbf9f272b2bf7c8f2778639079f6691e5d640877d64678fe016,hospital,80,false,0.086243,0.088133,0.00189,0.001041,0.012728,0.05,0.051713,0.22,0.240937,true,true,true,true,true,true,false,true,true,true
tariff_pricing.20260927T085054Z,tariff_pricing,5,p033-9adc2b66,false,train,train,point,8f3d1516cef35cbf9f272b2bf7c8f2778639079f6691e5d640877d64678fe016,water_utility,45,false,0.167837,0.141326,-0.026511,0.005173,0.01984,0.05,0.05851,0.22,0.252637,true,true,true,true,true,true,false,true,true,true
tariff_pricing.20260927T085054Z,tariff_pricing,5,p033-9adc2b66,false,train,train,point,8f3d1516cef35cbf9f272b2bf7c8f2778639079f6691e5d640877d64678fe016,university,50,false,0.117762,0.147171,0.029408,0.0072,0.021196,0.05,0.061844,0.22,0.254868,true,true,true,true,true,true,false,true,true,true
tariff_pricing.20260927T085054Z,tariff_pricing,5,p033-9adc2b66,false,train,train,point,8f3d1516cef35cbf9f272b2bf7c8f2778639079f6691e5d640877d64678fe016,logistics,150,false,0.097316,0.090854,-0.006462,0.003195,0.008628,0.05,0.055256,0.22,0.234192,true,true,true,true,true,true,false,true,true,true
tariff_pricing.20260927T085054Z,tariff_pricing,5,p033-9adc2b66,false,train,train,point,8f3d1516cef35cbf9f272b2bf7c8f2778639079f6691e5d640877d64678fe016,hotel,75,false,0.08249,0.095622,0.013132,0.002672,0.012064,0.05,0.054396,0.22,0.239846,true,true,true,true,true,true,false,true,true,true
tariff_pricing.20260927T085054Z,tariff_pricing,5,p033-9adc2b66,false,holdout,holdout3,margin,1ebd5d0c83ec4c9dabaf3ba9b2f0c4ba9e7aee71b4e8b1094250785f04c9b6b4,data_center,36,false,0.171954,0.061804,-0.11015,0.02406,0.01403,0.05,0.089578,0.25,0.273079,true,true,true,true,true,true,false,true,true,true
tariff_pricing.20260927T085054Z,tariff_pricing,5,p033-9adc2b66,false,holdout,holdout3,margin,1ebd5d0c83ec4c9dabaf3ba9b2f0c4ba9e7aee71b4e8b1094250785f04c9b6b4,semiconductor_fab,14,true,0.148545,0.183469,0.034924,0.015561,0.034486,0.05,0.075598,0.25,0.30673,true,true,true,true,true,true,false,true,true,true
tariff_pricing.20260927T085054Z,tariff_pricing,5,p033-9adc2b66,false,holdout,holdout3,margin,1ebd5d0c83ec4c9dabaf3ba9b2f0c4ba9e7aee71b4e8b1094250785f04c9b6b4,auto_parts,170,false,0.111171,0.13294,0.021769,0.003893,0.012626,0.05,0.056404,0.25,0.27077,true,true,true,true,true,true,false,true,true,true
tariff_pricing.20260927T085054Z,tariff_pricing,5,p033-9adc2b66,false,holdout,holdout3,margin,1ebd5d0c83ec4c9dabaf3ba9b2f0c4ba9e7aee71b4e8b1094250785f04c9b6b4,cold_storage,90,false,0.080001,0.061916,-0.018085,0.005613,0.009241,0.05,0.059233,0.25,0.265202,true,true,true,true,true,true,false,true,true,true
tariff_pricing.20260927T085054Z,tariff_pricing,5,p033-9adc2b66,false,holdout,holdout3,margin,1ebd5d0c83ec4c9dabaf3ba9b2f0c4ba9e7aee71b4e8b1094250785f04c9b6b4,office,300,false,0.089059,0.107526,0.018467,0.001943,0.006984,0.05,0.053196,0.25,0.261489,true,true,true,true,true,true,false,true,true,true
tariff_pricing.20260927T085054Z,tariff_pricing,5,p033-9adc2b66,false,holdout,holdout3,margin,1ebd5d0c83ec4c9dabaf3ba9b2f0c4ba9e7aee71b4e8b1094250785f04c9b6b4,retail_chain,190,false,0.111988,0.10623,-0.005759,0.003856,0.00934,0.05,0.056342,0.25,0.265364,true,true,true,true,true,true,false,true,true,true
tariff_pricing.20260927T085054Z,tariff_pricing,5,p033-9adc2b66,false,holdout,holdout3,margin,1ebd5d0c83ec4c9dabaf3ba9b2f0c4ba9e7aee71b4e8b1094250785f04c9b6b4,hospital,80,false,0.082087,0.085247,0.00316,0.00111,0.011138,0.05,0.051826,0.25,0.268321,true,true,true,true,true,true,false,true,true,true
tariff_pricing.20260927T085054Z,tariff_pricing,5,p033-9adc2b66,false,holdout,holdout3,margin,1ebd5d0c83ec4c9dabaf3ba9b2f0c4ba9e7aee71b4e8b1094250785f04c9b6b4,water_utility,45,false,0.134247,0.109046,-0.025201,0.00474,0.016494,0.05,0.057796,0.25,0.277133,true,true,true,true,true,true,false,true,true,true
tariff_pricing.20260927T085054Z,tariff_pricing,5,p033-9adc2b66,false,holdout,holdout3,margin,1ebd5d0c83ec4c9dabaf3ba9b2f0c4ba9e7aee71b4e8b1094250785f04c9b6b4,university,50,false,0.156747,0.201035,0.044287,0.010764,0.028059,0.05,0.067707,0.25,0.296157,true,true,true,true,true,true,false,true,true,true
tariff_pricing.20260927T085054Z,tariff_pricing,5,p033-9adc2b66,false,holdout,holdout3,margin,1ebd5d0c83ec4c9dabaf3ba9b2f0c4ba9e7aee71b4e8b1094250785f04c9b6b4,logistics,150,false,0.095112,0.086353,-0.008759,0.003886,0.008485,0.05,0.056392,0.25,0.263958,true,true,true,true,true,true,false,true,true,true
tariff_pricing.20260927T085054Z,tariff_pricing,5,p033-9adc2b66,false,holdout,holdout3,margin,1ebd5d0c83ec4c9dabaf3ba9b2f0c4ba9e7aee71b4e8b1094250785f04c9b6b4,hotel,75,false,0.075216,0.093988,0.018773,0.005612,0.012165,0.05,0.059231,0.25,0.270011,true,true,true,true,true,true,false,true,true,true
