fold,date,block,tag,kbg_energy_mwh,mean_spot_jpy_kwh,max_spot_jpy_kwh,max_imbalance_jpy_kwh,min_reserve_margin_pct,da_demand_mape_pct
train,2024-04-08,0,normal,17008.2,13.713,27.03,102.56,6.85,2.16
train,2024-04-09,0,normal,16636.3,12.151,16.4,19.02,12.71,1.16
train,2024-04-10,0,normal,16749.5,12.174,17.51,29.53,11.03,1.47
train,2024-04-11,0,normal,16636.4,12.93,16.99,21.7,11.63,0.87
train,2024-04-12,0,normal,16653.5,13.156,15.89,21.46,15.16,1.41
train,2024-04-13,0,normal,13344.8,12.273,15.51,19.46,32.26,2.08
train,2024-04-14,0,normal,13511.9,11.677,16.51,27.94,37.33,0.94
train,2024-04-15,0,normal,16804.7,12.986,17.16,24.02,11.36,0.88
train,2024-05-13,1,normal,17150.9,14.728,23.1,26.91,10.5,2.51
train,2024-05-14,1,normal,17388.8,11.078,15.11,18.33,13.73,3.85
train,2024-05-15,1,normal,16893.1,11.419,15.42,17.03,14.88,0.67
train,2024-05-16,1,normal,17242.2,10.465,17.51,23.96,15.44,4.16
train,2024-05-17,1,normal,17113.8,13.899,17.7,20.44,14.81,3.05
train,2024-05-18,1,normal,13737.6,10.286,15.66,22.95,34.56,1.27
train,2024-05-19,1,normal,13954.5,11.759,14.7,21.72,35.81,1.61
train,2024-05-20,1,normal,16957.1,12.643,16.67,23.2,13.99,1.06
train,2025-03-10,2,normal,17299,15.28,19.65,31.98,22.86,1.28
train,2025-03-11,2,normal,16801,16.597,21.61,40.41,19.52,0.88
train,2025-03-12,2,normal,16689.5,15.402,23.25,33.06,21.3,0.91
train,2025-03-13,2,normal,16841.6,16.669,21.23,26.49,23.39,0.98
train,2025-03-14,2,normal,16924.8,15.687,21.98,28.29,24.16,0.83
train,2025-03-15,2,normal,13887.4,14.828,21.46,30.78,33.97,3.07
train,2025-03-16,2,normal,13751.6,12.039,18.2,24.27,37.9,2.44
train,2025-03-17,2,normal,16850.7,22.384,28.67,40.88,17.91,1.39
train,2024-06-17,3,normal,17552.3,15.269,23.62,31.84,25.43,1.19
train,2024-06-18,3,normal,18038.7,17.06,25.39,43.31,17.52,3.86
train,2024-06-19,3,normal,17895.6,17.467,25.35,33.21,19.2,3.35
train,2024-06-20,3,normal,17644.7,16.157,24.46,27.42,21.4,2.6
train,2024-06-21,3,normal,17720.9,15.994,23.32,53.91,17.13,3.21
train,2024-06-22,3,normal,14481.6,12.504,18.4,21.35,41,0.78
train,2024-06-23,3,normal,14524.3,13.079,18.93,23,32.75,1.22
train,2024-06-24,3,normal,18134.3,16.483,27.17,37.03,13.68,1.64
train,2024-07-22,4,normal,17837.6,14.749,23.36,38.79,49.03,1.2
train,2024-07-23,4,normal,17962.3,13.801,22.42,31.99,44.97,0.65
train,2024-07-24,4,normal,18138.2,14.333,21.05,32.1,36.43,2.3
train,2024-07-25,4,normal,18806.4,19.005,29.75,40,13.31,3.44
train,2024-07-26,4,normal,19373.8,18.885,27.81,43.31,10.21,2.94
train,2024-07-27,4,normal,15426.9,13.638,21.71,29.29,38.53,1.18
train,2024-07-28,4,normal,15933.3,16.748,23.63,26.03,22.4,1.45
train,2024-07-29,4,normal,18972,18.332,26.54,72.7,17.88,1.05
train,2024-08-19,5,normal,17884.9,15.743,23.8,27.49,21.94,0.78
train,2024-08-20,5,normal,18016.9,13.172,18.77,32.52,23.28,3.48
train,2024-08-21,5,normal,17900.2,12.336,18.5,25.44,26.34,1.04
train,2024-08-22,5,normal,17878.5,13.349,21.02,50.49,34.87,0.68
train,2024-08-23,5,normal,18006.4,13.357,18.08,31.91,33.77,0.78
train,2024-08-24,5,normal,14591.1,12.228,18.51,27.99,47.24,1.61
train,2024-08-25,5,normal,14624.9,13.947,20.06,44.67,45.12,3.46
train,2024-08-26,5,normal,18020.4,15.444,24.02,22.67,18.68,2.37
train,2024-09-16,6,normal,14856.7,15.175,21.1,35.72,39.88,0.95
train,2024-09-17,6,normal,17739.8,15.33,25.05,29.91,33.7,2.53
train,2024-09-18,6,normal,17686.6,13.686,21.24,27.43,39.4,4.68
train,2024-09-19,6,normal,17498.6,12.71,22.34,26.59,29.96,5.19
train,2024-09-20,6,normal,17928.2,15.876,24.45,34.25,23.79,4.63
train,2024-09-21,6,normal,14835.1,12.714,17.75,28.65,39.71,1.7
train,2024-09-22,6,normal,14756.9,11.79,19.7,27.53,43.38,1.5
train,2024-09-23,6,normal,15135.4,15.329,22.9,30.7,46.16,2.96
train,2024-10-14,7,normal,14013.2,16.719,24.01,32.08,40.31,1.3
train,2024-10-15,7,normal,16734.9,13.222,17.61,20.3,23.36,3.01
train,2024-10-16,7,normal,17100.5,18.539,25.01,39.59,23.36,0.51
train,2024-10-17,7,normal,16649.7,13.631,18.36,23.63,25.71,2.76
train,2024-10-18,7,normal,16689.2,14.349,21.95,28.08,23.88,2.02
train,2024-10-19,7,normal,13688.5,12.992,18.84,21.11,40.76,1.01
train,2024-10-20,7,normal,13781.3,12.317,16.12,21.44,42.83,1.31
train,2024-10-21,7,normal,17092.4,14.161,17.68,41.78,24.45,1.54
train,2024-11-11,8,normal,16742.3,14.289,19.2,27.44,20.3,2.64
train,2024-11-12,8,normal,16892.7,12.26,18.32,25.34,23.86,1.03
train,2024-11-13,8,normal,16868.4,12.783,19.11,20.38,29.69,1.32
train,2024-11-14,8,normal,16907.2,13.503,18.8,23.32,23,1.61
train,2024-11-15,8,normal,16717.7,14.61,20.16,21.89,21.88,3.71
train,2024-11-16,8,normal,14119.9,12.712,16.96,22.84,46.07,0.78
train,2024-11-17,8,normal,14002.2,12.263,17.09,34.52,42.1,1.97
train,2024-11-18,8,normal,16840.3,12.115,19.12,20.97,22.16,3.58
train,2024-12-09,9,normal,17433.3,11.238,14.02,17.02,25.43,1.77
train,2024-12-10,9,normal,17389.1,10.938,15.3,20.6,25.23,1.54
train,2024-12-11,9,normal,17645.8,12.923,17.4,22.07,14.16,1.1
train,2024-12-12,9,normal,17141.9,11.733,15.15,20.41,21.76,1.79
train,2024-12-13,9,normal,17855.4,12.02,17.33,19.12,19.38,4.42
train,2024-12-14,9,normal,14482.8,11.772,16.09,19.12,32.45,3.13
train,2024-12-15,9,normal,13979,11.101,14.51,19.09,43.67,1.03
train,2024-12-16,9,normal,17515.2,13.1,17.52,20.84,17.05,1.18
train,2025-01-20,10,normal,17435.5,17.788,21.49,26.05,27.97,1.13
train,2025-01-21,10,normal,17269.5,13.26,18.66,37.37,25.65,1.5
train,2025-01-22,10,normal,17077.7,11.993,15.8,22.43,33.67,2.53
train,2025-01-23,10,normal,17379.4,13.031,15.93,21.25,28.67,2.45
train,2025-01-24,10,normal,17175.4,12.557,18.62,24.96,30.6,2
train,2025-01-25,10,normal,13734.5,13.402,16.96,26.04,38.94,2.38
train,2025-01-26,10,normal,14214,12.134,16.39,27.58,33.62,0.76
train,2025-01-27,10,normal,17910.1,14.254,19.53,32.9,14.6,2.8
train,2025-02-03,11,normal,17488.5,13.497,19.76,20.98,10.29,2.8
train,2025-02-04,11,normal,17683,16.985,35.34,126.96,5.92,1.26
train,2025-02-05,11,normal,17385.1,17.831,32.54,105.49,5.87,3.56
train,2025-02-06,11,normal,17211.4,14.34,22.24,40.3,8.84,1.78
train,2025-02-07,11,normal,17508.5,12.361,15.98,30.03,14.36,1.3
train,2025-02-08,11,normal,13871.3,12.083,15.42,23.77,29.47,1.75
train,2025-02-09,11,normal,13602.3,10.705,14.95,19,33.38,2.9
train,2025-02-10,11,normal,17644.3,12.344,16.47,26.83,13.51,1.48
holdout,2025-04-14,0,normal,17041.7,12.282,16.45,20.45,14.41,2.79
holdout,2025-04-15,0,normal,16791,12.323,16.03,21.13,14.08,0.92
holdout,2025-04-16,0,normal,16848.1,12.346,17.3,21.86,11.28,0.56
holdout,2025-04-17,0,normal,16724.8,10.724,16.25,33.21,10.55,1.32
holdout,2025-04-18,0,normal,16597.6,11.644,15.5,22.45,15.26,1.72
holdout,2025-04-19,0,normal,13817.6,10.308,13.67,19.39,34.91,0.8
holdout,2025-04-20,0,normal,13631,8.231,15.06,16.88,40.25,2.55
holdout,2025-04-21,0,normal,16620.8,10.575,15.49,23.05,15.13,1.33
holdout,2025-05-19,1,normal,16727.5,11.563,15.21,15.79,21.76,1.92
holdout,2025-05-20,1,normal,16989,12.353,16.56,18.5,20.14,1.47
holdout,2025-05-21,1,normal,16996.9,11.398,15.57,22.59,19.76,0.61
holdout,2025-05-22,1,normal,16923.6,10.09,15.43,15.48,17.57,0.59
holdout,2025-05-23,1,normal,16804.6,12.244,15.16,15.01,17.69,0.9
holdout,2025-05-24,1,normal,13931,10.289,12.71,15.11,37,2.28
holdout,2025-05-25,1,normal,13672,10.837,17.83,20.27,42.52,0.98
holdout,2025-05-26,1,normal,16859.2,10.818,15.21,16.06,17.92,1.75
holdout,2026-03-09,2,normal,16749.7,15.577,23.61,28.95,11.41,3.31
holdout,2026-03-10,2,normal,17449,22.314,31.43,44.09,10.33,3.33
holdout,2026-03-11,2,normal,17247.7,15.285,22.7,25.69,10.59,1.17
holdout,2026-03-12,2,normal,17193.2,14.958,18.62,23.63,16.28,1.83
holdout,2026-03-13,2,normal,16926.2,12.976,17.45,22.75,20.98,3.27
holdout,2026-03-14,2,normal,13412.5,12.002,17.61,28.35,37.47,1.73
holdout,2026-03-15,2,normal,13421.7,11.684,17.59,18.41,40.99,2.23
holdout,2026-03-16,2,normal,16648.4,12.025,16.85,19.69,25.95,1.54
holdout,2025-06-23,3,normal,17774.2,13.14,21.87,27.72,29.88,0.74
holdout,2025-06-24,3,normal,17788.2,13.787,19.57,26.15,27.33,1.07
holdout,2025-06-25,3,normal,17316.4,10.547,16.4,24.14,32.11,2.52
holdout,2025-06-26,3,normal,17291.4,10.582,17.66,27.27,29.49,0.53
holdout,2025-06-27,3,normal,17572.6,10.538,15.46,16.31,33.28,1.45
holdout,2025-06-28,3,normal,14294.7,9.849,14.27,13.03,53.22,1.28
holdout,2025-06-29,3,normal,14619.4,11.84,16.56,20.36,43.39,1.44
holdout,2025-06-30,3,normal,17975.7,13.102,19.75,31.36,25.81,1.16
holdout,2025-07-30,4,normal,18854.8,14.818,24.11,36.83,17.49,1.33
holdout,2025-07-31,4,normal,18732.8,15.062,27.05,26,15.63,1.2
holdout,2025-08-01,4,normal,18864.6,15.907,23.78,27.31,9.82,0.71
holdout,2025-08-02,4,normal,16162.5,15.276,24.04,36.34,10.83,1.01
holdout,2025-08-03,4,normal,15462.2,12.567,19.8,21.01,20.75,2.09
holdout,2025-08-04,4,normal,18873.6,15.525,37.42,99.45,7.11,1.44
holdout,2025-08-05,4,normal,19377,17.251,40.61,111.79,6.15,1.75
holdout,2025-08-06,4,normal,18745.5,14.99,34.8,82.71,6.7,2.19
holdout,2025-08-18,5,normal,17588.8,12.506,18.09,17.96,26.56,3.39
holdout,2025-08-19,5,normal,18848.2,15.494,23.22,38.74,14.21,1.43
holdout,2025-08-20,5,normal,18842.4,14.476,24.7,22.25,10.78,5.76
holdout,2025-08-21,5,normal,18657.4,13.326,23.85,36.27,17.56,1.15
holdout,2025-08-22,5,normal,18625.1,14,21.82,25.61,18.42,0.95
holdout,2025-08-23,5,normal,15241.2,12.053,19.28,27.03,34.88,0.91
holdout,2025-08-24,5,normal,14638.6,11.498,17.36,34.17,52.87,1.68
holdout,2025-08-25,5,normal,18178.1,12.191,18.93,19.58,28.25,2.75
holdout,2025-09-15,6,normal,14542.8,12.418,17.34,20.87,56.75,1.72
holdout,2025-09-16,6,normal,17968.5,14.957,23.47,30.53,22.34,3.69
holdout,2025-09-17,6,normal,17911.1,15.822,22.35,33.41,21.15,1.15
holdout,2025-09-18,6,normal,18154.1,17.553,25.99,42.83,30.4,1.36
holdout,2025-09-19,6,normal,17667.6,13.084,19.3,30.94,40.69,0.53
holdout,2025-09-20,6,normal,14578.1,11.885,17.33,15.36,60.99,2.67
holdout,2025-09-21,6,normal,14752.3,11.173,16.24,19.29,55.51,1.08
holdout,2025-09-22,6,normal,18164.8,13.395,19.08,35.98,31.65,1.92
holdout,2025-10-20,7,normal,16616.1,14.045,19.03,21.5,21.49,3.87
holdout,2025-10-21,7,normal,16743.9,13.862,20.95,25.9,22.22,0.91
holdout,2025-10-22,7,normal,17007.6,13.358,21.24,22.98,19.58,0.68
holdout,2025-10-23,7,normal,17354.6,15.179,20.59,23.16,20.22,0.92
holdout,2025-10-24,7,normal,17439,13.195,18.97,25.59,16.22,1.72
holdout,2025-10-25,7,normal,14337.7,10.259,15.59,26.29,39.75,1.75
holdout,2025-10-26,7,normal,13780.4,11.027,15.91,19.71,38.86,1.25
holdout,2025-10-27,7,normal,17384.9,14.352,18.28,20.96,16.43,0.94
holdout,2025-11-17,8,normal,17088.7,11.294,15.91,20.81,23.38,0.67
holdout,2025-11-18,8,normal,17206.9,12.356,19.1,21.19,21.17,0.53
holdout,2025-11-19,8,normal,16872.4,14.8,22.48,26.58,21.87,2.09
holdout,2025-11-20,8,normal,17484.8,12.479,17.11,25.78,21.79,1.48
holdout,2025-11-21,8,normal,17137.3,11.783,16.19,16.38,21.87,1.52
holdout,2025-11-22,8,normal,13684.6,10.138,12.72,14.34,46.25,1.96
holdout,2025-11-23,8,normal,13727.1,10.857,14.6,19.82,43.42,1
holdout,2025-11-24,8,normal,13930.3,10.266,13.51,16.12,43.71,3.85
holdout,2025-12-15,9,normal,17631.9,14.221,22.96,48.49,8.35,3.49
holdout,2025-12-16,9,normal,17402.2,12.145,15.4,17.95,13.56,3.69
holdout,2025-12-17,9,normal,17654.5,12.578,15.9,19.81,14.59,1.83
holdout,2025-12-18,9,normal,17917.2,11.103,14.54,15.34,16,2.46
holdout,2025-12-19,9,normal,17129.4,12.036,19.06,38.67,8.74,3.21
holdout,2025-12-20,9,normal,13987.8,10.195,13.6,18.21,31.39,1.54
holdout,2025-12-21,9,normal,14195.8,10.203,13.66,16.96,38.1,2.66
holdout,2025-12-22,9,normal,17496,12.283,17.67,15.02,10.63,0.76
holdout,2026-01-26,10,normal,17546.9,13.194,16.89,21.11,22.61,0.41
holdout,2026-01-27,10,normal,17251.7,12.3,16.99,20.41,27.4,1.37
holdout,2026-01-28,10,normal,17500.1,11.797,14.69,17.69,27.66,3.1
holdout,2026-01-29,10,normal,17690.7,13.628,18.24,22.05,22.61,3.62
holdout,2026-01-30,10,normal,17564.9,14.074,18.11,22.7,17.79,2.03
holdout,2026-01-31,10,normal,14324.3,12.537,19.6,32.69,29.19,0.66
holdout,2026-02-01,10,normal,13688.9,9.755,13.23,22.98,40.88,2.37
holdout,2026-02-02,10,normal,17244.4,10.945,16,23.67,10.66,0.85
holdout,2026-02-05,11,normal,17341,11.885,16.43,30.25,12.9,1.14
holdout,2026-02-06,11,normal,17224.1,11.881,15.09,22.32,18.59,2.44
holdout,2026-02-07,11,normal,13799,15.182,18.97,30.35,29.28,3.69
holdout,2026-02-08,11,normal,14146.8,10.538,13.98,23.84,28.96,0.93
holdout,2026-02-09,11,normal,17157.8,12.422,16.37,21.71,15.37,0.88
holdout,2026-02-10,11,normal,16913,11.797,15.76,18.47,16.21,0.59
holdout,2026-02-11,11,normal,13928.7,9.765,13.42,13.01,35.7,1.05
holdout,2026-02-12,11,normal,17056.4,11.494,16.62,20.86,13.89,0.78
holdout,2026-07-28,12,stress_heat_dome,20878.1,133.828,259.86,259.86,4.36,1
holdout,2026-07-29,12,stress_heat_dome,20557.4,109.884,217.64,217.64,10.1,1.04
holdout,2026-07-30,12,stress_heat_dome,19664.9,102.212,176.34,200,18.88,2.02
holdout,2026-07-31,12,stress_heat_dome,19836.7,118.983,181.33,200,16.19,3.34
holdout,2026-08-01,12,stress_heat_dome,15661.9,88.24,135.36,200,33.34,1.32
holdout,2026-08-02,12,stress_heat_dome,15239.9,72.256,118.45,186.83,34.55,2.08
holdout,2026-08-03,12,stress_heat_dome,19325.4,89.551,192.76,200,8.65,2.3
holdout,2026-08-04,12,stress_heat_dome,19882.4,110.697,257.69,257.69,4.1,2.27
holdout,2027-01-15,13,stress_cold_snap_lng,18442.9,202.213,260,300,-0.15,1.19
holdout,2027-01-16,13,stress_cold_snap_lng,14491.9,153.165,217.57,217.57,16.36,1.85
holdout,2027-01-17,13,stress_cold_snap_lng,14470.5,169.071,228.68,228.68,18.98,1.15
holdout,2027-01-18,13,stress_cold_snap_lng,18327.4,191.114,260,260,2.42,1.21
holdout,2027-01-19,13,stress_cold_snap_lng,17790.3,198.558,260,260,2.91,1.77
holdout,2027-01-20,13,stress_cold_snap_lng,18164.1,198.79,260,260,4.32,1.1
holdout,2027-01-21,13,stress_cold_snap_lng,18145,201.307,259.95,259.95,6.63,0.65
holdout,2027-01-22,13,stress_cold_snap_lng,18494.2,215.046,259.77,259.77,8.5,1.51
