date,compressor_id,runtime_h,energy_kwh,air_nm3,specific_power_kw_per_nm3min,avg_load_pct,header_pressure_mpa
2026-06-01,AC-01,24.0,5901.186,58665.6,6.035,97.0,0.664
2026-06-01,AC-02,24.0,6031.605,58665.6,6.169,97.0,0.664
2026-06-01,AC-03,24.0,5966.083,58665.6,6.102,97.0,0.664
2026-06-01,AC-04,24.0,6093.762,58665.6,6.232,97.0,0.664
2026-06-01,AC-05,24.0,1620.503,14553.6,6.681,24.063,0.664
2026-06-01,AC-06,0.0,0.0,0.0,0.0,0.0,0.664
2026-06-02,AC-01,24.0,5892.532,58665.6,6.027,97.0,0.664
2026-06-02,AC-02,24.0,5963.532,58665.6,6.099,97.0,0.664
2026-06-02,AC-03,24.0,5971.167,58665.6,6.107,97.0,0.664
2026-06-02,AC-04,24.0,6088.646,58665.6,6.227,97.0,0.664
2026-06-02,AC-05,24.0,1611.824,14553.6,6.645,24.063,0.664
2026-06-02,AC-06,0.0,0.0,0.0,0.0,0.0,0.664
2026-06-03,AC-01,24.0,5910.772,58665.6,6.045,97.0,0.664
2026-06-03,AC-02,24.0,5971.761,58665.6,6.108,97.0,0.664
2026-06-03,AC-03,24.0,5964.062,58665.6,6.1,97.0,0.664
2026-06-03,AC-04,24.0,6095.466,58665.6,6.234,97.0,0.664
2026-06-03,AC-05,24.0,1623.1,14553.6,6.692,24.063,0.664
2026-06-03,AC-06,0.0,0.0,0.0,0.0,0.0,0.664
2026-06-04,AC-01,24.0,5911.052,58665.6,6.046,97.0,0.664
2026-06-04,AC-02,24.0,5982.233,58665.6,6.118,97.0,0.664
2026-06-04,AC-03,24.0,5970.093,58665.6,6.106,97.0,0.664
2026-06-04,AC-04,24.0,6118.418,58665.6,6.258,97.0,0.664
2026-06-04,AC-05,24.0,1616.492,14553.6,6.664,24.063,0.664
2026-06-04,AC-06,0.0,0.0,0.0,0.0,0.0,0.664
2026-06-05,AC-01,24.0,5886.91,58665.6,6.021,97.0,0.664
2026-06-05,AC-02,24.0,5984.627,58665.6,6.121,97.0,0.664
2026-06-05,AC-03,24.0,5972.012,58665.6,6.108,97.0,0.664
2026-06-05,AC-04,24.0,6108.926,58665.6,6.248,97.0,0.664
2026-06-05,AC-05,24.0,1618.723,14553.6,6.673,24.063,0.664
2026-06-05,AC-06,0.0,0.0,0.0,0.0,0.0,0.664
2026-06-06,AC-01,24.0,4904.579,48597.12,6.055,80.352,0.664
2026-06-06,AC-02,24.0,4951.57,48597.12,6.113,80.352,0.664
2026-06-06,AC-03,24.0,4949.345,48597.12,6.111,80.352,0.664
2026-06-06,AC-04,24.0,5046.458,48597.12,6.231,80.352,0.664
2026-06-06,AC-05,0.0,0.0,0.0,0.0,0.0,0.664
2026-06-06,AC-06,0.0,0.0,0.0,0.0,0.0,0.664
2026-06-07,AC-01,24.0,4277.688,42366.72,6.058,70.051,0.664
2026-06-07,AC-02,24.0,4308.911,42366.72,6.102,70.051,0.664
2026-06-07,AC-03,24.0,4295.476,42366.72,6.083,70.051,0.664
2026-06-07,AC-04,24.0,4406.663,42366.72,6.241,70.051,0.664
2026-06-07,AC-05,0.0,0.0,0.0,0.0,0.0,0.664
2026-06-07,AC-06,0.0,0.0,0.0,0.0,0.0,0.664
2026-06-08,AC-01,24.0,5913.96,58665.6,6.048,97.0,0.664
2026-06-08,AC-02,24.0,5968.562,58665.6,6.104,97.0,0.664
2026-06-08,AC-03,24.0,5928.101,58665.6,6.063,97.0,0.664
2026-06-08,AC-04,24.0,6106.789,58665.6,6.246,97.0,0.664
2026-06-08,AC-05,24.0,1615.692,14553.6,6.661,24.063,0.664
2026-06-08,AC-06,0.0,0.0,0.0,0.0,0.0,0.664
2026-06-09,AC-01,24.0,5905.84,58665.6,6.04,97.0,0.664
2026-06-09,AC-02,24.0,6000.518,58665.6,6.137,97.0,0.664
2026-06-09,AC-03,24.0,5973.915,58665.6,6.11,97.0,0.664
2026-06-09,AC-04,24.0,6096.96,58665.6,6.236,97.0,0.664
2026-06-09,AC-05,24.0,1621.389,14553.6,6.684,24.063,0.664
2026-06-09,AC-06,0.0,0.0,0.0,0.0,0.0,0.664
2026-06-10,AC-01,24.0,5882.207,58665.6,6.016,97.0,0.664
2026-06-10,AC-02,24.0,5985.536,58665.6,6.122,97.0,0.664
2026-06-10,AC-03,24.0,5949.978,58665.6,6.085,97.0,0.664
2026-06-10,AC-04,24.0,6108.21,58665.6,6.247,97.0,0.664
2026-06-10,AC-05,24.0,1616.508,14553.6,6.664,24.063,0.664
2026-06-10,AC-06,0.0,0.0,0.0,0.0,0.0,0.664
2026-06-11,AC-01,24.0,5908.913,58665.6,6.043,97.0,0.664
2026-06-11,AC-02,24.0,6008.711,58665.6,6.145,97.0,0.664
2026-06-11,AC-03,24.0,5970.001,58665.6,6.106,97.0,0.664
2026-06-11,AC-04,24.0,6118.055,58665.6,6.257,97.0,0.664
2026-06-11,AC-05,24.0,1618.462,14553.6,6.672,24.063,0.664
2026-06-11,AC-06,0.0,0.0,0.0,0.0,0.0,0.664
2026-06-12,AC-01,24.0,5916.673,58665.6,6.051,97.0,0.664
2026-06-12,AC-02,24.0,5995.982,58665.6,6.132,97.0,0.664
2026-06-12,AC-03,24.0,5945.451,58665.6,6.081,97.0,0.664
2026-06-12,AC-04,24.0,6078.958,58665.6,6.217,97.0,0.664
2026-06-12,AC-05,24.0,1625.44,14553.6,6.701,24.063,0.664
2026-06-12,AC-06,0.0,0.0,0.0,0.0,0.0,0.664
2026-06-13,AC-01,24.0,4884.43,48597.12,6.031,80.352,0.664
2026-06-13,AC-02,24.0,4968.129,48597.12,6.134,80.352,0.664
2026-06-13,AC-03,24.0,4927.111,48597.12,6.083,80.352,0.664
2026-06-13,AC-04,24.0,5089.065,48597.12,6.283,80.352,0.664
2026-06-13,AC-05,0.0,0.0,0.0,0.0,0.0,0.664
2026-06-13,AC-06,0.0,0.0,0.0,0.0,0.0,0.664
2026-06-14,AC-01,24.0,4260.553,42366.72,6.034,70.051,0.664
2026-06-14,AC-02,24.0,4323.301,42366.72,6.123,70.051,0.664
2026-06-14,AC-03,24.0,4296.284,42366.72,6.084,70.051,0.664
2026-06-14,AC-04,24.0,4418.773,42366.72,6.258,70.051,0.664
2026-06-14,AC-05,0.0,0.0,0.0,0.0,0.0,0.664
2026-06-14,AC-06,0.0,0.0,0.0,0.0,0.0,0.664
2026-06-15,AC-01,24.0,5892.292,58665.6,6.026,97.0,0.664
2026-06-15,AC-02,24.0,5977.029,58665.6,6.113,97.0,0.664
2026-06-15,AC-03,24.0,5939.677,58665.6,6.075,97.0,0.664
2026-06-15,AC-04,24.0,6135.844,58665.6,6.275,97.0,0.663
2026-06-15,AC-05,24.0,1613.446,14553.6,6.652,24.063,0.664
2026-06-15,AC-06,0.0,0.0,0.0,0.0,0.0,0.664
2026-06-16,AC-01,24.0,5888.671,58665.6,6.023,97.0,0.664
2026-06-16,AC-02,24.0,6006.162,58665.6,6.143,97.0,0.664
2026-06-16,AC-03,24.0,5959.382,58665.6,6.095,97.0,0.664
2026-06-16,AC-04,24.0,6119.976,58665.6,6.259,97.0,0.663
2026-06-16,AC-05,24.0,1629.405,14553.6,6.718,24.063,0.664
2026-06-16,AC-06,0.0,0.0,0.0,0.0,0.0,0.664
2026-06-17,AC-01,24.0,5898.969,58665.6,6.033,97.0,0.664
2026-06-17,AC-02,24.0,5973.45,58665.6,6.109,97.0,0.664
2026-06-17,AC-03,24.0,5952.563,58665.6,6.088,97.0,0.664
2026-06-17,AC-04,24.0,6137.973,58665.6,6.278,97.0,0.663
2026-06-17,AC-05,24.0,1619.689,14553.6,6.677,24.063,0.664
2026-06-17,AC-06,0.0,0.0,0.0,0.0,0.0,0.664
2026-06-18,AC-01,24.0,5911.469,58665.6,6.046,97.0,0.664
2026-06-18,AC-02,24.0,5972.94,58665.6,6.109,97.0,0.664
2026-06-18,AC-03,24.0,5951.85,58665.6,6.087,97.0,0.664
2026-06-18,AC-04,24.0,6185.021,58665.6,6.326,97.0,0.663
2026-06-18,AC-05,24.0,1612.651,14553.6,6.648,24.063,0.664
2026-06-18,AC-06,0.0,0.0,0.0,0.0,0.0,0.664
2026-06-19,AC-01,24.0,5942.455,58665.6,6.078,97.0,0.664
2026-06-19,AC-02,24.0,5981.832,58665.6,6.118,97.0,0.664
2026-06-19,AC-03,24.0,5990.374,58665.6,6.127,97.0,0.664
2026-06-19,AC-04,24.0,6128.575,58665.6,6.268,97.0,0.663
2026-06-19,AC-05,24.0,1615.333,14553.6,6.66,24.063,0.664
2026-06-19,AC-06,0.0,0.0,0.0,0.0,0.0,0.664
2026-06-20,AC-01,24.0,4883.629,48597.12,6.03,80.352,0.664
2026-06-20,AC-02,24.0,4977.258,48597.12,6.145,80.352,0.664
2026-06-20,AC-03,24.0,4943.731,48597.12,6.104,80.352,0.664
2026-06-20,AC-04,24.0,5098.728,48597.12,6.295,80.352,0.663
2026-06-20,AC-05,0.0,0.0,0.0,0.0,0.0,0.664
2026-06-20,AC-06,0.0,0.0,0.0,0.0,0.0,0.664
2026-06-21,AC-01,24.0,4264.108,42366.72,6.039,70.051,0.664
2026-06-21,AC-02,24.0,4339.248,42366.72,6.145,70.051,0.664
2026-06-21,AC-03,24.0,4292.116,42366.72,6.079,70.051,0.664
2026-06-21,AC-04,24.0,4452.138,42366.72,6.305,70.051,0.663
2026-06-21,AC-05,0.0,0.0,0.0,0.0,0.0,0.664
2026-06-21,AC-06,0.0,0.0,0.0,0.0,0.0,0.664
2026-06-22,AC-01,24.0,5888.803,58665.6,6.023,97.0,0.664
2026-06-22,AC-02,24.0,5989.92,58665.6,6.126,97.0,0.664
2026-06-22,AC-03,24.0,5974.222,58665.6,6.11,97.0,0.664
2026-06-22,AC-04,24.0,6144.936,58665.6,6.285,97.0,0.663
2026-06-22,AC-05,24.0,1617.647,14553.6,6.669,24.063,0.664
2026-06-22,AC-06,0.0,0.0,0.0,0.0,0.0,0.664
2026-06-23,AC-01,24.0,5917.334,58665.6,6.052,97.0,0.664
2026-06-23,AC-02,24.0,5983.966,58665.6,6.12,97.0,0.664
2026-06-23,AC-03,24.0,5951.545,58665.6,6.087,97.0,0.664
2026-06-23,AC-04,24.0,6186.594,58665.6,6.327,97.0,0.663
2026-06-23,AC-05,24.0,1617.241,14553.6,6.667,24.063,0.664
2026-06-23,AC-06,0.0,0.0,0.0,0.0,0.0,0.664
2026-06-24,AC-01,24.0,5906.502,58665.6,6.041,97.0,0.664
2026-06-24,AC-02,24.0,5984.792,58665.6,6.121,97.0,0.664
2026-06-24,AC-03,24.0,5938.775,58665.6,6.074,97.0,0.664
2026-06-24,AC-04,24.0,6189.252,58665.6,6.33,97.0,0.663
2026-06-24,AC-05,24.0,1618.191,14553.6,6.671,24.063,0.664
2026-06-24,AC-06,0.0,0.0,0.0,0.0,0.0,0.664
2026-06-25,AC-01,24.0,5915.311,58665.6,6.05,97.0,0.664
2026-06-25,AC-02,24.0,5992.26,58665.6,6.129,97.0,0.664
2026-06-25,AC-03,24.0,5966.229,58665.6,6.102,97.0,0.664
2026-06-25,AC-04,24.0,6132.257,58665.6,6.272,97.0,0.663
2026-06-25,AC-05,24.0,1622.551,14553.6,6.689,24.063,0.664
2026-06-25,AC-06,0.0,0.0,0.0,0.0,0.0,0.664
2026-06-26,AC-01,24.0,5882.309,58665.6,6.016,97.0,0.664
2026-06-26,AC-02,24.0,6004.059,58665.6,6.141,97.0,0.664
2026-06-26,AC-03,24.0,5985.275,58665.6,6.121,97.0,0.664
2026-06-26,AC-04,24.0,6159.261,58665.6,6.299,97.0,0.663
2026-06-26,AC-05,24.0,1620.022,14553.6,6.679,24.063,0.664
2026-06-26,AC-06,0.0,0.0,0.0,0.0,0.0,0.664
2026-06-27,AC-01,24.0,4917.81,48597.12,6.072,80.352,0.664
2026-06-27,AC-02,24.0,4955.988,48597.12,6.119,80.352,0.664
2026-06-27,AC-03,24.0,4949.681,48597.12,6.111,80.352,0.664
2026-06-27,AC-04,24.0,5131.246,48597.12,6.335,80.352,0.663
2026-06-27,AC-05,0.0,0.0,0.0,0.0,0.0,0.664
2026-06-27,AC-06,0.0,0.0,0.0,0.0,0.0,0.664
2026-06-28,AC-01,24.0,4268.028,42366.72,6.044,70.051,0.664
2026-06-28,AC-02,24.0,4294.827,42366.72,6.082,70.051,0.664
2026-06-28,AC-03,24.0,4303.403,42366.72,6.095,70.051,0.664
2026-06-28,AC-04,24.0,4492.975,42366.72,6.363,70.051,0.663
2026-06-28,AC-05,0.0,0.0,0.0,0.0,0.0,0.664
2026-06-28,AC-06,0.0,0.0,0.0,0.0,0.0,0.664
2026-06-29,AC-01,24.0,5907.71,58665.6,6.042,97.0,0.664
2026-06-29,AC-02,24.0,6007.805,58665.6,6.144,97.0,0.664
2026-06-29,AC-03,24.0,5959.503,58665.6,6.095,97.0,0.664
2026-06-29,AC-04,24.0,6193.432,58665.6,6.334,97.0,0.663
2026-06-29,AC-05,24.0,1616.392,14553.6,6.664,24.063,0.664
2026-06-29,AC-06,0.0,0.0,0.0,0.0,0.0,0.664
2026-06-30,AC-01,24.0,5884.06,58665.6,6.018,97.0,0.664
2026-06-30,AC-02,24.0,6020.412,58665.6,6.157,97.0,0.664
2026-06-30,AC-03,24.0,5955.462,58665.6,6.091,97.0,0.664
2026-06-30,AC-04,24.0,6216.275,58665.6,6.358,97.0,0.663
2026-06-30,AC-05,24.0,1615.383,14553.6,6.66,24.063,0.664
2026-06-30,AC-06,0.0,0.0,0.0,0.0,0.0,0.664
2026-07-01,AC-01,24.0,5909.324,58665.6,6.044,97.0,0.664
2026-07-01,AC-02,24.0,6020.321,58665.6,6.157,97.0,0.664
2026-07-01,AC-03,24.0,5963.105,58665.6,6.099,97.0,0.664
2026-07-01,AC-04,24.0,6204.759,58665.6,6.346,97.0,0.663
2026-07-01,AC-05,24.0,1614.343,14553.6,6.655,24.063,0.664
2026-07-01,AC-06,0.0,0.0,0.0,0.0,0.0,0.664
2026-07-02,AC-01,24.0,5905.038,58665.6,6.039,97.0,0.664
2026-07-02,AC-02,24.0,6017.566,58665.6,6.154,97.0,0.664
2026-07-02,AC-03,24.0,5958.597,58665.6,6.094,97.0,0.664
2026-07-02,AC-04,24.0,6200.268,58665.6,6.341,97.0,0.663
2026-07-02,AC-05,24.0,1612.944,14553.6,6.65,24.063,0.664
2026-07-02,AC-06,0.0,0.0,0.0,0.0,0.0,0.664
2026-07-03,AC-01,24.0,5872.44,58665.6,6.006,97.0,0.664
2026-07-03,AC-02,24.0,6045.554,58665.6,6.183,97.0,0.664
2026-07-03,AC-03,24.0,5953.432,58665.6,6.089,97.0,0.664
2026-07-03,AC-04,24.0,6204.862,58665.6,6.346,97.0,0.663
2026-07-03,AC-05,24.0,1624.118,14553.6,6.696,24.063,0.664
2026-07-03,AC-06,0.0,0.0,0.0,0.0,0.0,0.664
2026-07-04,AC-01,24.0,4877.855,48597.12,6.022,80.352,0.664
2026-07-04,AC-02,24.0,4963.628,48597.12,6.128,80.352,0.664
2026-07-04,AC-03,24.0,4937.757,48597.12,6.096,80.352,0.664
2026-07-04,AC-04,24.0,5132.483,48597.12,6.337,80.352,0.663
2026-07-04,AC-05,0.0,0.0,0.0,0.0,0.0,0.664
2026-07-04,AC-06,0.0,0.0,0.0,0.0,0.0,0.664
2026-07-05,AC-01,24.0,4283.165,42366.72,6.066,70.051,0.664
2026-07-05,AC-02,24.0,4323.115,42366.72,6.122,70.051,0.664
2026-07-05,AC-03,24.0,4329.635,42366.72,6.132,70.051,0.664
2026-07-05,AC-04,24.0,4498.875,42366.72,6.371,70.051,0.663
2026-07-05,AC-05,0.0,0.0,0.0,0.0,0.0,0.664
2026-07-05,AC-06,0.0,0.0,0.0,0.0,0.0,0.664
2026-07-06,AC-01,24.0,5887.196,58665.6,6.021,97.0,0.664
2026-07-06,AC-02,24.0,5963.316,58665.6,6.099,97.0,0.664
2026-07-06,AC-03,24.0,5986.936,58665.6,6.123,97.0,0.664
2026-07-06,AC-04,24.0,6242.897,58665.6,6.385,97.0,0.663
2026-07-06,AC-05,24.0,1619.353,14553.6,6.676,24.063,0.664
2026-07-06,AC-06,0.0,0.0,0.0,0.0,0.0,0.664
2026-07-07,AC-01,24.0,5904.817,58665.6,6.039,97.0,0.664
2026-07-07,AC-02,24.0,5991.813,58665.6,6.128,97.0,0.664
2026-07-07,AC-03,24.0,5986.922,58665.6,6.123,97.0,0.664
2026-07-07,AC-04,24.0,6249.539,58665.6,6.392,97.0,0.663
2026-07-07,AC-05,24.0,1614.01,14553.6,6.654,24.063,0.664
2026-07-07,AC-06,0.0,0.0,0.0,0.0,0.0,0.664
2026-07-08,AC-01,24.0,5928.788,58665.6,6.064,97.0,0.664
2026-07-08,AC-02,24.0,5976.738,58665.6,6.113,97.0,0.664
2026-07-08,AC-03,24.0,5976.1,58665.6,6.112,97.0,0.664
2026-07-08,AC-04,24.0,6199.21,58665.6,6.34,97.0,0.663
2026-07-08,AC-05,24.0,1615.072,14553.6,6.658,24.063,0.664
2026-07-08,AC-06,0.0,0.0,0.0,0.0,0.0,0.664
2026-07-09,AC-01,24.0,5897.023,58665.6,6.031,97.0,0.664
2026-07-09,AC-02,24.0,5982.008,58665.6,6.118,97.0,0.664
2026-07-09,AC-03,24.0,5976.223,58665.6,6.112,97.0,0.664
2026-07-09,AC-04,24.0,6218.758,58665.6,6.36,97.0,0.663
2026-07-09,AC-05,24.0,1615.978,14553.6,6.662,24.063,0.664
2026-07-09,AC-06,0.0,0.0,0.0,0.0,0.0,0.664
2026-07-10,AC-01,24.0,5915.468,58665.6,6.05,97.0,0.664
2026-07-10,AC-02,24.0,6023.647,58665.6,6.161,97.0,0.664
2026-07-10,AC-03,24.0,5968.442,58665.6,6.104,97.0,0.664
2026-07-10,AC-04,24.0,6218.089,58665.6,6.36,97.0,0.663
2026-07-10,AC-05,24.0,1624.221,14553.6,6.696,24.063,0.664
2026-07-10,AC-06,0.0,0.0,0.0,0.0,0.0,0.664
2026-07-11,AC-01,24.0,4906.346,48597.12,6.058,80.352,0.664
2026-07-11,AC-02,24.0,4958.927,48597.12,6.122,80.352,0.664
2026-07-11,AC-03,24.0,4944.289,48597.12,6.104,80.352,0.664
2026-07-11,AC-04,24.0,5154.416,48597.12,6.364,80.352,0.663
2026-07-11,AC-05,0.0,0.0,0.0,0.0,0.0,0.664
2026-07-11,AC-06,0.0,0.0,0.0,0.0,0.0,0.664
2026-07-12,AC-01,24.0,4273.875,42366.72,6.053,70.051,0.664
2026-07-12,AC-02,24.0,4330.287,42366.72,6.133,70.051,0.664
2026-07-12,AC-03,24.0,4316.082,42366.72,6.112,70.051,0.664
2026-07-12,AC-04,24.0,4502.757,42366.72,6.377,70.051,0.662
2026-07-12,AC-05,0.0,0.0,0.0,0.0,0.0,0.664
2026-07-12,AC-06,0.0,0.0,0.0,0.0,0.0,0.664
2026-07-13,AC-01,24.0,5900.497,58665.6,6.035,97.0,0.664
2026-07-13,AC-02,24.0,5975.508,58665.6,6.111,97.0,0.664
2026-07-13,AC-03,24.0,5947.039,58665.6,6.082,97.0,0.664
2026-07-13,AC-04,24.0,6245.355,58665.6,6.387,97.0,0.662
2026-07-13,AC-05,24.0,1619.705,14553.6,6.678,24.063,0.664
2026-07-13,AC-06,0.0,0.0,0.0,0.0,0.0,0.664
2026-07-14,AC-01,24.0,5879.549,58665.6,6.013,97.0,0.664
2026-07-14,AC-02,24.0,5999.941,58665.6,6.136,97.0,0.664
2026-07-14,AC-03,24.0,5982.894,58665.6,6.119,97.0,0.664
2026-07-14,AC-04,24.0,6271.554,58665.6,6.414,97.0,0.662
2026-07-14,AC-05,24.0,1620.577,14553.6,6.681,24.063,0.664
2026-07-14,AC-06,0.0,0.0,0.0,0.0,0.0,0.664
2026-07-15,AC-01,24.0,5916.488,58665.6,6.051,97.0,0.664
2026-07-15,AC-02,24.0,5994.506,58665.6,6.131,97.0,0.664
2026-07-15,AC-03,24.0,5980.491,58665.6,6.117,97.0,0.664
2026-07-15,AC-04,24.0,6222.032,58665.6,6.364,97.0,0.662
2026-07-15,AC-05,24.0,1611.809,14553.6,6.645,24.063,0.664
2026-07-15,AC-06,0.0,0.0,0.0,0.0,0.0,0.664
2026-07-16,AC-01,24.0,5914.944,58665.6,6.049,97.0,0.664
2026-07-16,AC-02,24.0,6005.686,58665.6,6.142,97.0,0.664
2026-07-16,AC-03,24.0,5952.943,58665.6,6.088,97.0,0.664
2026-07-16,AC-04,24.0,6277.816,58665.6,6.421,97.0,0.662
2026-07-16,AC-05,24.0,1614.788,14553.6,6.657,24.063,0.664
2026-07-16,AC-06,0.0,0.0,0.0,0.0,0.0,0.664
2026-07-17,AC-01,24.0,5884.437,58665.6,6.018,97.0,0.664
2026-07-17,AC-02,24.0,6022.207,58665.6,6.159,97.0,0.664
2026-07-17,AC-03,24.0,5973.414,58665.6,6.109,97.0,0.664
2026-07-17,AC-04,24.0,6262.924,58665.6,6.405,97.0,0.662
2026-07-17,AC-05,24.0,1617.032,14553.6,6.667,24.063,0.664
2026-07-17,AC-06,0.0,0.0,0.0,0.0,0.0,0.664
2026-07-18,AC-01,24.0,4904.247,48597.12,6.055,80.352,0.664
2026-07-18,AC-02,24.0,4948.913,48597.12,6.11,80.352,0.664
2026-07-18,AC-03,24.0,4935.308,48597.12,6.093,80.352,0.664
2026-07-18,AC-04,24.0,5201.635,48597.12,6.422,80.352,0.662
2026-07-18,AC-05,0.0,0.0,0.0,0.0,0.0,0.664
2026-07-18,AC-06,0.0,0.0,0.0,0.0,0.0,0.664
2026-07-19,AC-01,24.0,4238.017,42366.72,6.002,70.051,0.664
2026-07-19,AC-02,24.0,4317.563,42366.72,6.115,70.051,0.664
2026-07-19,AC-03,24.0,4299.214,42366.72,6.089,70.051,0.664
2026-07-19,AC-04,24.0,4531.478,42366.72,6.418,70.051,0.662
2026-07-19,AC-05,0.0,0.0,0.0,0.0,0.0,0.664
2026-07-19,AC-06,0.0,0.0,0.0,0.0,0.0,0.664
2026-07-20,AC-01,24.0,4511.278,44858.88,6.034,74.171,0.664
2026-07-20,AC-02,24.0,4582.839,44858.88,6.13,74.171,0.664
2026-07-20,AC-03,24.0,4533.503,44858.88,6.064,74.171,0.664
2026-07-20,AC-04,24.0,4804.003,44858.88,6.425,74.171,0.662
2026-07-20,AC-05,0.0,0.0,0.0,0.0,0.0,0.664
2026-07-20,AC-06,0.0,0.0,0.0,0.0,0.0,0.664
2026-07-21,AC-01,24.0,5867.684,58665.6,6.001,97.0,0.664
2026-07-21,AC-02,24.0,5984.296,58665.6,6.12,97.0,0.664
2026-07-21,AC-03,24.0,5979.29,58665.6,6.115,97.0,0.664
2026-07-21,AC-04,24.0,6272.303,58665.6,6.415,97.0,0.662
2026-07-21,AC-05,24.0,1618.578,14553.6,6.673,24.063,0.664
2026-07-21,AC-06,0.0,0.0,0.0,0.0,0.0,0.664
2026-07-22,AC-01,24.0,5883.974,58665.6,6.018,97.0,0.664
2026-07-22,AC-02,24.0,5970.576,58665.6,6.106,97.0,0.664
2026-07-22,AC-03,24.0,5997.762,58665.6,6.134,97.0,0.664
2026-07-22,AC-04,24.0,6284.833,58665.6,6.428,97.0,0.662
2026-07-22,AC-05,24.0,1621.932,14553.6,6.687,24.063,0.664
2026-07-22,AC-06,0.0,0.0,0.0,0.0,0.0,0.664
2026-07-23,AC-01,24.0,5882.411,58665.6,6.016,97.0,0.664
2026-07-23,AC-02,24.0,5996.802,58665.6,6.133,97.0,0.664
2026-07-23,AC-03,24.0,5940.938,58665.6,6.076,97.0,0.664
2026-07-23,AC-04,24.0,6274.879,58665.6,6.418,97.0,0.662
2026-07-23,AC-05,24.0,1607.146,14553.6,6.626,24.063,0.664
2026-07-23,AC-06,0.0,0.0,0.0,0.0,0.0,0.664
2026-07-24,AC-01,24.0,5930.67,58665.6,6.066,97.0,0.664
2026-07-24,AC-02,24.0,5973.18,58665.6,6.109,97.0,0.664
2026-07-24,AC-03,24.0,5964.854,58665.6,6.101,97.0,0.664
2026-07-24,AC-04,24.0,6297.404,58665.6,6.441,97.0,0.662
2026-07-24,AC-05,24.0,1627.162,14553.6,6.708,24.063,0.664
2026-07-24,AC-06,0.0,0.0,0.0,0.0,0.0,0.664
2026-07-25,AC-01,24.0,4917.504,48597.12,6.071,80.352,0.664
2026-07-25,AC-02,24.0,4964.11,48597.12,6.129,80.352,0.664
2026-07-25,AC-03,24.0,4944.603,48597.12,6.105,80.352,0.664
2026-07-25,AC-04,24.0,5191.815,48597.12,6.41,80.352,0.662
2026-07-25,AC-05,0.0,0.0,0.0,0.0,0.0,0.664
2026-07-25,AC-06,0.0,0.0,0.0,0.0,0.0,0.664
2026-07-26,AC-01,24.0,4268.051,42366.72,6.044,70.051,0.664
2026-07-26,AC-02,24.0,4331.378,42366.72,6.134,70.051,0.664
2026-07-26,AC-03,24.0,4299.178,42366.72,6.089,70.051,0.664
2026-07-26,AC-04,24.0,4546.758,42366.72,6.439,70.051,0.662
2026-07-26,AC-05,0.0,0.0,0.0,0.0,0.0,0.664
2026-07-26,AC-06,0.0,0.0,0.0,0.0,0.0,0.664
2026-07-27,AC-01,24.0,5933.621,58665.6,6.069,97.0,0.664
2026-07-27,AC-02,24.0,5998.507,58665.6,6.135,97.0,0.664
2026-07-27,AC-03,24.0,5959.061,58665.6,6.095,97.0,0.664
2026-07-27,AC-04,24.0,6298.968,58665.6,6.442,97.0,0.662
2026-07-27,AC-05,24.0,1620.28,14553.6,6.68,24.063,0.664
2026-07-27,AC-06,0.0,0.0,0.0,0.0,0.0,0.664
2026-07-28,AC-01,24.0,5880.764,58665.6,6.015,97.0,0.664
2026-07-28,AC-02,24.0,5966.714,58665.6,6.102,97.0,0.664
2026-07-28,AC-03,24.0,5968.915,58665.6,6.105,97.0,0.664
2026-07-28,AC-04,24.0,6272.455,58665.6,6.415,97.0,0.662
2026-07-28,AC-05,24.0,1613.318,14553.6,6.651,24.063,0.664
2026-07-28,AC-06,0.0,0.0,0.0,0.0,0.0,0.664
2026-07-29,AC-01,24.0,5884.242,58665.6,6.018,97.0,0.664
2026-07-29,AC-02,24.0,5983.434,58665.6,6.12,97.0,0.664
2026-07-29,AC-03,24.0,5963.613,58665.6,6.099,97.0,0.664
2026-07-29,AC-04,24.0,6300.755,58665.6,6.444,97.0,0.662
2026-07-29,AC-05,24.0,1608.268,14553.6,6.63,24.063,0.664
2026-07-29,AC-06,0.0,0.0,0.0,0.0,0.0,0.664
2026-07-30,AC-01,24.0,5887.19,58665.6,6.021,97.0,0.664
2026-07-30,AC-02,24.0,6009.639,58665.6,6.146,97.0,0.664
2026-07-30,AC-03,24.0,5971.468,58665.6,6.107,97.0,0.664
2026-07-30,AC-04,24.0,6284.846,58665.6,6.428,97.0,0.662
2026-07-30,AC-05,24.0,1616.46,14553.6,6.664,24.063,0.664
2026-07-30,AC-06,0.0,0.0,0.0,0.0,0.0,0.664
2026-07-31,AC-01,24.0,5929.804,58665.6,6.065,97.0,0.664
2026-07-31,AC-02,24.0,6001.576,58665.6,6.138,97.0,0.664
2026-07-31,AC-03,24.0,5970.976,58665.6,6.107,97.0,0.664
2026-07-31,AC-04,24.0,6313.961,58665.6,6.458,97.0,0.662
2026-07-31,AC-05,24.0,1621.041,14553.6,6.683,24.063,0.664
2026-07-31,AC-06,0.0,0.0,0.0,0.0,0.0,0.664
2026-08-01,AC-01,24.0,4872.686,48597.12,6.016,80.352,0.66
2026-08-01,AC-02,24.0,4952.122,48597.12,6.114,80.352,0.66
2026-08-01,AC-03,24.0,4947.73,48597.12,6.109,80.352,0.66
2026-08-01,AC-04,24.0,5242.681,48597.12,6.473,80.352,0.658
2026-08-01,AC-05,0.0,0.0,0.0,0.0,0.0,0.66
2026-08-01,AC-06,0.0,0.0,0.0,0.0,0.0,0.66
2026-08-02,AC-01,24.0,4275.096,42366.72,6.054,70.051,0.66
2026-08-02,AC-02,24.0,4327.788,42366.72,6.129,70.051,0.66
2026-08-02,AC-03,24.0,4293.467,42366.72,6.08,70.051,0.66
2026-08-02,AC-04,24.0,4546.873,42366.72,6.439,70.051,0.658
2026-08-02,AC-05,0.0,0.0,0.0,0.0,0.0,0.66
2026-08-02,AC-06,0.0,0.0,0.0,0.0,0.0,0.66
2026-08-03,AC-01,24.0,5934.519,58665.6,6.07,97.0,0.66
2026-08-03,AC-02,24.0,6013.848,58665.6,6.151,97.0,0.66
2026-08-03,AC-03,24.0,5989.643,58665.6,6.126,97.0,0.66
2026-08-03,AC-04,24.0,6307.168,58665.6,6.451,97.0,0.658
2026-08-03,AC-05,24.0,1621.075,14553.6,6.683,24.063,0.66
2026-08-03,AC-06,0.0,0.0,0.0,0.0,0.0,0.66
2026-08-04,AC-01,24.0,5938.095,58665.6,6.073,97.0,0.66
2026-08-04,AC-02,24.0,5990.29,58665.6,6.127,97.0,0.66
2026-08-04,AC-03,24.0,5951.639,58665.6,6.087,97.0,0.66
2026-08-04,AC-04,24.0,6318.659,58665.6,6.462,97.0,0.658
2026-08-04,AC-05,24.0,1627.41,14553.6,6.709,24.063,0.66
2026-08-04,AC-06,0.0,0.0,0.0,0.0,0.0,0.66
2026-08-05,AC-01,24.0,5911.931,58665.6,6.046,97.0,0.66
2026-08-05,AC-02,24.0,6008.181,58665.6,6.145,97.0,0.66
2026-08-05,AC-03,24.0,5943.995,58665.6,6.079,97.0,0.66
2026-08-05,AC-04,24.0,6375.892,58665.6,6.521,97.0,0.658
2026-08-05,AC-05,24.0,1620.35,14553.6,6.68,24.063,0.66
2026-08-05,AC-06,0.0,0.0,0.0,0.0,0.0,0.66
2026-08-06,AC-01,24.0,5886.551,58665.6,6.02,97.0,0.66
2026-08-06,AC-02,24.0,5977.172,58665.6,6.113,97.0,0.66
2026-08-06,AC-03,24.0,5942.428,58665.6,6.078,97.0,0.66
2026-08-06,AC-04,24.0,6318.055,58665.6,6.462,97.0,0.658
2026-08-06,AC-05,24.0,1613.32,14553.6,6.651,24.063,0.66
2026-08-06,AC-06,0.0,0.0,0.0,0.0,0.0,0.66
2026-08-07,AC-01,24.0,5914.783,58665.6,6.049,97.0,0.66
2026-08-07,AC-02,24.0,5995.074,58665.6,6.131,97.0,0.66
2026-08-07,AC-03,24.0,5927.455,58665.6,6.062,97.0,0.66
2026-08-07,AC-04,24.0,6435.349,58665.6,6.582,97.0,0.657
2026-08-07,AC-05,24.0,1622.401,14553.6,6.689,24.063,0.66
2026-08-07,AC-06,0.0,0.0,0.0,0.0,0.0,0.66
2026-08-08,AC-01,24.0,4881.335,48597.12,6.027,80.352,0.66
2026-08-08,AC-02,24.0,4960.174,48597.12,6.124,80.352,0.66
2026-08-08,AC-03,24.0,4944.652,48597.12,6.105,80.352,0.66
2026-08-08,AC-04,24.0,5350.759,48597.12,6.606,80.352,0.657
2026-08-08,AC-05,0.0,0.0,0.0,0.0,0.0,0.66
2026-08-08,AC-06,0.0,0.0,0.0,0.0,0.0,0.66
2026-08-09,AC-01,24.0,4290.317,42366.72,6.076,70.051,0.66
2026-08-09,AC-02,24.0,4314.157,42366.72,6.11,70.051,0.66
2026-08-09,AC-03,24.0,4297.818,42366.72,6.087,70.051,0.66
2026-08-09,AC-04,24.0,4719.88,42366.72,6.684,70.051,0.657
2026-08-09,AC-05,0.0,0.0,0.0,0.0,0.0,0.66
2026-08-09,AC-06,0.0,0.0,0.0,0.0,0.0,0.66
2026-08-10,AC-01,24.0,5953.008,58665.6,6.088,97.0,0.66
2026-08-10,AC-02,24.0,5986.787,58665.6,6.123,97.0,0.66
2026-08-10,AC-03,24.0,5962.991,58665.6,6.099,97.0,0.66
2026-08-10,AC-04,24.0,6586.569,58665.6,6.736,97.0,0.657
2026-08-10,AC-05,24.0,1615.122,14553.6,6.659,24.063,0.66
2026-08-10,AC-06,0.0,0.0,0.0,0.0,0.0,0.66
2026-08-11,AC-01,24.0,4506.562,44858.88,6.028,74.171,0.66
2026-08-11,AC-02,24.0,4576.621,44858.88,6.121,74.171,0.66
2026-08-11,AC-03,24.0,4573.004,44858.88,6.117,74.171,0.66
2026-08-11,AC-04,24.0,5052.815,44858.88,6.758,74.171,0.657
2026-08-11,AC-05,0.0,0.0,0.0,0.0,0.0,0.66
2026-08-11,AC-06,0.0,0.0,0.0,0.0,0.0,0.66
2026-08-12,AC-01,24.0,5905.58,58665.6,6.04,97.0,0.66
2026-08-12,AC-02,24.0,5979.402,58665.6,6.115,97.0,0.66
2026-08-12,AC-03,24.0,5944.958,58665.6,6.08,97.0,0.66
2026-08-12,AC-04,24.0,6705.524,58665.6,6.858,97.0,0.657
2026-08-12,AC-05,24.0,1621.661,14553.6,6.686,24.063,0.66
2026-08-12,AC-06,0.0,0.0,0.0,0.0,0.0,0.66
2026-08-13,AC-01,24.0,3641.525,36136.32,6.046,59.749,0.66
2026-08-13,AC-02,24.0,3683.335,36136.32,6.116,59.749,0.66
2026-08-13,AC-03,24.0,3674.162,36136.32,6.101,59.749,0.66
2026-08-13,AC-04,24.0,4155.472,36136.32,6.9,59.749,0.657
2026-08-13,AC-05,0.0,0.0,0.0,0.0,0.0,0.66
2026-08-13,AC-06,0.0,0.0,0.0,0.0,0.0,0.66
2026-08-14,AC-01,24.0,3638.457,36136.32,6.041,59.749,0.66
2026-08-14,AC-02,24.0,3690.81,36136.32,6.128,59.749,0.66
2026-08-14,AC-03,24.0,3674.379,36136.32,6.101,59.749,0.66
2026-08-14,AC-04,24.0,4163.838,36136.32,6.914,59.749,0.657
2026-08-14,AC-05,0.0,0.0,0.0,0.0,0.0,0.66
2026-08-14,AC-06,0.0,0.0,0.0,0.0,0.0,0.66
2026-08-15,AC-01,24.0,4907.413,48597.12,6.059,80.352,0.66
2026-08-15,AC-02,24.0,4958.291,48597.12,6.122,80.352,0.66
2026-08-15,AC-03,24.0,4948.352,48597.12,6.109,80.352,0.66
2026-08-15,AC-04,24.0,5682.118,48597.12,7.015,80.352,0.657
2026-08-15,AC-05,0.0,0.0,0.0,0.0,0.0,0.66
2026-08-15,AC-06,0.0,0.0,0.0,0.0,0.0,0.66
2026-08-16,AC-01,24.0,4239.611,42366.72,6.004,70.051,0.66
2026-08-16,AC-02,24.0,4343.053,42366.72,6.151,70.051,0.66
2026-08-16,AC-03,24.0,4322.733,42366.72,6.122,70.051,0.66
2026-08-16,AC-04,24.0,4952.514,42366.72,7.014,70.051,0.657
2026-08-16,AC-05,0.0,0.0,0.0,0.0,0.0,0.66
2026-08-16,AC-06,0.0,0.0,0.0,0.0,0.0,0.66
2026-08-17,AC-01,24.0,5922.339,58665.6,6.057,97.0,0.66
2026-08-17,AC-02,24.0,5975.635,58665.6,6.112,97.0,0.66
2026-08-17,AC-03,24.0,5959.873,58665.6,6.095,97.0,0.66
2026-08-17,AC-04,24.0,6902.91,58665.6,7.06,97.0,0.657
2026-08-17,AC-05,24.0,1617.332,14553.6,6.668,24.063,0.66
2026-08-17,AC-06,0.0,0.0,0.0,0.0,0.0,0.66
2026-08-18,AC-01,24.0,5895.686,58665.6,6.03,97.0,0.66
2026-08-18,AC-02,24.0,5978.587,58665.6,6.115,97.0,0.66
2026-08-18,AC-03,24.0,5947.009,58665.6,6.082,97.0,0.66
2026-08-18,AC-04,24.0,6995.001,58665.6,7.154,97.0,0.657
2026-08-18,AC-05,24.0,1623.199,14553.6,6.692,24.063,0.66
2026-08-18,AC-06,0.0,0.0,0.0,0.0,0.0,0.66
2026-08-19,AC-01,13.5,3328.483,32999.4,6.052,97.0,0.66
2026-08-19,AC-02,13.5,3368.971,32999.4,6.126,97.0,0.66
2026-08-19,AC-03,13.5,3352.169,32999.4,6.095,97.0,0.66
2026-08-19,AC-04,13.5,3925.564,32999.4,7.138,97.0,0.657
2026-08-19,AC-05,13.5,821.288,7394.4,6.664,21.735,0.66
2026-08-19,AC-06,0.0,0.0,0.0,0.0,0.0,0.66
