meter_id,meter_model,role,asset_ids,asset_class,feeder,comms,install_year
M-01,ME96-series multi-measuring instrument (class 0.5S energy),receiving_point,GRID-01,receiving_point,66 kV incomer,"Modbus RTU to gateway, OPC UA to SCADA historian",2019
M-02,ME96-series multi-measuring instrument (class 0.5S energy),feeder,CR-AHU-01,cleanroom_hvac,LV/HV feeder 02,"Modbus RTU to gateway, OPC UA to SCADA historian",2019
M-03,ME96-series multi-measuring instrument (class 0.5S energy),feeder,CR-AHU-02,cleanroom_hvac,LV/HV feeder 03,"Modbus RTU to gateway, OPC UA to SCADA historian",2019
M-04,ME96-series multi-measuring instrument (class 0.5S energy),feeder,CR-AHU-03,cleanroom_hvac,LV/HV feeder 04,"Modbus RTU to gateway, OPC UA to SCADA historian",2019
M-05,ME96-series multi-measuring instrument (class 0.5S energy),feeder,CR-AHU-04,cleanroom_hvac,LV/HV feeder 05,"Modbus RTU to gateway, OPC UA to SCADA historian",2019
M-06,ME96-series multi-measuring instrument (class 0.5S energy),feeder,CR-AHU-05,cleanroom_hvac,LV/HV feeder 06,"Modbus RTU to gateway, OPC UA to SCADA historian",2019
M-07,ME96-series multi-measuring instrument (class 0.5S energy),feeder,CR-AHU-06,cleanroom_hvac,LV/HV feeder 07,"Modbus RTU to gateway, OPC UA to SCADA historian",2019
M-08,ME96-series multi-measuring instrument (class 0.5S energy),feeder,CR-EXF-01;CR-EXF-02;CR-EXF-03;CR-EXF-04,cleanroom_exhaust,LV/HV feeder 08,"Modbus RTU to gateway, OPC UA to SCADA historian",2019
M-09,ME96-series multi-measuring instrument (class 0.5S energy),feeder,OF-AHU-01;OF-AHU-02,office_hvac,LV/HV feeder 09,"Modbus RTU to gateway, OPC UA to SCADA historian",2019
M-10,ME96-series multi-measuring instrument (class 0.5S energy),feeder,OF-AHU-03;OF-AHU-04,office_hvac,LV/HV feeder 10,"Modbus RTU to gateway, OPC UA to SCADA historian",2019
M-11,ME96-series multi-measuring instrument (class 0.5S energy),feeder,CH-01,chiller,LV/HV feeder 11,"Modbus RTU to gateway, OPC UA to SCADA historian",2019
M-12,ME96-series multi-measuring instrument (class 0.5S energy),feeder,CH-02,chiller,LV/HV feeder 12,"Modbus RTU to gateway, OPC UA to SCADA historian",2019
M-13,ME96-series multi-measuring instrument (class 0.5S energy),feeder,CH-03,chiller,LV/HV feeder 13,"Modbus RTU to gateway, OPC UA to SCADA historian",2019
M-14,ME96-series multi-measuring instrument (class 0.5S energy),feeder,CH-04,chiller,LV/HV feeder 14,"Modbus RTU to gateway, OPC UA to SCADA historian",2019
M-15,ME96-series multi-measuring instrument (class 0.5S energy),feeder,CT-01;CT-02;CT-03;CT-04,cooling_aux,LV/HV feeder 15,"Modbus RTU to gateway, OPC UA to SCADA historian",2019
M-16,ME96-series multi-measuring instrument (class 0.5S energy),feeder,CHWP-01;CHWP-02;CHWP-03;CHWP-04,cooling_aux,LV/HV feeder 16,"Modbus RTU to gateway, OPC UA to SCADA historian",2019
M-17,ME96-series multi-measuring instrument (class 0.5S energy),feeder,AC-01,compressor,LV/HV feeder 17,"Modbus RTU to gateway, OPC UA to SCADA historian",2019
M-18,ME96-series multi-measuring instrument (class 0.5S energy),feeder,AC-02,compressor,LV/HV feeder 18,"Modbus RTU to gateway, OPC UA to SCADA historian",2019
M-19,ME96-series multi-measuring instrument (class 0.5S energy),feeder,AC-03,compressor,LV/HV feeder 19,"Modbus RTU to gateway, OPC UA to SCADA historian",2019
M-20,ME96-series multi-measuring instrument (class 0.5S energy),feeder,AC-04,compressor,LV/HV feeder 20,"Modbus RTU to gateway, OPC UA to SCADA historian",2019
M-21,ME96-series multi-measuring instrument (class 0.5S energy),feeder,AC-05,compressor,LV/HV feeder 21,"Modbus RTU to gateway, OPC UA to SCADA historian",2019
M-22,ME96-series multi-measuring instrument (class 0.5S energy),feeder,AC-06,compressor,LV/HV feeder 22,"Modbus RTU to gateway, OPC UA to SCADA historian",2019
M-23,ME96-series multi-measuring instrument (class 0.5S energy),feeder,FN-01,furnace,LV/HV feeder 23,"Modbus RTU to gateway, OPC UA to SCADA historian",2019
M-24,ME96-series multi-measuring instrument (class 0.5S energy),feeder,FN-02,furnace,LV/HV feeder 24,"Modbus RTU to gateway, OPC UA to SCADA historian",2019
M-25,ME96-series multi-measuring instrument (class 0.5S energy),feeder,FN-03,furnace,LV/HV feeder 25,"Modbus RTU to gateway, OPC UA to SCADA historian",2019
M-26,ME96-series multi-measuring instrument (class 0.5S energy),feeder,LN-01,production_line,LV/HV feeder 26,"Modbus RTU to gateway, OPC UA to SCADA historian",2019
M-27,ME96-series multi-measuring instrument (class 0.5S energy),feeder,LN-02,production_line,LV/HV feeder 27,"Modbus RTU to gateway, OPC UA to SCADA historian",2019
M-28,ME96-series multi-measuring instrument (class 0.5S energy),feeder,LN-03,production_line,LV/HV feeder 28,"Modbus RTU to gateway, OPC UA to SCADA historian",2019
M-29,ME96-series multi-measuring instrument (class 0.5S energy),feeder,LN-04,production_line,LV/HV feeder 29,"Modbus RTU to gateway, OPC UA to SCADA historian",2019
M-30,ME96-series multi-measuring instrument (class 0.5S energy),feeder,LN-05,production_line,LV/HV feeder 30,"Modbus RTU to gateway, OPC UA to SCADA historian",2019
M-31,ME96-series multi-measuring instrument (class 0.5S energy),feeder,LN-06,production_line,LV/HV feeder 31,"Modbus RTU to gateway, OPC UA to SCADA historian",2019
M-32,ME96-series multi-measuring instrument (class 0.5S energy),feeder,BI-01,burn_in,LV/HV feeder 32,"Modbus RTU to gateway, OPC UA to SCADA historian",2019
M-33,ME96-series multi-measuring instrument (class 0.5S energy),feeder,BI-02,burn_in,LV/HV feeder 33,"Modbus RTU to gateway, OPC UA to SCADA historian",2019
M-34,ME96-series multi-measuring instrument (class 0.5S energy),feeder,BI-03,burn_in,LV/HV feeder 34,"Modbus RTU to gateway, OPC UA to SCADA historian",2019
M-35,ME96-series multi-measuring instrument (class 0.5S energy),feeder,BI-04,burn_in,LV/HV feeder 35,"Modbus RTU to gateway, OPC UA to SCADA historian",2019
M-36,ME96-series multi-measuring instrument (class 0.5S energy),feeder,BI-05,burn_in,LV/HV feeder 36,"Modbus RTU to gateway, OPC UA to SCADA historian",2019
M-37,ME96-series multi-measuring instrument (class 0.5S energy),feeder,BI-06,burn_in,LV/HV feeder 37,"Modbus RTU to gateway, OPC UA to SCADA historian",2019
M-38,ME96-series multi-measuring instrument (class 0.5S energy),feeder,BI-07,burn_in,LV/HV feeder 38,"Modbus RTU to gateway, OPC UA to SCADA historian",2019
M-39,ME96-series multi-measuring instrument (class 0.5S energy),feeder,BI-08,burn_in,LV/HV feeder 39,"Modbus RTU to gateway, OPC UA to SCADA historian",2019
M-40,ME96-series multi-measuring instrument (class 0.5S energy),feeder,EV-01;EV-02;EV-03;EV-04;EV-05;EV-06,ev_charger,LV/HV feeder 40,"Modbus RTU to gateway, OPC UA to SCADA historian",2019
M-41,ME96-series multi-measuring instrument (class 0.5S energy),feeder,EV-07;EV-08;EV-09;EV-10,ev_charger,LV/HV feeder 41,"Modbus RTU to gateway, OPC UA to SCADA historian",2019
M-42,ME96-series multi-measuring instrument (class 0.5S energy),feeder,LT-01;LT-02,lighting,LV/HV feeder 42,"Modbus RTU to gateway, OPC UA to SCADA historian",2019
M-43,ME96-series multi-measuring instrument (class 0.5S energy),feeder,LT-03;LT-04,lighting,LV/HV feeder 43,"Modbus RTU to gateway, OPC UA to SCADA historian",2019
M-44,ME96-series multi-measuring instrument (class 0.5S energy),feeder,LT-05;LT-06,lighting,LV/HV feeder 44,"Modbus RTU to gateway, OPC UA to SCADA historian",2019
M-45,ME96-series multi-measuring instrument (class 0.5S energy),feeder,WW-01;WW-02,wastewater,LV/HV feeder 45,"Modbus RTU to gateway, OPC UA to SCADA historian",2019
M-46,ME96-series multi-measuring instrument (class 0.5S energy),feeder,WW-03;WW-04,wastewater,LV/HV feeder 46,"Modbus RTU to gateway, OPC UA to SCADA historian",2019
M-47,ME96-series multi-measuring instrument (class 0.5S energy),feeder,UPW-01,critical_utility,LV/HV feeder 47,"Modbus RTU to gateway, OPC UA to SCADA historian",2019
M-48,ME96-series multi-measuring instrument (class 0.5S energy),feeder,N2-01,critical_utility,LV/HV feeder 48,"Modbus RTU to gateway, OPC UA to SCADA historian",2019
M-49,ME96-series multi-measuring instrument (class 0.5S energy),feeder,IT-01,critical_utility,LV/HV feeder 49,"Modbus RTU to gateway, OPC UA to SCADA historian",2019
M-50,ME96-series multi-measuring instrument (class 0.5S energy),feeder,PCW-01;PCW-02,critical_utility,LV/HV feeder 50,"Modbus RTU to gateway, OPC UA to SCADA historian",2023
M-51,ME96-series multi-measuring instrument (class 0.5S energy),feeder,VAC-01,critical_utility,LV/HV feeder 51,"Modbus RTU to gateway, OPC UA to SCADA historian",2023
M-52,ME96-series multi-measuring instrument (class 0.5S energy),feeder,VAC-02,critical_utility,LV/HV feeder 52,"Modbus RTU to gateway, OPC UA to SCADA historian",2023
M-53,ME96-series multi-measuring instrument (class 0.5S energy),generation,PV-01,pv,LV/HV feeder 53,"Modbus RTU to gateway, OPC UA to SCADA historian",2023
M-54,ME96-series multi-measuring instrument (class 0.5S energy),generation,PV-02,pv,LV/HV feeder 54,"Modbus RTU to gateway, OPC UA to SCADA historian",2023
M-55,ME96-series multi-measuring instrument (class 0.5S energy),generation,PV-03,pv,LV/HV feeder 55,"Modbus RTU to gateway, OPC UA to SCADA historian",2023
M-56,ME96-series multi-measuring instrument (class 0.5S energy),storage,BESS-01,bess,LV/HV feeder 56,"Modbus RTU to gateway, OPC UA to SCADA historian",2023
M-57,ME96-series multi-measuring instrument (class 0.5S energy),feeder,MISC-01,building_general,LV/HV feeder 57,"Modbus RTU to gateway, OPC UA to SCADA historian",2023
