schedule_id,date,asset_id,asset_class,job_type,lot_id,product,start_ts,end_ts,start_slot,end_slot,planned_kw,interruptible,deferrable_h,status,customer_due,notes
SCH-BI-01-08180437,2026-08-18,BI-01,burn_in,burn_in_cycle,BI-LOT-1-08180437,Automotive ECU (brake-by-wire),2026-08-18T04:37,2026-08-18T08:37,10,18,112.0,False,3.0,completed,2026-08-21T12:00,Cycle start may be deferred up to 3 h; a started cycle must not pause (test validity).
SCH-BI-01-08181007,2026-08-18,BI-01,burn_in,burn_in_cycle,BI-LOT-1-08181007,Automotive ECU (brake-by-wire),2026-08-18T10:07,2026-08-18T14:07,21,29,112.0,False,3.0,completed,2026-08-21T12:00,Cycle start may be deferred up to 3 h; a started cycle must not pause (test validity).
SCH-BI-01-08181507,2026-08-18,BI-01,burn_in,burn_in_cycle,BI-LOT-1-08181507,Automotive ECU (brake-by-wire),2026-08-18T15:07,2026-08-18T19:07,31,39,112.0,False,3.0,completed,2026-08-21T12:00,Cycle start may be deferred up to 3 h; a started cycle must not pause (test validity).
SCH-BI-01-08181937,2026-08-18,BI-01,burn_in,burn_in_cycle,BI-LOT-1-08181937,Automotive ECU (brake-by-wire),2026-08-18T19:37,2026-08-18T23:37,40,48,112.0,False,3.0,completed,2026-08-21T12:00,Cycle start may be deferred up to 3 h; a started cycle must not pause (test validity).
SCH-BI-02-08180403,2026-08-18,BI-02,burn_in,burn_in_cycle,BI-LOT-2-08180403,Automotive ECU (brake-by-wire),2026-08-18T04:03,2026-08-18T08:03,9,17,112.0,False,3.0,completed,2026-08-21T12:00,Cycle start may be deferred up to 3 h; a started cycle must not pause (test validity).
SCH-BI-02-08180903,2026-08-18,BI-02,burn_in,burn_in_cycle,BI-LOT-2-08180903,Automotive ECU (brake-by-wire),2026-08-18T09:03,2026-08-18T13:03,19,27,112.0,False,3.0,completed,2026-08-21T12:00,Cycle start may be deferred up to 3 h; a started cycle must not pause (test validity).
SCH-BI-02-08181533,2026-08-18,BI-02,burn_in,burn_in_cycle,BI-LOT-2-08181533,Automotive ECU (brake-by-wire),2026-08-18T15:33,2026-08-18T19:33,32,40,112.0,False,3.0,completed,2026-08-21T12:00,Cycle start may be deferred up to 3 h; a started cycle must not pause (test validity).
SCH-BI-03-08180210,2026-08-18,BI-03,burn_in,burn_in_cycle,BI-LOT-3-08180210,Automotive ECU (brake-by-wire),2026-08-18T02:10,2026-08-18T06:10,5,13,112.0,False,3.0,completed,2026-08-21T12:00,Cycle start may be deferred up to 3 h; a started cycle must not pause (test validity).
SCH-BI-03-08180740,2026-08-18,BI-03,burn_in,burn_in_cycle,BI-LOT-3-08180740,Automotive ECU (brake-by-wire),2026-08-18T07:40,2026-08-18T11:40,16,24,112.0,False,3.0,completed,2026-08-21T12:00,Cycle start may be deferred up to 3 h; a started cycle must not pause (test validity).
SCH-BI-03-08181310,2026-08-18,BI-03,burn_in,burn_in_cycle,BI-LOT-3-08181310,Automotive ECU (brake-by-wire),2026-08-18T13:10,2026-08-18T17:10,27,35,112.0,False,3.0,completed,2026-08-21T12:00,Cycle start may be deferred up to 3 h; a started cycle must not pause (test validity).
SCH-BI-03-08181940,2026-08-18,BI-03,burn_in,burn_in_cycle,BI-LOT-3-08181940,Automotive ECU (brake-by-wire),2026-08-18T19:40,2026-08-18T23:40,40,48,112.0,False,3.0,completed,2026-08-21T12:00,Cycle start may be deferred up to 3 h; a started cycle must not pause (test validity).
SCH-BI-04-08180042,2026-08-18,BI-04,burn_in,burn_in_cycle,BI-LOT-4-08180042,Automotive ECU (brake-by-wire),2026-08-18T00:42,2026-08-18T04:42,2,10,112.0,False,3.0,completed,2026-08-21T12:00,Cycle start may be deferred up to 3 h; a started cycle must not pause (test validity).
SCH-BI-04-08180642,2026-08-18,BI-04,burn_in,burn_in_cycle,BI-LOT-4-08180642,Automotive ECU (brake-by-wire),2026-08-18T06:42,2026-08-18T10:42,14,22,112.0,False,3.0,completed,2026-08-21T12:00,Cycle start may be deferred up to 3 h; a started cycle must not pause (test validity).
SCH-BI-04-08181212,2026-08-18,BI-04,burn_in,burn_in_cycle,BI-LOT-4-08181212,Automotive ECU (brake-by-wire),2026-08-18T12:12,2026-08-18T16:12,25,33,112.0,False,3.0,completed,2026-08-21T12:00,Cycle start may be deferred up to 3 h; a started cycle must not pause (test validity).
SCH-BI-04-08181642,2026-08-18,BI-04,burn_in,burn_in_cycle,BI-LOT-4-08181642,Automotive ECU (brake-by-wire),2026-08-18T16:42,2026-08-18T20:42,34,42,112.0,False,3.0,completed,2026-08-21T12:00,Cycle start may be deferred up to 3 h; a started cycle must not pause (test validity).
SCH-BI-05-08180207,2026-08-18,BI-05,burn_in,burn_in_cycle,BI-LOT-5-08180207,Automotive ECU (brake-by-wire),2026-08-18T02:07,2026-08-18T06:07,5,13,112.0,False,3.0,completed,2026-08-21T12:00,Cycle start may be deferred up to 3 h; a started cycle must not pause (test validity).
SCH-BI-05-08180637,2026-08-18,BI-05,burn_in,burn_in_cycle,BI-LOT-5-08180637,Automotive ECU (brake-by-wire),2026-08-18T06:37,2026-08-18T10:37,14,22,112.0,False,3.0,completed,2026-08-21T12:00,Cycle start may be deferred up to 3 h; a started cycle must not pause (test validity).
SCH-BI-05-08181237,2026-08-18,BI-05,burn_in,burn_in_cycle,BI-LOT-5-08181237,Automotive ECU (brake-by-wire),2026-08-18T12:37,2026-08-18T16:37,26,34,112.0,False,3.0,completed,2026-08-21T12:00,Cycle start may be deferred up to 3 h; a started cycle must not pause (test validity).
SCH-BI-05-08181837,2026-08-18,BI-05,burn_in,burn_in_cycle,BI-LOT-5-08181837,Automotive ECU (brake-by-wire),2026-08-18T18:37,2026-08-18T22:37,38,46,112.0,False,3.0,completed,2026-08-21T12:00,Cycle start may be deferred up to 3 h; a started cycle must not pause (test validity).
SCH-BI-06-08180117,2026-08-18,BI-06,burn_in,burn_in_cycle,BI-LOT-6-08180117,Automotive ECU (brake-by-wire),2026-08-18T01:17,2026-08-18T05:17,3,11,112.0,False,3.0,completed,2026-08-21T12:00,Cycle start may be deferred up to 3 h; a started cycle must not pause (test validity).
SCH-BI-06-08180547,2026-08-18,BI-06,burn_in,burn_in_cycle,BI-LOT-6-08180547,Automotive ECU (brake-by-wire),2026-08-18T05:47,2026-08-18T09:47,12,20,112.0,False,3.0,completed,2026-08-21T12:00,Cycle start may be deferred up to 3 h; a started cycle must not pause (test validity).
SCH-BI-06-08181047,2026-08-18,BI-06,burn_in,burn_in_cycle,BI-LOT-6-08181047,Automotive ECU (brake-by-wire),2026-08-18T10:47,2026-08-18T14:47,22,30,112.0,False,3.0,completed,2026-08-21T12:00,Cycle start may be deferred up to 3 h; a started cycle must not pause (test validity).
SCH-BI-06-08181547,2026-08-18,BI-06,burn_in,burn_in_cycle,BI-LOT-6-08181547,Automotive ECU (brake-by-wire),2026-08-18T15:47,2026-08-18T19:47,32,40,112.0,False,3.0,completed,2026-08-21T12:00,Cycle start may be deferred up to 3 h; a started cycle must not pause (test validity).
SCH-BI-07-08180132,2026-08-18,BI-07,burn_in,burn_in_cycle,BI-LOT-7-08180132,Automotive ECU (brake-by-wire),2026-08-18T01:32,2026-08-18T05:32,4,12,112.0,False,3.0,completed,2026-08-21T12:00,Cycle start may be deferred up to 3 h; a started cycle must not pause (test validity).
SCH-BI-07-08180617,2026-08-18,BI-07,burn_in,burn_in_cycle,BI-LOT-7-08180617,Automotive ECU (brake-by-wire),2026-08-18T06:17,2026-08-18T10:17,13,21,112.0,False,3.0,completed,2026-08-21T12:00,Cycle start may be deferred up to 3 h; a started cycle must not pause (test validity).
SCH-BI-07-08181247,2026-08-18,BI-07,burn_in,burn_in_cycle,BI-LOT-7-08181247,Automotive ECU (brake-by-wire),2026-08-18T12:47,2026-08-18T16:47,26,34,112.0,False,3.0,completed,2026-08-21T12:00,Cycle start may be deferred up to 3 h; a started cycle must not pause (test validity).
SCH-BI-07-08181732,2026-08-18,BI-07,burn_in,burn_in_cycle,BI-LOT-7-08181732,Automotive ECU (brake-by-wire),2026-08-18T17:32,2026-08-18T21:32,36,44,112.0,False,3.0,completed,2026-08-21T12:00,Cycle start may be deferred up to 3 h; a started cycle must not pause (test validity).
SCH-BI-08-08180103,2026-08-18,BI-08,burn_in,burn_in_cycle,BI-LOT-8-08180103,Automotive ECU (brake-by-wire),2026-08-18T01:03,2026-08-18T05:03,3,11,112.0,False,3.0,completed,2026-08-21T12:00,Cycle start may be deferred up to 3 h; a started cycle must not pause (test validity).
SCH-BI-08-08180603,2026-08-18,BI-08,burn_in,burn_in_cycle,BI-LOT-8-08180603,Automotive ECU (brake-by-wire),2026-08-18T06:03,2026-08-18T10:03,13,21,112.0,False,3.0,completed,2026-08-21T12:00,Cycle start may be deferred up to 3 h; a started cycle must not pause (test validity).
SCH-BI-08-08181133,2026-08-18,BI-08,burn_in,burn_in_cycle,BI-LOT-8-08181133,Automotive ECU (brake-by-wire),2026-08-18T11:33,2026-08-18T15:33,24,32,112.0,False,3.0,completed,2026-08-21T12:00,Cycle start may be deferred up to 3 h; a started cycle must not pause (test validity).
SCH-BI-08-08181618,2026-08-18,BI-08,burn_in,burn_in_cycle,BI-LOT-8-08181618,Automotive ECU (brake-by-wire),2026-08-18T16:18,2026-08-18T20:18,33,41,112.0,False,3.0,completed,2026-08-21T12:00,Cycle start may be deferred up to 3 h; a started cycle must not pause (test validity).
SCH-FN-01-08180140,2026-08-18,FN-01,furnace,sinter_batch,LOT-01-0818-0140,SiC power module 1200 V class,2026-08-18T01:40,2026-08-18T04:10,4,9,830.0,False,0.0,completed,2026-08-20T08:00,Non-interruptible sintering profile once started. Start may move up to 3 h in planning.
SCH-FN-01-08180540,2026-08-18,FN-01,furnace,sinter_batch,LOT-01-0818-0540,SiC power module 1200 V class,2026-08-18T05:40,2026-08-18T08:20,12,17,830.0,False,0.0,completed,2026-08-20T08:00,Non-interruptible sintering profile once started. Start may move up to 3 h in planning.
SCH-FN-01-08180910,2026-08-18,FN-01,furnace,sinter_batch,LOT-01-0818-0910,SiC power module 1200 V class,2026-08-18T09:10,2026-08-18T11:50,19,24,830.0,False,0.0,completed,2026-08-20T08:00,Non-interruptible sintering profile once started. Start may move up to 3 h in planning.
SCH-FN-01-08181410,2026-08-18,FN-01,furnace,sinter_batch,LOT-01-0818-1410,SiC power module 1200 V class,2026-08-18T14:10,2026-08-18T16:40,29,34,830.0,False,0.0,completed,2026-08-20T08:00,Non-interruptible sintering profile once started. Start may move up to 3 h in planning.
SCH-FN-01-08181800,2026-08-18,FN-01,furnace,sinter_batch,LOT-01-0818-1800,SiC power module 1200 V class,2026-08-18T18:00,2026-08-18T20:30,37,42,830.0,False,0.0,completed,2026-08-20T08:00,Non-interruptible sintering profile once started. Start may move up to 3 h in planning.
SCH-FN-01-08182110,2026-08-18,FN-01,furnace,sinter_batch,LOT-01-0818-2110,SiC power module 1200 V class,2026-08-18T21:10,2026-08-18T23:40,43,48,830.0,False,0.0,completed,2026-08-20T08:00,Non-interruptible sintering profile once started. Start may move up to 3 h in planning.
SCH-FN-02-08180055,2026-08-18,FN-02,furnace,sinter_batch,LOT-02-0818-0055,SiC power module 1200 V class,2026-08-18T00:55,2026-08-18T03:45,2,8,830.0,False,0.0,completed,2026-08-20T08:00,Non-interruptible sintering profile once started. Start may move up to 3 h in planning.
SCH-FN-02-08180445,2026-08-18,FN-02,furnace,sinter_batch,LOT-02-0818-0445,SiC power module 1200 V class,2026-08-18T04:45,2026-08-18T07:15,10,15,830.0,False,0.0,completed,2026-08-20T08:00,Non-interruptible sintering profile once started. Start may move up to 3 h in planning.
SCH-FN-02-08180805,2026-08-18,FN-02,furnace,sinter_batch,LOT-02-0818-0805,SiC power module 1200 V class,2026-08-18T08:05,2026-08-18T10:35,17,22,830.0,False,0.0,completed,2026-08-20T08:00,Non-interruptible sintering profile once started. Start may move up to 3 h in planning.
SCH-FN-02-08181300,2026-08-18,FN-02,furnace,sinter_batch,LOT-02-0818-1300,SiC power module 1200 V class,2026-08-18T13:00,2026-08-18T15:30,27,32,830.0,False,0.0,completed,2026-08-20T08:00,Non-interruptible sintering profile once started. Start may move up to 3 h in planning.
SCH-FN-02-08181620,2026-08-18,FN-02,furnace,sinter_batch,LOT-02-0818-1620,SiC power module 1200 V class,2026-08-18T16:20,2026-08-18T18:50,33,38,830.0,False,0.0,completed,2026-08-20T08:00,Non-interruptible sintering profile once started. Start may move up to 3 h in planning.
SCH-FN-02-08181930,2026-08-18,FN-02,furnace,sinter_batch,LOT-02-0818-1930,SiC power module 1200 V class,2026-08-18T19:30,2026-08-18T22:00,40,45,830.0,False,0.0,completed,2026-08-20T08:00,Non-interruptible sintering profile once started. Start may move up to 3 h in planning.
SCH-FN-02-08182240,2026-08-18,FN-02,furnace,sinter_batch,LOT-02-0818-2240,SiC power module 1200 V class,2026-08-18T22:40,2026-08-19T01:10,46,49,830.0,False,0.0,completed,2026-08-20T08:00,Non-interruptible sintering profile once started. Start may move up to 3 h in planning.
SCH-FN-03-08180230,2026-08-18,FN-03,furnace,sinter_batch,LOT-03-0818-0230,SiC power module 1200 V class,2026-08-18T02:30,2026-08-18T05:00,6,11,830.0,False,0.0,completed,2026-08-20T08:00,Non-interruptible sintering profile once started. Start may move up to 3 h in planning.
SCH-FN-03-08180550,2026-08-18,FN-03,furnace,sinter_batch,LOT-03-0818-0550,SiC power module 1200 V class,2026-08-18T05:50,2026-08-18T08:20,12,17,830.0,False,0.0,completed,2026-08-20T08:00,Non-interruptible sintering profile once started. Start may move up to 3 h in planning.
SCH-FN-03-08181240,2026-08-18,FN-03,furnace,sinter_batch,LOT-03-0818-1240,SiC power module 1200 V class,2026-08-18T12:40,2026-08-18T15:10,26,31,830.0,False,0.0,completed,2026-08-20T08:00,Non-interruptible sintering profile once started. Start may move up to 3 h in planning.
SCH-FN-03-08181550,2026-08-18,FN-03,furnace,sinter_batch,LOT-03-0818-1550,SiC power module 1200 V class,2026-08-18T15:50,2026-08-18T18:20,32,37,830.0,False,0.0,completed,2026-08-20T08:00,Non-interruptible sintering profile once started. Start may move up to 3 h in planning.
SCH-FN-03-08181900,2026-08-18,FN-03,furnace,sinter_batch,LOT-03-0818-1900,SiC power module 1200 V class,2026-08-18T19:00,2026-08-18T21:30,39,44,830.0,False,0.0,completed,2026-08-20T08:00,Non-interruptible sintering profile once started. Start may move up to 3 h in planning.
SCH-FN-03-08182210,2026-08-18,FN-03,furnace,sinter_batch,LOT-03-0818-2210,SiC power module 1200 V class,2026-08-18T22:10,2026-08-19T00:40,45,49,830.0,False,0.0,completed,2026-08-20T08:00,Non-interruptible sintering profile once started. Start may move up to 3 h in planning.
SCH-LN-01-08180600,2026-08-18,LN-01,production_line,production_run,RUN-L1-0818-S1,SiC power module,2026-08-18T06:00,2026-08-18T14:00,13,29,720.0,False,0.0,completed,,Continuous production. No line stops without MES release.
SCH-LN-01-08181400,2026-08-18,LN-01,production_line,production_run,RUN-L1-0818-S2,SiC power module,2026-08-18T14:00,2026-08-18T22:00,29,45,720.0,False,0.0,completed,,Continuous production. No line stops without MES release.
SCH-LN-01-08182200,2026-08-18,LN-01,production_line,production_run,RUN-L1-0818-S3,SiC power module,2026-08-18T22:00,2026-08-19T00:00,45,49,720.0,False,0.0,completed,,Continuous production. No line stops without MES release.
SCH-LN-02-08180600,2026-08-18,LN-02,production_line,production_run,RUN-L2-0818-S1,SiC power module,2026-08-18T06:00,2026-08-18T14:00,13,29,720.0,False,0.0,completed,,Continuous production. No line stops without MES release.
SCH-LN-02-08181400,2026-08-18,LN-02,production_line,production_run,RUN-L2-0818-S2,SiC power module,2026-08-18T14:00,2026-08-18T22:00,29,45,720.0,False,0.0,completed,,Continuous production. No line stops without MES release.
SCH-LN-02-08182200,2026-08-18,LN-02,production_line,production_run,RUN-L2-0818-S3,SiC power module,2026-08-18T22:00,2026-08-19T00:00,45,49,720.0,False,0.0,completed,,Continuous production. No line stops without MES release.
SCH-LN-03-08180600,2026-08-18,LN-03,production_line,production_run,RUN-L3-0818-S1,SiC power module,2026-08-18T06:00,2026-08-18T14:00,13,29,720.0,False,0.0,completed,,Continuous production. No line stops without MES release.
SCH-LN-03-08181400,2026-08-18,LN-03,production_line,production_run,RUN-L3-0818-S2,SiC power module,2026-08-18T14:00,2026-08-18T22:00,29,45,720.0,False,0.0,completed,,Continuous production. No line stops without MES release.
SCH-LN-03-08182200,2026-08-18,LN-03,production_line,production_run,RUN-L3-0818-S3,SiC power module,2026-08-18T22:00,2026-08-19T00:00,45,49,720.0,False,0.0,completed,,Continuous production. No line stops without MES release.
SCH-LN-04-08180600,2026-08-18,LN-04,production_line,production_run,RUN-L4-0818-S1,SiC power module,2026-08-18T06:00,2026-08-18T14:00,13,29,720.0,False,0.0,completed,,Continuous production. No line stops without MES release.
SCH-LN-04-08181400,2026-08-18,LN-04,production_line,production_run,RUN-L4-0818-S2,SiC power module,2026-08-18T14:00,2026-08-18T22:00,29,45,720.0,False,0.0,completed,,Continuous production. No line stops without MES release.
SCH-LN-04-08182200,2026-08-18,LN-04,production_line,production_run,RUN-L4-0818-S3,SiC power module,2026-08-18T22:00,2026-08-19T00:00,45,49,720.0,False,0.0,completed,,Continuous production. No line stops without MES release.
SCH-LN-05-08180600,2026-08-18,LN-05,production_line,production_run,RUN-L5-0818-S1,Automotive ECU,2026-08-18T06:00,2026-08-18T14:00,13,29,455.0,False,0.0,completed,,Continuous production. No line stops without MES release.
SCH-LN-05-08181400,2026-08-18,LN-05,production_line,production_run,RUN-L5-0818-S2,Automotive ECU,2026-08-18T14:00,2026-08-18T22:00,29,45,455.0,False,0.0,completed,,Continuous production. No line stops without MES release.
SCH-LN-06-08180600,2026-08-18,LN-06,production_line,production_run,RUN-L6-0818-S1,Automotive ECU,2026-08-18T06:00,2026-08-18T14:00,13,29,455.0,False,0.0,completed,,Continuous production. No line stops without MES release.
SCH-LN-06-08181400,2026-08-18,LN-06,production_line,production_run,RUN-L6-0818-S2,Automotive ECU,2026-08-18T14:00,2026-08-18T22:00,29,45,455.0,False,0.0,completed,,Continuous production. No line stops without MES release.
SCH-BI-01-08190900,2026-08-19,BI-01,burn_in,burn_in_cycle,BI-LOT-1-08190900,Automotive ECU (brake-by-wire),2026-08-19T09:00,2026-08-19T13:00,19,27,112.0,False,3.0,completed,2026-08-21T12:00,Cycle start may be deferred up to 3 h; a started cycle must not pause (test validity).
SCH-BI-01-08191400,2026-08-19,BI-01,burn_in,burn_in_cycle,BI-LOT-1-08191400,Automotive ECU (brake-by-wire),2026-08-19T14:00,2026-08-19T18:00,29,37,112.0,False,3.0,planned,2026-08-21T12:00,Cycle start may be deferred up to 3 h; a started cycle must not pause (test validity).
SCH-BI-02-08190930,2026-08-19,BI-02,burn_in,burn_in_cycle,BI-LOT-2-08190930,Automotive ECU (brake-by-wire),2026-08-19T09:30,2026-08-19T13:30,20,28,112.0,False,3.0,completed,2026-08-21T12:00,Cycle start may be deferred up to 3 h; a started cycle must not pause (test validity).
SCH-BI-02-08191430,2026-08-19,BI-02,burn_in,burn_in_cycle,BI-LOT-2-08191430,Automotive ECU (brake-by-wire),2026-08-19T14:30,2026-08-19T18:30,30,38,112.0,False,3.0,planned,2026-08-21T12:00,Cycle start may be deferred up to 3 h; a started cycle must not pause (test validity).
SCH-BI-03-08191030,2026-08-19,BI-03,burn_in,burn_in_cycle,BI-LOT-3-08191030,Automotive ECU (brake-by-wire),2026-08-19T10:30,2026-08-19T14:30,22,30,112.0,False,3.0,running,2026-08-21T12:00,Cycle start may be deferred up to 3 h; a started cycle must not pause (test validity).
SCH-BI-03-08191600,2026-08-19,BI-03,burn_in,burn_in_cycle,BI-LOT-3-08191600,Automotive ECU (brake-by-wire),2026-08-19T16:00,2026-08-19T20:00,33,41,112.0,False,3.0,planned,2026-08-21T12:00,Cycle start may be deferred up to 3 h; a started cycle must not pause (test validity).
SCH-BI-04-08191100,2026-08-19,BI-04,burn_in,burn_in_cycle,BI-LOT-4-08191100,Automotive ECU (brake-by-wire),2026-08-19T11:00,2026-08-19T15:00,23,31,112.0,False,3.0,running,2026-08-21T12:00,Cycle start may be deferred up to 3 h; a started cycle must not pause (test validity).
SCH-BI-04-08191615,2026-08-19,BI-04,burn_in,burn_in_cycle,BI-LOT-4-08191615,Automotive ECU (brake-by-wire),2026-08-19T16:15,2026-08-19T20:15,33,41,112.0,False,3.0,planned,2026-08-21T12:00,Cycle start may be deferred up to 3 h; a started cycle must not pause (test validity).
SCH-BI-05-08191130,2026-08-19,BI-05,burn_in,burn_in_cycle,BI-LOT-5-08191130,Automotive ECU (brake-by-wire),2026-08-19T11:30,2026-08-19T15:30,24,32,112.0,False,3.0,running,2026-08-21T12:00,Cycle start may be deferred up to 3 h; a started cycle must not pause (test validity).
SCH-BI-05-08191630,2026-08-19,BI-05,burn_in,burn_in_cycle,BI-LOT-5-08191630,Automotive ECU (brake-by-wire),2026-08-19T16:30,2026-08-19T20:30,34,42,112.0,False,3.0,planned,2026-08-21T12:00,Cycle start may be deferred up to 3 h; a started cycle must not pause (test validity).
SCH-BI-06-08191230,2026-08-19,BI-06,burn_in,burn_in_cycle,BI-LOT-6-08191230,Automotive ECU (brake-by-wire),2026-08-19T12:30,2026-08-19T16:30,26,34,112.0,False,3.0,running,2026-08-21T12:00,Cycle start may be deferred up to 3 h; a started cycle must not pause (test validity).
SCH-BI-06-08191700,2026-08-19,BI-06,burn_in,burn_in_cycle,BI-LOT-6-08191700,Automotive ECU (brake-by-wire),2026-08-19T17:00,2026-08-19T21:00,35,43,112.0,False,3.0,planned,2026-08-21T12:00,Cycle start may be deferred up to 3 h; a started cycle must not pause (test validity).
SCH-BI-07-08190800,2026-08-19,BI-07,burn_in,burn_in_cycle,BI-LOT-7-08190800,Automotive ECU (brake-by-wire),2026-08-19T08:00,2026-08-19T12:00,17,25,112.0,False,3.0,completed,2026-08-21T12:00,Cycle start may be deferred up to 3 h; a started cycle must not pause (test validity).
SCH-BI-07-08191930,2026-08-19,BI-07,burn_in,burn_in_cycle,BI-LOT-7-08191930,Automotive ECU (brake-by-wire),2026-08-19T19:30,2026-08-19T23:30,40,48,112.0,False,3.0,planned,2026-08-21T12:00,Cycle start may be deferred up to 3 h; a started cycle must not pause (test validity).
SCH-BI-08-08190800,2026-08-19,BI-08,burn_in,burn_in_cycle,BI-LOT-8-08190800,Automotive ECU (brake-by-wire),2026-08-19T08:00,2026-08-19T12:00,17,25,112.0,False,3.0,completed,2026-08-21T12:00,Cycle start may be deferred up to 3 h; a started cycle must not pause (test validity).
SCH-BI-08-08191200,2026-08-19,BI-08,burn_in,burn_in_cycle,BI-LOT-8-08191200,Automotive ECU (brake-by-wire),2026-08-19T12:00,2026-08-19T16:00,25,33,112.0,False,3.0,running,2026-08-21T12:00,Cycle start may be deferred up to 3 h; a started cycle must not pause (test validity).
SCH-EV-07-08191630,2026-08-19,EV-07,ev_charger,ev_charge_session,,Delivery van,2026-08-19T16:30,2026-08-19T19:30,34,40,50.0,True,3.0,planned,2026-08-20T07:00,Vans return 16:30; must reach 80 % SOC by 07:00 departure.
SCH-EV-08-08191630,2026-08-19,EV-08,ev_charger,ev_charge_session,,Delivery van,2026-08-19T16:30,2026-08-19T19:30,34,40,50.0,True,3.0,planned,2026-08-20T07:00,Vans return 16:30; must reach 80 % SOC by 07:00 departure.
SCH-EV-09-08191630,2026-08-19,EV-09,ev_charger,ev_charge_session,,Delivery van,2026-08-19T16:30,2026-08-19T19:30,34,40,50.0,True,3.0,planned,2026-08-20T07:00,Vans return 16:30; must reach 80 % SOC by 07:00 departure.
SCH-EV-10-08191630,2026-08-19,EV-10,ev_charger,ev_charge_session,,Delivery van,2026-08-19T16:30,2026-08-19T19:30,34,40,50.0,True,3.0,planned,2026-08-20T07:00,Vans return 16:30; must reach 80 % SOC by 07:00 departure.
SCH-FN-01-08190100,2026-08-19,FN-01,furnace,sinter_batch,LOT-01-0819-0100,SiC power module 1200 V class,2026-08-19T01:00,2026-08-19T03:30,3,8,830.0,False,0.0,completed,2026-08-20T08:00,Non-interruptible sintering profile once started. Start may move up to 3 h in planning.
SCH-FN-01-08190430,2026-08-19,FN-01,furnace,sinter_batch,LOT-01-0819-0430,SiC power module 1200 V class,2026-08-19T04:30,2026-08-19T07:00,10,15,830.0,False,0.0,completed,2026-08-20T08:00,Non-interruptible sintering profile once started. Start may move up to 3 h in planning.
SCH-FN-01-08190740,2026-08-19,FN-01,furnace,sinter_batch,LOT-01-0819-0740,SiC power module 1200 V class,2026-08-19T07:40,2026-08-19T10:10,16,21,830.0,False,0.0,completed,2026-08-20T08:00,Non-interruptible sintering profile once started. Start may move up to 3 h in planning.
SCH-FN-01-08191050,2026-08-19,FN-01,furnace,sinter_batch,LOT-01-0819-1050,SiC power module 1200 V class,2026-08-19T10:50,2026-08-19T13:20,22,27,830.0,False,0.0,completed,2026-08-20T08:00,Non-interruptible sintering profile once started. Start may move up to 3 h in planning.
SCH-FN-01-08191340,2026-08-19,FN-01,furnace,sinter_batch,LOT-01-0819-1340,SiC power module 1200 V class,2026-08-19T13:40,2026-08-19T16:10,28,33,830.0,False,3.0,planned,2026-08-20T08:00,Non-interruptible sintering profile once started. Start may move up to 3 h in planning.
SCH-FN-01-08191920,2026-08-19,FN-01,furnace,sinter_batch,LOT-01-0819-1920,SiC power module 1200 V class,2026-08-19T19:20,2026-08-19T21:50,39,44,830.0,False,3.0,planned,2026-08-20T08:00,Non-interruptible sintering profile once started. Start may move up to 3 h in planning.
SCH-FN-01-08192220,2026-08-19,FN-01,furnace,sinter_batch,LOT-01-0819-2220,SiC power module 1200 V class,2026-08-19T22:20,2026-08-20T00:50,45,49,830.0,False,3.0,planned,2026-08-20T08:00,Non-interruptible sintering profile once started. Start may move up to 3 h in planning.
SCH-FN-02-08190210,2026-08-19,FN-02,furnace,sinter_batch,LOT-02-0819-0210,SiC power module 1200 V class,2026-08-19T02:10,2026-08-19T04:40,5,10,830.0,False,0.0,completed,2026-08-20T08:00,Non-interruptible sintering profile once started. Start may move up to 3 h in planning.
SCH-FN-02-08190520,2026-08-19,FN-02,furnace,sinter_batch,LOT-02-0819-0520,SiC power module 1200 V class,2026-08-19T05:20,2026-08-19T07:50,11,16,830.0,False,0.0,completed,2026-08-20T08:00,Non-interruptible sintering profile once started. Start may move up to 3 h in planning.
SCH-FN-02-08190830,2026-08-19,FN-02,furnace,sinter_batch,LOT-02-0819-0830,SiC power module 1200 V class,2026-08-19T08:30,2026-08-19T11:00,18,23,830.0,False,0.0,completed,2026-08-20T08:00,Non-interruptible sintering profile once started. Start may move up to 3 h in planning.
SCH-FN-02-08191140,2026-08-19,FN-02,furnace,sinter_batch,LOT-02-0819-1140,SiC power module 1200 V class,2026-08-19T11:40,2026-08-19T14:10,24,29,830.0,False,0.0,running,2026-08-20T08:00,Non-interruptible sintering profile once started. Start may move up to 3 h in planning.
SCH-FN-02-08191710,2026-08-19,FN-02,furnace,sinter_batch,LOT-02-0819-1710,SiC power module 1200 V class,2026-08-19T17:10,2026-08-19T19:40,35,40,830.0,False,3.0,planned,2026-08-20T08:00,"Customer lot for EV inverter modules, due 08:00 tomorrow. Non-interruptible once started."
SCH-FN-02-08192020,2026-08-19,FN-02,furnace,sinter_batch,LOT-02-0819-2020,SiC power module 1200 V class,2026-08-19T20:20,2026-08-19T22:50,41,46,830.0,False,3.0,planned,2026-08-20T08:00,Non-interruptible sintering profile once started. Start may move up to 3 h in planning.
SCH-FN-03-08190200,2026-08-19,FN-03,furnace,sinter_batch,LOT-03-0819-0200,SiC power module 1200 V class,2026-08-19T02:00,2026-08-19T04:30,5,10,830.0,False,0.0,completed,2026-08-20T08:00,Non-interruptible sintering profile once started. Start may move up to 3 h in planning.
SCH-FN-03-08190520,2026-08-19,FN-03,furnace,sinter_batch,LOT-03-0819-0520,SiC power module 1200 V class,2026-08-19T05:20,2026-08-19T07:50,11,16,830.0,False,0.0,completed,2026-08-20T08:00,Non-interruptible sintering profile once started. Start may move up to 3 h in planning.
SCH-FN-03-08190800,2026-08-19,FN-03,furnace,sinter_batch,LOT-03-0819-0800,SiC power module 1200 V class,2026-08-19T08:00,2026-08-19T10:30,17,22,830.0,False,0.0,completed,2026-08-20T08:00,Non-interruptible sintering profile once started. Start may move up to 3 h in planning.
SCH-FN-03-08191100,2026-08-19,FN-03,furnace,sinter_batch,LOT-03-0819-1100,SiC power module 1200 V class,2026-08-19T11:00,2026-08-19T13:30,23,28,830.0,False,0.0,completed,2026-08-20T08:00,Non-interruptible sintering profile once started. Start may move up to 3 h in planning.
SCH-FN-03-08191330,2026-08-19,FN-03,furnace,idle_window,,,2026-08-19T13:30,2026-08-19T20:30,28,42,130.0,True,0.0,running,,No batch until 20:30 (awaiting substrates). Reheat from standby takes 90 min.
SCH-FN-03-08192030,2026-08-19,FN-03,furnace,sinter_batch,LOT-03-0819-2030,SiC power module 1200 V class,2026-08-19T20:30,2026-08-19T23:00,42,47,830.0,False,3.0,planned,2026-08-20T08:00,Non-interruptible sintering profile once started. Start may move up to 3 h in planning.
SCH-LN-01-08190600,2026-08-19,LN-01,production_line,production_run,RUN-L1-0819-S1,SiC power module,2026-08-19T06:00,2026-08-19T14:00,13,29,720.0,False,0.0,running,,Continuous production. No line stops without MES release.
SCH-LN-01-08191400,2026-08-19,LN-01,production_line,production_run,RUN-L1-0819-S2,SiC power module,2026-08-19T14:00,2026-08-19T22:00,29,45,720.0,False,0.0,planned,,Continuous production. No line stops without MES release.
SCH-LN-01-08192200,2026-08-19,LN-01,production_line,production_run,RUN-L1-0819-S3,SiC power module,2026-08-19T22:00,2026-08-20T00:00,45,49,720.0,False,0.0,planned,,Continuous production. No line stops without MES release.
SCH-LN-02-08190600,2026-08-19,LN-02,production_line,production_run,RUN-L2-0819-S1,SiC power module,2026-08-19T06:00,2026-08-19T14:00,13,29,720.0,False,0.0,running,,Continuous production. No line stops without MES release.
SCH-LN-02-08191400,2026-08-19,LN-02,production_line,production_run,RUN-L2-0819-S2,SiC power module,2026-08-19T14:00,2026-08-19T22:00,29,45,720.0,False,0.0,planned,,Continuous production. No line stops without MES release.
SCH-LN-02-08192200,2026-08-19,LN-02,production_line,production_run,RUN-L2-0819-S3,SiC power module,2026-08-19T22:00,2026-08-20T00:00,45,49,720.0,False,0.0,planned,,Continuous production. No line stops without MES release.
SCH-LN-03-08190600,2026-08-19,LN-03,production_line,production_run,RUN-L3-0819-S1,SiC power module,2026-08-19T06:00,2026-08-19T14:00,13,29,720.0,False,0.0,running,,Continuous production. No line stops without MES release.
SCH-LN-03-08191400,2026-08-19,LN-03,production_line,production_run,RUN-L3-0819-S2,SiC power module,2026-08-19T14:00,2026-08-19T22:00,29,45,720.0,False,0.0,planned,,Continuous production. No line stops without MES release.
SCH-LN-03-08192200,2026-08-19,LN-03,production_line,production_run,RUN-L3-0819-S3,SiC power module,2026-08-19T22:00,2026-08-20T00:00,45,49,720.0,False,0.0,planned,,Continuous production. No line stops without MES release.
SCH-LN-04-08190600,2026-08-19,LN-04,production_line,production_run,RUN-L4-0819-S1,SiC power module,2026-08-19T06:00,2026-08-19T14:00,13,29,720.0,False,0.0,running,,Continuous production. No line stops without MES release.
SCH-LN-04-08191400,2026-08-19,LN-04,production_line,production_run,RUN-L4-0819-S2,SiC power module,2026-08-19T14:00,2026-08-19T22:00,29,45,720.0,False,0.0,planned,,Continuous production. No line stops without MES release.
SCH-LN-04-08192200,2026-08-19,LN-04,production_line,production_run,RUN-L4-0819-S3,SiC power module,2026-08-19T22:00,2026-08-20T00:00,45,49,720.0,False,0.0,planned,,Continuous production. No line stops without MES release.
SCH-LN-05-08190600,2026-08-19,LN-05,production_line,production_run,RUN-L5-0819-S1,Automotive ECU,2026-08-19T06:00,2026-08-19T14:00,13,29,455.0,False,0.0,running,,Continuous production. No line stops without MES release.
SCH-LN-05-08191400,2026-08-19,LN-05,production_line,production_run,RUN-L5-0819-S2,Automotive ECU,2026-08-19T14:00,2026-08-19T22:00,29,45,455.0,False,0.0,planned,,Continuous production. No line stops without MES release.
SCH-LN-06-08190600,2026-08-19,LN-06,production_line,production_run,RUN-L6-0819-S1,Automotive ECU,2026-08-19T06:00,2026-08-19T14:00,13,29,455.0,False,0.0,running,,Continuous production. No line stops without MES release.
SCH-LN-06-08191400,2026-08-19,LN-06,production_line,production_run,RUN-L6-0819-S2,Automotive ECU,2026-08-19T14:00,2026-08-19T22:00,29,45,455.0,False,0.0,planned,,Continuous production. No line stops without MES release.
