issued_at,date,slot,ts,p10_kw,p50_kw,p90_kw,clear_sky_kw,model
2026-08-05T06:00,2026-08-05,11,2026-08-05T05:00,29.868,35.48,37.996,37.996,WeatherNext-class 64-member ensemble (simulated)
2026-08-05T06:00,2026-08-05,12,2026-08-05T05:30,156.573,185.989,209.522,217.223,WeatherNext-class 64-member ensemble (simulated)
2026-08-05T06:00,2026-08-05,13,2026-08-05T06:00,215.674,256.194,288.61,441.388,WeatherNext-class 64-member ensemble (simulated)
2026-08-05T06:00,2026-08-05,14,2026-08-05T06:30,445.002,528.607,595.491,679.122,WeatherNext-class 64-member ensemble (simulated)
2026-08-05T06:00,2026-08-05,15,2026-08-05T07:00,527.971,627.163,706.517,917.168,WeatherNext-class 64-member ensemble (simulated)
2026-08-05T06:00,2026-08-05,16,2026-08-05T07:30,953.618,1132.779,1146.302,1146.302,WeatherNext-class 64-member ensemble (simulated)
2026-08-05T06:00,2026-08-05,17,2026-08-05T08:00,935.003,1110.667,1251.198,1359.535,WeatherNext-class 64-member ensemble (simulated)
2026-08-05T06:00,2026-08-05,18,2026-08-05T08:30,864.819,1027.297,1157.279,1551.517,WeatherNext-class 64-member ensemble (simulated)
2026-08-05T06:00,2026-08-05,19,2026-08-05T09:00,1007.963,1197.335,1348.832,1718.238,WeatherNext-class 64-member ensemble (simulated)
2026-08-05T06:00,2026-08-05,20,2026-08-05T09:30,1033.251,1227.374,1382.671,1856.819,WeatherNext-class 64-member ensemble (simulated)
2026-08-05T06:00,2026-08-05,21,2026-08-05T10:00,1241.706,1474.991,1661.62,1965.324,WeatherNext-class 64-member ensemble (simulated)
2026-08-05T06:00,2026-08-05,22,2026-08-05T10:30,1588.675,1887.147,2042.585,2042.585,WeatherNext-class 64-member ensemble (simulated)
2026-08-05T06:00,2026-08-05,23,2026-08-05T11:00,1352.015,1606.025,1809.233,2088.037,WeatherNext-class 64-member ensemble (simulated)
2026-08-05T06:00,2026-08-05,24,2026-08-05T11:30,1466.669,1742.22,1962.661,2101.572,WeatherNext-class 64-member ensemble (simulated)
2026-08-05T06:00,2026-08-05,25,2026-08-05T12:00,1637.589,1945.252,2083.431,2083.431,WeatherNext-class 64-member ensemble (simulated)
2026-08-05T06:00,2026-08-05,26,2026-08-05T12:30,1166.497,1385.653,1560.978,2034.133,WeatherNext-class 64-member ensemble (simulated)
2026-08-05T06:00,2026-08-05,27,2026-08-05T13:00,1358.858,1614.154,1818.39,1954.453,WeatherNext-class 64-member ensemble (simulated)
2026-08-05T06:00,2026-08-05,28,2026-08-05T13:30,1222.087,1451.687,1635.367,1845.459,WeatherNext-class 64-member ensemble (simulated)
2026-08-05T06:00,2026-08-05,29,2026-08-05T14:00,1002.056,1190.317,1340.927,1708.51,WeatherNext-class 64-member ensemble (simulated)
2026-08-05T06:00,2026-08-05,30,2026-08-05T14:30,911.753,1083.049,1220.086,1545.198,WeatherNext-class 64-member ensemble (simulated)
2026-08-05T06:00,2026-08-05,31,2026-08-05T15:00,648.382,770.197,867.649,1358.204,WeatherNext-class 64-member ensemble (simulated)
2026-08-05T06:00,2026-08-05,32,2026-08-05T15:30,610.199,724.841,816.554,1151.258,WeatherNext-class 64-member ensemble (simulated)
2026-08-05T06:00,2026-08-05,33,2026-08-05T16:00,575.459,683.574,770.065,929.19,WeatherNext-class 64-member ensemble (simulated)
2026-08-05T06:00,2026-08-05,34,2026-08-05T16:30,377.583,448.521,505.272,698.216,WeatherNext-class 64-member ensemble (simulated)
2026-08-05T06:00,2026-08-05,35,2026-08-05T17:00,285.211,338.795,381.662,466.49,WeatherNext-class 64-member ensemble (simulated)
2026-08-05T06:00,2026-08-05,36,2026-08-05T17:30,159.534,189.506,213.484,245.568,WeatherNext-class 64-member ensemble (simulated)
2026-08-05T06:00,2026-08-05,37,2026-08-05T18:00,35.196,41.809,47.099,58.124,WeatherNext-class 64-member ensemble (simulated)
2026-08-06T06:00,2026-08-06,11,2026-08-06T05:00,32.16,35.973,37.633,37.633,WeatherNext-class 64-member ensemble (simulated)
2026-08-06T06:00,2026-08-06,12,2026-08-06T05:30,142.934,159.881,173.439,215.133,WeatherNext-class 64-member ensemble (simulated)
2026-08-06T06:00,2026-08-06,13,2026-08-06T06:00,370.73,414.687,437.097,437.097,WeatherNext-class 64-member ensemble (simulated)
2026-08-06T06:00,2026-08-06,14,2026-08-06T06:30,518.787,580.299,629.508,672.445,WeatherNext-class 64-member ensemble (simulated)
2026-08-06T06:00,2026-08-06,15,2026-08-06T07:00,660.914,739.278,801.968,908.039,WeatherNext-class 64-member ensemble (simulated)
2026-08-06T06:00,2026-08-06,16,2026-08-06T07:30,923.68,1033.2,1120.815,1134.744,WeatherNext-class 64-member ensemble (simulated)
2026-08-06T06:00,2026-08-06,17,2026-08-06T08:00,936.009,1046.99,1135.775,1345.649,WeatherNext-class 64-member ensemble (simulated)
2026-08-06T06:00,2026-08-06,18,2026-08-06T08:30,1372.711,1535.471,1535.471,1535.471,WeatherNext-class 64-member ensemble (simulated)
2026-08-06T06:00,2026-08-06,19,2026-08-06T09:00,1462.241,1635.616,1700.256,1700.256,WeatherNext-class 64-member ensemble (simulated)
2026-08-06T06:00,2026-08-06,20,2026-08-06T09:30,1642.435,1837.175,1837.175,1837.175,WeatherNext-class 64-member ensemble (simulated)
2026-08-06T06:00,2026-08-06,21,2026-08-06T10:00,1545.297,1728.52,1875.099,1944.335,WeatherNext-class 64-member ensemble (simulated)
2026-08-06T06:00,2026-08-06,22,2026-08-06T10:30,1687.058,1887.09,2020.602,2020.602,WeatherNext-class 64-member ensemble (simulated)
2026-08-06T06:00,2026-08-06,23,2026-08-06T11:00,1846.497,2065.433,2065.433,2065.433,WeatherNext-class 64-member ensemble (simulated)
2026-08-06T06:00,2026-08-06,24,2026-08-06T11:30,1858.392,2078.738,2078.738,2078.738,WeatherNext-class 64-member ensemble (simulated)
2026-08-06T06:00,2026-08-06,25,2026-08-06T12:00,1839.259,2057.336,2060.762,2060.762,WeatherNext-class 64-member ensemble (simulated)
2026-08-06T06:00,2026-08-06,26,2026-08-06T12:30,1798.745,2012.019,2012.019,2012.019,WeatherNext-class 64-member ensemble (simulated)
2026-08-06T06:00,2026-08-06,27,2026-08-06T13:00,1652.896,1848.877,1933.273,1933.273,WeatherNext-class 64-member ensemble (simulated)
2026-08-06T06:00,2026-08-06,28,2026-08-06T13:30,1173.161,1312.261,1423.54,1825.568,WeatherNext-class 64-member ensemble (simulated)
2026-08-06T06:00,2026-08-06,29,2026-08-06T14:00,1511.066,1690.231,1690.231,1690.231,WeatherNext-class 64-member ensemble (simulated)
2026-08-06T06:00,2026-08-06,30,2026-08-06T14:30,1246.884,1394.724,1512.997,1528.812,WeatherNext-class 64-member ensemble (simulated)
2026-08-06T06:00,2026-08-06,31,2026-08-06T15:00,982.169,1098.623,1191.787,1343.945,WeatherNext-class 64-member ensemble (simulated)
2026-08-06T06:00,2026-08-06,32,2026-08-06T15:30,871.968,975.356,1058.066,1139.304,WeatherNext-class 64-member ensemble (simulated)
2026-08-06T06:00,2026-08-06,33,2026-08-06T16:00,822.169,919.652,919.652,919.652,WeatherNext-class 64-member ensemble (simulated)
2026-08-06T06:00,2026-08-06,34,2026-08-06T16:30,570.543,638.192,691.132,691.132,WeatherNext-class 64-member ensemble (simulated)
2026-08-06T06:00,2026-08-06,35,2026-08-06T17:00,367.373,410.932,445.779,461.811,WeatherNext-class 64-member ensemble (simulated)
2026-08-06T06:00,2026-08-06,36,2026-08-06T17:30,207.038,231.586,243.131,243.131,WeatherNext-class 64-member ensemble (simulated)
2026-08-06T06:00,2026-08-06,37,2026-08-06T18:00,50.365,56.336,57.552,57.552,WeatherNext-class 64-member ensemble (simulated)
2026-08-07T06:00,2026-08-07,11,2026-08-07T05:00,26.091,30.004,33.135,37.763,WeatherNext-class 64-member ensemble (simulated)
2026-08-07T06:00,2026-08-07,12,2026-08-07T05:30,153.462,176.478,194.89,215.88,WeatherNext-class 64-member ensemble (simulated)
2026-08-07T06:00,2026-08-07,13,2026-08-07T06:00,260.953,300.091,331.4,438.631,WeatherNext-class 64-member ensemble (simulated)
2026-08-07T06:00,2026-08-07,14,2026-08-07T06:30,477.005,548.546,605.778,674.831,WeatherNext-class 64-member ensemble (simulated)
2026-08-07T06:00,2026-08-07,15,2026-08-07T07:00,644.162,740.772,818.061,911.302,WeatherNext-class 64-member ensemble (simulated)
2026-08-07T06:00,2026-08-07,16,2026-08-07T07:30,979.32,1126.198,1138.875,1138.875,WeatherNext-class 64-member ensemble (simulated)
2026-08-07T06:00,2026-08-07,17,2026-08-07T08:00,949.6,1092.02,1205.955,1350.612,WeatherNext-class 64-member ensemble (simulated)
2026-08-07T06:00,2026-08-07,18,2026-08-07T08:30,1056.333,1214.76,1341.502,1541.205,WeatherNext-class 64-member ensemble (simulated)
2026-08-07T06:00,2026-08-07,19,2026-08-07T09:00,1297.752,1492.387,1648.096,1706.683,WeatherNext-class 64-member ensemble (simulated)
2026-08-07T06:00,2026-08-07,20,2026-08-07T09:30,1358.963,1562.779,1725.831,1844.196,WeatherNext-class 64-member ensemble (simulated)
2026-08-07T06:00,2026-08-07,21,2026-08-07T10:00,1397.089,1606.623,1774.25,1951.837,WeatherNext-class 64-member ensemble (simulated)
2026-08-07T06:00,2026-08-07,22,2026-08-07T10:30,1447.063,1664.092,1837.715,2028.459,WeatherNext-class 64-member ensemble (simulated)
2026-08-07T06:00,2026-08-07,23,2026-08-07T11:00,1675.641,1926.951,2073.512,2073.512,WeatherNext-class 64-member ensemble (simulated)
2026-08-07T06:00,2026-08-07,24,2026-08-07T11:30,1631.757,1876.486,2072.269,2086.899,WeatherNext-class 64-member ensemble (simulated)
2026-08-07T06:00,2026-08-07,25,2026-08-07T12:00,1485.227,1707.979,1886.181,2068.864,WeatherNext-class 64-member ensemble (simulated)
2026-08-07T06:00,2026-08-07,26,2026-08-07T12:30,1516.899,1744.401,1926.403,2019.923,WeatherNext-class 64-member ensemble (simulated)
2026-08-07T06:00,2026-08-07,27,2026-08-07T13:00,1384.615,1592.277,1758.407,1940.843,WeatherNext-class 64-member ensemble (simulated)
2026-08-07T06:00,2026-08-07,28,2026-08-07T13:30,1222.145,1405.44,1552.077,1832.677,WeatherNext-class 64-member ensemble (simulated)
2026-08-07T06:00,2026-08-07,29,2026-08-07T14:00,1280.447,1472.486,1626.118,1696.764,WeatherNext-class 64-member ensemble (simulated)
2026-08-07T06:00,2026-08-07,30,2026-08-07T14:30,955.661,1098.989,1213.652,1534.668,WeatherNext-class 64-member ensemble (simulated)
2026-08-07T06:00,2026-08-07,31,2026-08-07T15:00,985.051,1132.788,1250.977,1349.041,WeatherNext-class 64-member ensemble (simulated)
2026-08-07T06:00,2026-08-07,32,2026-08-07T15:30,994.433,1143.576,1143.576,1143.576,WeatherNext-class 64-member ensemble (simulated)
2026-08-07T06:00,2026-08-07,33,2026-08-07T16:00,802.676,923.061,923.061,923.061,WeatherNext-class 64-member ensemble (simulated)
2026-08-07T06:00,2026-08-07,34,2026-08-07T16:30,549.357,631.749,693.664,693.664,WeatherNext-class 64-member ensemble (simulated)
2026-08-07T06:00,2026-08-07,35,2026-08-07T17:00,340.14,391.154,431.964,463.483,WeatherNext-class 64-member ensemble (simulated)
2026-08-07T06:00,2026-08-07,36,2026-08-07T17:30,177.796,204.461,225.794,244.002,WeatherNext-class 64-member ensemble (simulated)
2026-08-07T06:00,2026-08-07,37,2026-08-07T18:00,41.315,47.512,52.469,57.756,WeatherNext-class 64-member ensemble (simulated)
2026-08-08T06:00,2026-08-08,11,2026-08-08T05:00,34.055,37.91,37.91,37.91,WeatherNext-class 64-member ensemble (simulated)
2026-08-08T06:00,2026-08-08,12,2026-08-08T05:30,163.43,181.929,196.728,216.731,WeatherNext-class 64-member ensemble (simulated)
2026-08-08T06:00,2026-08-08,13,2026-08-08T06:00,328.398,365.571,395.309,440.376,WeatherNext-class 64-member ensemble (simulated)
2026-08-08T06:00,2026-08-08,14,2026-08-08T06:30,550.221,612.502,662.327,677.547,WeatherNext-class 64-member ensemble (simulated)
2026-08-08T06:00,2026-08-08,15,2026-08-08T07:00,744.279,828.527,895.925,915.016,WeatherNext-class 64-member ensemble (simulated)
2026-08-08T06:00,2026-08-08,16,2026-08-08T07:30,1027.294,1143.577,1143.577,1143.577,WeatherNext-class 64-member ensemble (simulated)
2026-08-08T06:00,2026-08-08,17,2026-08-08T08:00,1084.736,1207.521,1305.75,1356.261,WeatherNext-class 64-member ensemble (simulated)
2026-08-08T06:00,2026-08-08,18,2026-08-08T08:30,1166.223,1298.232,1403.839,1547.734,WeatherNext-class 64-member ensemble (simulated)
2026-08-08T06:00,2026-08-08,19,2026-08-08T09:00,1261.145,1403.899,1518.102,1713.999,WeatherNext-class 64-member ensemble (simulated)
2026-08-08T06:00,2026-08-08,20,2026-08-08T09:30,1282.376,1427.533,1543.659,1852.188,WeatherNext-class 64-member ensemble (simulated)
2026-08-08T06:00,2026-08-08,21,2026-08-08T10:00,1632.69,1817.5,1960.376,1960.376,WeatherNext-class 64-member ensemble (simulated)
2026-08-08T06:00,2026-08-08,22,2026-08-08T10:30,1740.346,1937.342,2037.403,2037.403,WeatherNext-class 64-member ensemble (simulated)
2026-08-08T06:00,2026-08-08,23,2026-08-08T11:00,1870.93,2082.708,2082.708,2082.708,WeatherNext-class 64-member ensemble (simulated)
2026-08-08T06:00,2026-08-08,24,2026-08-08T11:30,1602.526,1783.922,1929.039,2096.189,WeatherNext-class 64-member ensemble (simulated)
2026-08-08T06:00,2026-08-08,25,2026-08-08T12:00,1773.302,1974.029,2078.087,2078.087,WeatherNext-class 64-member ensemble (simulated)
2026-08-08T06:00,2026-08-08,26,2026-08-08T12:30,1478.313,1645.649,1779.517,2028.92,WeatherNext-class 64-member ensemble (simulated)
2026-08-08T06:00,2026-08-08,27,2026-08-08T13:00,1739.154,1936.015,1949.46,1949.46,WeatherNext-class 64-member ensemble (simulated)
2026-08-08T06:00,2026-08-08,28,2026-08-08T13:30,1431.479,1593.514,1723.141,1840.77,WeatherNext-class 64-member ensemble (simulated)
2026-08-08T06:00,2026-08-08,29,2026-08-08T14:00,1468.288,1634.489,1704.201,1704.201,WeatherNext-class 64-member ensemble (simulated)
2026-08-08T06:00,2026-08-08,30,2026-08-08T14:30,1334.719,1485.801,1541.335,1541.335,WeatherNext-class 64-member ensemble (simulated)
2026-08-08T06:00,2026-08-08,31,2026-08-08T15:00,1132.466,1260.654,1354.842,1354.842,WeatherNext-class 64-member ensemble (simulated)
2026-08-08T06:00,2026-08-08,32,2026-08-08T15:30,792.022,881.674,953.395,1148.44,WeatherNext-class 64-member ensemble (simulated)
2026-08-08T06:00,2026-08-08,33,2026-08-08T16:00,687.071,764.843,827.061,926.941,WeatherNext-class 64-member ensemble (simulated)
2026-08-08T06:00,2026-08-08,34,2026-08-08T16:30,553.678,616.351,666.489,696.546,WeatherNext-class 64-member ensemble (simulated)
2026-08-08T06:00,2026-08-08,35,2026-08-08T17:00,315.508,351.221,379.792,465.387,WeatherNext-class 64-member ensemble (simulated)
2026-08-08T06:00,2026-08-08,36,2026-08-08T17:30,185.827,206.861,223.689,244.993,WeatherNext-class 64-member ensemble (simulated)
2026-08-08T06:00,2026-08-08,37,2026-08-08T18:00,52.092,57.989,57.989,57.989,WeatherNext-class 64-member ensemble (simulated)
2026-08-09T06:00,2026-08-09,11,2026-08-09T05:00,23.387,28.124,31.913,37.787,WeatherNext-class 64-member ensemble (simulated)
2026-08-09T06:00,2026-08-09,12,2026-08-09T05:30,143.076,172.056,195.239,216.018,WeatherNext-class 64-member ensemble (simulated)
2026-08-09T06:00,2026-08-09,13,2026-08-09T06:00,321.849,387.037,438.914,438.914,WeatherNext-class 64-member ensemble (simulated)
2026-08-09T06:00,2026-08-09,14,2026-08-09T06:30,532.491,640.343,675.271,675.271,WeatherNext-class 64-member ensemble (simulated)
2026-08-09T06:00,2026-08-09,15,2026-08-09T07:00,478.386,575.28,652.795,911.904,WeatherNext-class 64-member ensemble (simulated)
2026-08-09T06:00,2026-08-09,16,2026-08-09T07:30,607.587,730.65,829.101,1139.637,WeatherNext-class 64-member ensemble (simulated)
2026-08-09T06:00,2026-08-09,17,2026-08-09T08:00,732.993,881.457,1000.227,1351.528,WeatherNext-class 64-member ensemble (simulated)
2026-08-09T06:00,2026-08-09,18,2026-08-09T08:30,865.867,1041.244,1181.545,1542.264,WeatherNext-class 64-member ensemble (simulated)
2026-08-09T06:00,2026-08-09,19,2026-08-09T09:00,1128.751,1357.373,1540.27,1707.869,WeatherNext-class 64-member ensemble (simulated)
2026-08-09T06:00,2026-08-09,20,2026-08-09T09:30,1385.725,1666.396,1845.492,1845.492,WeatherNext-class 64-member ensemble (simulated)
2026-08-09T06:00,2026-08-09,21,2026-08-09T10:00,1239.003,1489.955,1690.718,1953.221,WeatherNext-class 64-member ensemble (simulated)
2026-08-09T06:00,2026-08-09,22,2026-08-09T10:30,1052.458,1265.627,1436.162,2029.909,WeatherNext-class 64-member ensemble (simulated)
2026-08-09T06:00,2026-08-09,23,2026-08-09T11:00,1248.408,1501.266,1703.552,2075.003,WeatherNext-class 64-member ensemble (simulated)
2026-08-09T06:00,2026-08-09,24,2026-08-09T11:30,1119.179,1345.862,1527.209,2088.405,WeatherNext-class 64-member ensemble (simulated)
2026-08-09T06:00,2026-08-09,25,2026-08-09T12:00,1203.605,1447.388,1642.415,2070.36,WeatherNext-class 64-member ensemble (simulated)
2026-08-09T06:00,2026-08-09,26,2026-08-09T12:30,766.977,922.324,1046.601,2021.381,WeatherNext-class 64-member ensemble (simulated)
2026-08-09T06:00,2026-08-09,27,2026-08-09T13:00,1130.539,1359.523,1542.71,1942.24,WeatherNext-class 64-member ensemble (simulated)
2026-08-09T06:00,2026-08-09,28,2026-08-09T13:30,757.699,911.167,1033.941,1833.989,WeatherNext-class 64-member ensemble (simulated)
2026-08-09T06:00,2026-08-09,29,2026-08-09T14:00,970.483,1167.049,1324.301,1697.97,WeatherNext-class 64-member ensemble (simulated)
2026-08-09T06:00,2026-08-09,30,2026-08-09T14:30,1129.098,1357.79,1535.749,1535.749,WeatherNext-class 64-member ensemble (simulated)
2026-08-09T06:00,2026-08-09,31,2026-08-09T15:00,805.673,968.858,1099.405,1349.982,WeatherNext-class 64-member ensemble (simulated)
2026-08-09T06:00,2026-08-09,32,2026-08-09T15:30,811.481,975.842,1107.331,1144.365,WeatherNext-class 64-member ensemble (simulated)
2026-08-09T06:00,2026-08-09,33,2026-08-09T16:00,626.208,753.042,854.51,923.69,WeatherNext-class 64-member ensemble (simulated)
2026-08-09T06:00,2026-08-09,34,2026-08-09T16:30,451.089,542.454,615.546,694.131,WeatherNext-class 64-member ensemble (simulated)
2026-08-09T06:00,2026-08-09,35,2026-08-09T17:00,327.823,394.222,447.341,463.792,WeatherNext-class 64-member ensemble (simulated)
2026-08-09T06:00,2026-08-09,36,2026-08-09T17:30,116.046,139.55,158.354,244.163,WeatherNext-class 64-member ensemble (simulated)
2026-08-09T06:00,2026-08-09,37,2026-08-09T18:00,40.534,48.744,55.312,57.794,WeatherNext-class 64-member ensemble (simulated)
2026-08-10T06:00,2026-08-10,11,2026-08-10T05:00,24.539,28.376,31.446,37.866,WeatherNext-class 64-member ensemble (simulated)
2026-08-10T06:00,2026-08-10,12,2026-08-10T05:30,157.844,182.525,202.269,216.478,WeatherNext-class 64-member ensemble (simulated)
2026-08-10T06:00,2026-08-10,13,2026-08-10T06:00,375.583,434.309,439.857,439.857,WeatherNext-class 64-member ensemble (simulated)
2026-08-10T06:00,2026-08-10,14,2026-08-10T06:30,480.308,555.409,615.489,676.74,WeatherNext-class 64-member ensemble (simulated)
2026-08-10T06:00,2026-08-10,15,2026-08-10T07:00,726.85,840.5,913.912,913.912,WeatherNext-class 64-member ensemble (simulated)
2026-08-10T06:00,2026-08-10,16,2026-08-10T07:30,824.964,953.954,1057.147,1142.179,WeatherNext-class 64-member ensemble (simulated)
2026-08-10T06:00,2026-08-10,17,2026-08-10T08:00,999.225,1155.463,1280.454,1354.582,WeatherNext-class 64-member ensemble (simulated)
2026-08-10T06:00,2026-08-10,18,2026-08-10T08:30,1061.781,1227.8,1360.615,1545.793,WeatherNext-class 64-member ensemble (simulated)
2026-08-10T06:00,2026-08-10,19,2026-08-10T09:00,1154.284,1334.767,1479.154,1711.824,WeatherNext-class 64-member ensemble (simulated)
2026-08-10T06:00,2026-08-10,20,2026-08-10T09:30,887.659,1026.453,1137.488,1849.812,WeatherNext-class 64-member ensemble (simulated)
2026-08-10T06:00,2026-08-10,21,2026-08-10T10:00,938.675,1085.445,1202.862,1957.838,WeatherNext-class 64-member ensemble (simulated)
2026-08-10T06:00,2026-08-10,22,2026-08-10T10:30,1688.107,1952.058,2034.744,2034.744,WeatherNext-class 64-member ensemble (simulated)
2026-08-10T06:00,2026-08-10,23,2026-08-10T11:00,1609.881,1861.601,2062.977,2079.974,WeatherNext-class 64-member ensemble (simulated)
2026-08-10T06:00,2026-08-10,24,2026-08-10T11:30,1333.194,1541.651,1708.417,2093.428,WeatherNext-class 64-member ensemble (simulated)
2026-08-10T06:00,2026-08-10,25,2026-08-10T12:00,1247.521,1442.583,1598.632,2075.346,WeatherNext-class 64-member ensemble (simulated)
2026-08-10T06:00,2026-08-10,26,2026-08-10T12:30,1296.327,1499.02,1661.174,2026.245,WeatherNext-class 64-member ensemble (simulated)
2026-08-10T06:00,2026-08-10,27,2026-08-10T13:00,1057.755,1223.144,1355.456,1946.898,WeatherNext-class 64-member ensemble (simulated)
2026-08-10T06:00,2026-08-10,28,2026-08-10T13:30,1226.484,1418.256,1571.674,1838.364,WeatherNext-class 64-member ensemble (simulated)
2026-08-10T06:00,2026-08-10,29,2026-08-10T14:00,1431.059,1654.818,1701.99,1701.99,WeatherNext-class 64-member ensemble (simulated)
2026-08-10T06:00,2026-08-10,30,2026-08-10T14:30,1176.468,1360.419,1507.58,1539.353,WeatherNext-class 64-member ensemble (simulated)
2026-08-10T06:00,2026-08-10,31,2026-08-10T15:00,1051.449,1215.853,1347.376,1353.118,WeatherNext-class 64-member ensemble (simulated)
2026-08-10T06:00,2026-08-10,32,2026-08-10T15:30,802.122,927.542,1027.877,1146.994,WeatherNext-class 64-member ensemble (simulated)
2026-08-10T06:00,2026-08-10,33,2026-08-10T16:00,754.354,872.305,925.788,925.788,WeatherNext-class 64-member ensemble (simulated)
2026-08-10T06:00,2026-08-10,34,2026-08-10T16:30,563.287,651.362,695.689,695.689,WeatherNext-class 64-member ensemble (simulated)
2026-08-10T06:00,2026-08-10,35,2026-08-10T17:00,332.762,384.792,426.416,464.821,WeatherNext-class 64-member ensemble (simulated)
2026-08-10T06:00,2026-08-10,36,2026-08-10T17:30,169.135,195.581,216.737,244.699,WeatherNext-class 64-member ensemble (simulated)
2026-08-10T06:00,2026-08-10,37,2026-08-10T18:00,46.41,53.667,57.92,57.92,WeatherNext-class 64-member ensemble (simulated)
2026-08-11T06:00,2026-08-11,11,2026-08-11T05:00,30.271,34.32,37.56,37.784,WeatherNext-class 64-member ensemble (simulated)
2026-08-11T06:00,2026-08-11,12,2026-08-11T05:30,190.519,216.003,216.003,216.003,WeatherNext-class 64-member ensemble (simulated)
2026-08-11T06:00,2026-08-11,13,2026-08-11T06:00,380.03,430.863,438.883,438.883,WeatherNext-class 64-member ensemble (simulated)
2026-08-11T06:00,2026-08-11,14,2026-08-11T06:30,561.422,636.519,675.224,675.224,WeatherNext-class 64-member ensemble (simulated)
2026-08-11T06:00,2026-08-11,15,2026-08-11T07:00,747.631,847.636,911.839,911.839,WeatherNext-class 64-member ensemble (simulated)
2026-08-11T06:00,2026-08-11,16,2026-08-11T07:30,850.95,964.774,1055.834,1139.555,WeatherNext-class 64-member ensemble (simulated)
2026-08-11T06:00,2026-08-11,17,2026-08-11T08:00,1050.98,1191.562,1304.027,1351.429,WeatherNext-class 64-member ensemble (simulated)
2026-08-11T06:00,2026-08-11,18,2026-08-11T08:30,949.724,1076.761,1178.391,1542.15,WeatherNext-class 64-member ensemble (simulated)
2026-08-11T06:00,2026-08-11,19,2026-08-11T09:00,1256.508,1424.582,1559.04,1707.741,WeatherNext-class 64-member ensemble (simulated)
2026-08-11T06:00,2026-08-11,20,2026-08-11T09:30,1398.326,1585.369,1735.003,1845.352,WeatherNext-class 64-member ensemble (simulated)
2026-08-11T06:00,2026-08-11,21,2026-08-11T10:00,1424.146,1614.643,1767.041,1953.072,WeatherNext-class 64-member ensemble (simulated)
2026-08-11T06:00,2026-08-11,22,2026-08-11T10:30,1384.241,1569.401,1717.528,2029.753,WeatherNext-class 64-member ensemble (simulated)
2026-08-11T06:00,2026-08-11,23,2026-08-11T11:00,1641.818,1861.431,2037.121,2074.842,WeatherNext-class 64-member ensemble (simulated)
2026-08-11T06:00,2026-08-11,24,2026-08-11T11:30,1351.299,1532.052,1676.654,2088.243,WeatherNext-class 64-member ensemble (simulated)
2026-08-11T06:00,2026-08-11,25,2026-08-11T12:00,1763.109,1998.946,2070.198,2070.198,WeatherNext-class 64-member ensemble (simulated)
2026-08-11T06:00,2026-08-11,26,2026-08-11T12:30,1782.759,2021.224,2021.224,2021.224,WeatherNext-class 64-member ensemble (simulated)
2026-08-11T06:00,2026-08-11,27,2026-08-11T13:00,1603.836,1818.369,1942.089,1942.089,WeatherNext-class 64-member ensemble (simulated)
2026-08-11T06:00,2026-08-11,28,2026-08-11T13:30,1396.51,1583.31,1732.75,1833.848,WeatherNext-class 64-member ensemble (simulated)
2026-08-11T06:00,2026-08-11,29,2026-08-11T14:00,1497.527,1697.84,1697.84,1697.84,WeatherNext-class 64-member ensemble (simulated)
2026-08-11T06:00,2026-08-11,30,2026-08-11T14:30,1207.677,1369.218,1498.452,1535.633,WeatherNext-class 64-member ensemble (simulated)
2026-08-11T06:00,2026-08-11,31,2026-08-11T15:00,991.704,1124.357,1230.479,1349.88,WeatherNext-class 64-member ensemble (simulated)
2026-08-11T06:00,2026-08-11,32,2026-08-11T15:30,1009.277,1144.28,1144.28,1144.28,WeatherNext-class 64-member ensemble (simulated)
2026-08-11T06:00,2026-08-11,33,2026-08-11T16:00,814.652,923.622,923.622,923.622,WeatherNext-class 64-member ensemble (simulated)
2026-08-11T06:00,2026-08-11,34,2026-08-11T16:30,584.329,662.49,694.081,694.081,WeatherNext-class 64-member ensemble (simulated)
2026-08-11T06:00,2026-08-11,35,2026-08-11T17:00,339.657,385.09,421.436,463.759,WeatherNext-class 64-member ensemble (simulated)
2026-08-11T06:00,2026-08-11,36,2026-08-11T17:30,215.341,244.145,244.145,244.145,WeatherNext-class 64-member ensemble (simulated)
2026-08-11T06:00,2026-08-11,37,2026-08-11T18:00,42.614,48.315,52.875,57.79,WeatherNext-class 64-member ensemble (simulated)
2026-08-12T06:00,2026-08-12,11,2026-08-12T05:00,24.473,29.279,33.124,37.898,WeatherNext-class 64-member ensemble (simulated)
2026-08-12T06:00,2026-08-12,12,2026-08-12T05:30,150.189,179.682,203.276,216.663,WeatherNext-class 64-member ensemble (simulated)
2026-08-12T06:00,2026-08-12,13,2026-08-12T06:00,245.873,294.156,332.782,440.237,WeatherNext-class 64-member ensemble (simulated)
2026-08-12T06:00,2026-08-12,14,2026-08-12T06:30,476.191,569.702,644.511,677.33,WeatherNext-class 64-member ensemble (simulated)
2026-08-12T06:00,2026-08-12,15,2026-08-12T07:00,759.056,908.115,914.719,914.719,WeatherNext-class 64-member ensemble (simulated)
2026-08-12T06:00,2026-08-12,16,2026-08-12T07:30,631.08,755.008,854.15,1143.202,WeatherNext-class 64-member ensemble (simulated)
2026-08-12T06:00,2026-08-12,17,2026-08-12T08:00,1045.392,1250.679,1355.81,1355.81,WeatherNext-class 64-member ensemble (simulated)
2026-08-12T06:00,2026-08-12,18,2026-08-12T08:30,1249.246,1494.565,1547.213,1547.213,WeatherNext-class 64-member ensemble (simulated)
2026-08-12T06:00,2026-08-12,19,2026-08-12T09:00,1309.944,1567.182,1713.415,1713.415,WeatherNext-class 64-member ensemble (simulated)
2026-08-12T06:00,2026-08-12,20,2026-08-12T09:30,1547.635,1851.55,1851.55,1851.55,WeatherNext-class 64-member ensemble (simulated)
2026-08-12T06:00,2026-08-12,21,2026-08-12T10:00,1355.842,1622.093,1835.094,1959.694,WeatherNext-class 64-member ensemble (simulated)
2026-08-12T06:00,2026-08-12,22,2026-08-12T10:30,1480.853,1771.653,2004.293,2036.688,WeatherNext-class 64-member ensemble (simulated)
2026-08-12T06:00,2026-08-12,23,2026-08-12T11:00,1212.622,1450.749,1641.251,2081.974,WeatherNext-class 64-member ensemble (simulated)
2026-08-12T06:00,2026-08-12,24,2026-08-12T11:30,1423.545,1703.092,1926.729,2095.447,WeatherNext-class 64-member ensemble (simulated)
2026-08-12T06:00,2026-08-12,25,2026-08-12T12:00,1322.314,1581.981,1789.715,2077.351,WeatherNext-class 64-member ensemble (simulated)
2026-08-12T06:00,2026-08-12,26,2026-08-12T12:30,1382.104,1653.513,1870.64,2028.201,WeatherNext-class 64-member ensemble (simulated)
2026-08-12T06:00,2026-08-12,27,2026-08-12T13:00,1628.899,1948.772,1948.772,1948.772,WeatherNext-class 64-member ensemble (simulated)
2026-08-12T06:00,2026-08-12,28,2026-08-12T13:30,1538.084,1840.123,1840.123,1840.123,WeatherNext-class 64-member ensemble (simulated)
2026-08-12T06:00,2026-08-12,29,2026-08-12T14:00,1152.971,1379.384,1560.515,1703.607,WeatherNext-class 64-member ensemble (simulated)
2026-08-12T06:00,2026-08-12,30,2026-08-12T14:30,1287.894,1540.802,1540.802,1540.802,WeatherNext-class 64-member ensemble (simulated)
2026-08-12T06:00,2026-08-12,31,2026-08-12T15:00,884.738,1058.477,1197.469,1354.379,WeatherNext-class 64-member ensemble (simulated)
2026-08-12T06:00,2026-08-12,32,2026-08-12T15:30,827.964,990.554,1120.626,1148.052,WeatherNext-class 64-member ensemble (simulated)
2026-08-12T06:00,2026-08-12,33,2026-08-12T16:00,667.792,798.928,903.838,926.631,WeatherNext-class 64-member ensemble (simulated)
2026-08-12T06:00,2026-08-12,34,2026-08-12T16:30,427.584,511.55,578.723,696.316,WeatherNext-class 64-member ensemble (simulated)
2026-08-12T06:00,2026-08-12,35,2026-08-12T17:00,333.355,398.817,451.187,465.235,WeatherNext-class 64-member ensemble (simulated)
2026-08-12T06:00,2026-08-12,36,2026-08-12T17:30,150.407,179.943,203.572,244.914,WeatherNext-class 64-member ensemble (simulated)
2026-08-12T06:00,2026-08-12,37,2026-08-12T18:00,24.173,28.919,32.717,57.97,WeatherNext-class 64-member ensemble (simulated)
2026-08-13T06:00,2026-08-13,11,2026-08-13T05:00,27.25,32.462,36.631,37.891,WeatherNext-class 64-member ensemble (simulated)
2026-08-13T06:00,2026-08-13,12,2026-08-13T05:30,157.34,187.433,211.507,216.62,WeatherNext-class 64-member ensemble (simulated)
2026-08-13T06:00,2026-08-13,13,2026-08-13T06:00,280.02,333.576,376.421,440.148,WeatherNext-class 64-member ensemble (simulated)
2026-08-13T06:00,2026-08-13,14,2026-08-13T06:30,475.829,566.835,639.641,677.193,WeatherNext-class 64-member ensemble (simulated)
2026-08-13T06:00,2026-08-13,15,2026-08-13T07:00,653.923,778.992,879.047,914.531,WeatherNext-class 64-member ensemble (simulated)
2026-08-13T06:00,2026-08-13,16,2026-08-13T07:30,756.132,900.749,1016.443,1142.963,WeatherNext-class 64-member ensemble (simulated)
2026-08-13T06:00,2026-08-13,17,2026-08-13T08:00,1031.141,1228.357,1355.524,1355.524,WeatherNext-class 64-member ensemble (simulated)
2026-08-13T06:00,2026-08-13,18,2026-08-13T08:30,896.265,1067.685,1204.82,1546.882,WeatherNext-class 64-member ensemble (simulated)
2026-08-13T06:00,2026-08-13,19,2026-08-13T09:00,1112.945,1325.807,1496.096,1713.044,WeatherNext-class 64-member ensemble (simulated)
2026-08-13T06:00,2026-08-13,20,2026-08-13T09:30,935.143,1113.998,1257.082,1851.145,WeatherNext-class 64-member ensemble (simulated)
2026-08-13T06:00,2026-08-13,21,2026-08-13T10:00,1123.272,1338.108,1509.977,1959.261,WeatherNext-class 64-member ensemble (simulated)
2026-08-13T06:00,2026-08-13,22,2026-08-13T10:30,868.658,1034.797,1167.708,2036.235,WeatherNext-class 64-member ensemble (simulated)
2026-08-13T06:00,2026-08-13,23,2026-08-13T11:00,940.685,1120.6,1264.532,2081.507,WeatherNext-class 64-member ensemble (simulated)
2026-08-13T06:00,2026-08-13,24,2026-08-13T11:30,1338.446,1594.436,1799.229,2094.976,WeatherNext-class 64-member ensemble (simulated)
2026-08-13T06:00,2026-08-13,25,2026-08-13T12:00,1244.97,1483.082,1673.572,2076.883,WeatherNext-class 64-member ensemble (simulated)
2026-08-13T06:00,2026-08-13,26,2026-08-13T12:30,1535.934,1829.696,2027.745,2027.745,WeatherNext-class 64-member ensemble (simulated)
2026-08-13T06:00,2026-08-13,27,2026-08-13T13:00,1617.31,1926.635,1948.335,1948.335,WeatherNext-class 64-member ensemble (simulated)
2026-08-13T06:00,2026-08-13,28,2026-08-13T13:30,1373.122,1635.745,1839.713,1839.713,WeatherNext-class 64-member ensemble (simulated)
2026-08-13T06:00,2026-08-13,29,2026-08-13T14:00,1132.405,1348.989,1522.255,1703.23,WeatherNext-class 64-member ensemble (simulated)
2026-08-13T06:00,2026-08-13,30,2026-08-13T14:30,1263.529,1505.191,1540.464,1540.464,WeatherNext-class 64-member ensemble (simulated)
2026-08-13T06:00,2026-08-13,31,2026-08-13T15:00,885.967,1055.416,1190.976,1354.085,WeatherNext-class 64-member ensemble (simulated)
2026-08-13T06:00,2026-08-13,32,2026-08-13T15:30,772.689,920.473,1038.7,1147.805,WeatherNext-class 64-member ensemble (simulated)
2026-08-13T06:00,2026-08-13,33,2026-08-13T16:00,606.435,722.422,815.211,926.434,WeatherNext-class 64-member ensemble (simulated)
2026-08-13T06:00,2026-08-13,34,2026-08-13T16:30,480.05,571.864,645.315,696.17,WeatherNext-class 64-member ensemble (simulated)
2026-08-13T06:00,2026-08-13,35,2026-08-13T17:00,206.164,245.594,277.139,465.138,WeatherNext-class 64-member ensemble (simulated)
2026-08-13T06:00,2026-08-13,36,2026-08-13T17:30,148.259,176.614,199.299,244.864,WeatherNext-class 64-member ensemble (simulated)
2026-08-13T06:00,2026-08-13,37,2026-08-13T18:00,28.464,33.908,38.263,57.959,WeatherNext-class 64-member ensemble (simulated)
2026-08-14T06:00,2026-08-14,11,2026-08-14T05:00,29.159,32.851,35.805,37.679,WeatherNext-class 64-member ensemble (simulated)
2026-08-14T06:00,2026-08-14,12,2026-08-14T05:30,191.19,215.4,215.4,215.4,WeatherNext-class 64-member ensemble (simulated)
2026-08-14T06:00,2026-08-14,13,2026-08-14T06:00,358.989,404.447,437.645,437.645,WeatherNext-class 64-member ensemble (simulated)
2026-08-14T06:00,2026-08-14,14,2026-08-14T06:30,570.505,642.748,673.297,673.297,WeatherNext-class 64-member ensemble (simulated)
2026-08-14T06:00,2026-08-14,15,2026-08-14T07:00,638.499,719.352,784.034,909.204,WeatherNext-class 64-member ensemble (simulated)
2026-08-14T06:00,2026-08-14,16,2026-08-14T07:30,948.099,1068.156,1136.22,1136.22,WeatherNext-class 64-member ensemble (simulated)
2026-08-14T06:00,2026-08-14,17,2026-08-14T08:00,910.898,1026.244,1118.521,1347.422,WeatherNext-class 64-member ensemble (simulated)
2026-08-14T06:00,2026-08-14,18,2026-08-14T08:30,1345.493,1515.872,1537.519,1537.519,WeatherNext-class 64-member ensemble (simulated)
2026-08-14T06:00,2026-08-14,19,2026-08-14T09:00,1309.263,1475.054,1607.687,1702.552,WeatherNext-class 64-member ensemble (simulated)
2026-08-14T06:00,2026-08-14,20,2026-08-14T09:30,1398.628,1575.735,1717.421,1839.683,WeatherNext-class 64-member ensemble (simulated)
2026-08-14T06:00,2026-08-14,21,2026-08-14T10:00,1595.34,1797.357,1947.015,1947.015,WeatherNext-class 64-member ensemble (simulated)
2026-08-14T06:00,2026-08-14,22,2026-08-14T10:30,1612.596,1816.798,1980.16,2023.408,WeatherNext-class 64-member ensemble (simulated)
2026-08-14T06:00,2026-08-14,23,2026-08-14T11:00,1572.151,1771.232,1930.496,2068.319,WeatherNext-class 64-member ensemble (simulated)
2026-08-14T06:00,2026-08-14,24,2026-08-14T11:30,1574.531,1773.913,1933.419,2081.653,WeatherNext-class 64-member ensemble (simulated)
2026-08-14T06:00,2026-08-14,25,2026-08-14T12:00,1529.358,1723.02,1877.949,2063.656,WeatherNext-class 64-member ensemble (simulated)
2026-08-14T06:00,2026-08-14,26,2026-08-14T12:30,1607.561,1811.125,1973.977,2014.843,WeatherNext-class 64-member ensemble (simulated)
2026-08-14T06:00,2026-08-14,27,2026-08-14T13:00,1519.531,1711.948,1865.882,1935.977,WeatherNext-class 64-member ensemble (simulated)
2026-08-14T06:00,2026-08-14,28,2026-08-14T13:30,1480.84,1668.358,1818.372,1828.107,WeatherNext-class 64-member ensemble (simulated)
2026-08-14T06:00,2026-08-14,29,2026-08-14T14:00,1225.126,1380.263,1504.373,1692.564,WeatherNext-class 64-member ensemble (simulated)
2026-08-14T06:00,2026-08-14,30,2026-08-14T14:30,1038.052,1169.5,1274.658,1530.904,WeatherNext-class 64-member ensemble (simulated)
2026-08-14T06:00,2026-08-14,31,2026-08-14T15:00,1194.506,1345.765,1345.765,1345.765,WeatherNext-class 64-member ensemble (simulated)
2026-08-14T06:00,2026-08-14,32,2026-08-14T15:30,924.647,1041.734,1135.404,1140.83,WeatherNext-class 64-member ensemble (simulated)
2026-08-14T06:00,2026-08-14,33,2026-08-14T16:00,718.035,808.959,881.698,920.869,WeatherNext-class 64-member ensemble (simulated)
2026-08-14T06:00,2026-08-14,34,2026-08-14T16:30,535.768,603.612,657.887,692.036,WeatherNext-class 64-member ensemble (simulated)
2026-08-14T06:00,2026-08-14,35,2026-08-14T17:00,331.051,372.972,406.508,462.408,WeatherNext-class 64-member ensemble (simulated)
2026-08-14T06:00,2026-08-14,36,2026-08-14T17:30,183.99,207.288,225.927,243.442,WeatherNext-class 64-member ensemble (simulated)
2026-08-14T06:00,2026-08-14,37,2026-08-14T18:00,45.942,51.76,56.414,57.625,WeatherNext-class 64-member ensemble (simulated)
2026-08-15T06:00,2026-08-15,11,2026-08-15T05:00,22.71,27.322,31.011,37.793,WeatherNext-class 64-member ensemble (simulated)
2026-08-15T06:00,2026-08-15,12,2026-08-15T05:30,112.765,135.664,153.983,216.058,WeatherNext-class 64-member ensemble (simulated)
2026-08-15T06:00,2026-08-15,13,2026-08-15T06:00,322.381,387.848,438.996,438.996,WeatherNext-class 64-member ensemble (simulated)
2026-08-15T06:00,2026-08-15,14,2026-08-15T06:30,379.858,456.997,518.707,675.399,WeatherNext-class 64-member ensemble (simulated)
2026-08-15T06:00,2026-08-15,15,2026-08-15T07:00,476.42,573.168,650.565,912.079,WeatherNext-class 64-member ensemble (simulated)
2026-08-15T06:00,2026-08-15,16,2026-08-15T07:30,686.054,825.372,936.827,1139.859,WeatherNext-class 64-member ensemble (simulated)
2026-08-15T06:00,2026-08-15,17,2026-08-15T08:00,922.055,1109.298,1259.092,1351.794,WeatherNext-class 64-member ensemble (simulated)
2026-08-15T06:00,2026-08-15,18,2026-08-15T08:30,948.064,1140.589,1294.609,1542.572,WeatherNext-class 64-member ensemble (simulated)
2026-08-15T06:00,2026-08-15,19,2026-08-15T09:00,962.054,1157.42,1313.713,1708.214,WeatherNext-class 64-member ensemble (simulated)
2026-08-15T06:00,2026-08-15,20,2026-08-15T09:30,1077.885,1296.772,1471.882,1845.868,WeatherNext-class 64-member ensemble (simulated)
2026-08-15T06:00,2026-08-15,21,2026-08-15T10:00,1219.709,1467.397,1665.548,1953.624,WeatherNext-class 64-member ensemble (simulated)
2026-08-15T06:00,2026-08-15,22,2026-08-15T10:30,1034.741,1244.868,1412.969,2030.33,WeatherNext-class 64-member ensemble (simulated)
2026-08-15T06:00,2026-08-15,23,2026-08-15T11:00,1485.915,1787.662,2029.06,2075.436,WeatherNext-class 64-member ensemble (simulated)
2026-08-15T06:00,2026-08-15,24,2026-08-15T11:30,1647.324,1981.849,2088.843,2088.843,WeatherNext-class 64-member ensemble (simulated)
2026-08-15T06:00,2026-08-15,25,2026-08-15T12:00,1613.619,1941.3,2070.794,2070.794,WeatherNext-class 64-member ensemble (simulated)
2026-08-15T06:00,2026-08-15,26,2026-08-15T12:30,1350.959,1625.3,1844.773,2021.805,WeatherNext-class 64-member ensemble (simulated)
2026-08-15T06:00,2026-08-15,27,2026-08-15T13:00,1547.006,1861.159,1942.646,1942.646,WeatherNext-class 64-member ensemble (simulated)
2026-08-15T06:00,2026-08-15,28,2026-08-15T13:30,1140.773,1372.431,1557.758,1834.37,WeatherNext-class 64-member ensemble (simulated)
2026-08-15T06:00,2026-08-15,29,2026-08-15T14:00,1044.504,1256.613,1426.301,1698.32,WeatherNext-class 64-member ensemble (simulated)
2026-08-15T06:00,2026-08-15,30,2026-08-15T14:30,925.691,1113.672,1264.057,1536.063,WeatherNext-class 64-member ensemble (simulated)
2026-08-15T06:00,2026-08-15,31,2026-08-15T15:00,975.582,1173.695,1332.185,1350.255,WeatherNext-class 64-member ensemble (simulated)
2026-08-15T06:00,2026-08-15,32,2026-08-15T15:30,842.041,1013.036,1144.594,1144.594,WeatherNext-class 64-member ensemble (simulated)
2026-08-15T06:00,2026-08-15,33,2026-08-15T16:00,689.055,828.982,923.873,923.873,WeatherNext-class 64-member ensemble (simulated)
2026-08-15T06:00,2026-08-15,34,2026-08-15T16:30,577.079,694.267,694.267,694.267,WeatherNext-class 64-member ensemble (simulated)
2026-08-15T06:00,2026-08-15,35,2026-08-15T17:00,297.729,358.189,406.557,463.882,WeatherNext-class 64-member ensemble (simulated)
2026-08-15T06:00,2026-08-15,36,2026-08-15T17:30,156.468,188.242,213.661,244.209,WeatherNext-class 64-member ensemble (simulated)
2026-08-15T06:00,2026-08-15,37,2026-08-15T18:00,38.755,46.625,52.921,57.805,WeatherNext-class 64-member ensemble (simulated)
2026-08-16T06:00,2026-08-16,11,2026-08-16T05:00,30.127,35.232,37.725,37.725,WeatherNext-class 64-member ensemble (simulated)
2026-08-16T06:00,2026-08-16,12,2026-08-16T05:30,155.425,181.763,202.834,215.662,WeatherNext-class 64-member ensemble (simulated)
2026-08-16T06:00,2026-08-16,13,2026-08-16T06:00,303.555,354.995,396.147,438.182,WeatherNext-class 64-member ensemble (simulated)
2026-08-16T06:00,2026-08-16,14,2026-08-16T06:30,576.449,674.133,674.133,674.133,WeatherNext-class 64-member ensemble (simulated)
2026-08-16T06:00,2026-08-16,15,2026-08-16T07:00,661.971,774.149,863.89,910.348,WeatherNext-class 64-member ensemble (simulated)
2026-08-16T06:00,2026-08-16,16,2026-08-16T07:30,703.566,822.792,918.172,1137.667,WeatherNext-class 64-member ensemble (simulated)
2026-08-16T06:00,2026-08-16,17,2026-08-16T08:00,1080.367,1263.445,1349.161,1349.161,WeatherNext-class 64-member ensemble (simulated)
2026-08-16T06:00,2026-08-16,18,2026-08-16T08:30,1086.989,1271.189,1418.55,1539.529,WeatherNext-class 64-member ensemble (simulated)
2026-08-16T06:00,2026-08-16,19,2026-08-16T09:00,1262.451,1476.386,1647.534,1704.804,WeatherNext-class 64-member ensemble (simulated)
2026-08-16T06:00,2026-08-16,20,2026-08-16T09:30,940.627,1100.025,1227.544,1842.144,WeatherNext-class 64-member ensemble (simulated)
2026-08-16T06:00,2026-08-16,21,2026-08-16T10:00,1156.474,1352.449,1509.23,1949.644,WeatherNext-class 64-member ensemble (simulated)
2026-08-16T06:00,2026-08-16,22,2026-08-16T10:30,1564.801,1829.971,2026.162,2026.162,WeatherNext-class 64-member ensemble (simulated)
2026-08-16T06:00,2026-08-16,23,2026-08-16T11:00,1448.048,1693.434,1889.742,2071.15,WeatherNext-class 64-member ensemble (simulated)
2026-08-16T06:00,2026-08-16,24,2026-08-16T11:30,1245.59,1456.667,1625.529,2084.513,WeatherNext-class 64-member ensemble (simulated)
2026-08-16T06:00,2026-08-16,25,2026-08-16T12:00,1220.699,1427.559,1593.046,2066.496,WeatherNext-class 64-member ensemble (simulated)
2026-08-16T06:00,2026-08-16,26,2026-08-16T12:30,1355.939,1585.716,1769.538,2017.612,WeatherNext-class 64-member ensemble (simulated)
2026-08-16T06:00,2026-08-16,27,2026-08-16T13:00,968.237,1132.314,1263.576,1938.63,WeatherNext-class 64-member ensemble (simulated)
2026-08-16T06:00,2026-08-16,28,2026-08-16T13:30,1138.028,1330.877,1485.157,1830.599,WeatherNext-class 64-member ensemble (simulated)
2026-08-16T06:00,2026-08-16,29,2026-08-16T14:00,1360.924,1591.545,1694.854,1694.854,WeatherNext-class 64-member ensemble (simulated)
2026-08-16T06:00,2026-08-16,30,2026-08-16T14:30,1209.466,1414.422,1532.956,1532.956,WeatherNext-class 64-member ensemble (simulated)
2026-08-16T06:00,2026-08-16,31,2026-08-16T15:00,951.038,1112.201,1241.131,1347.551,WeatherNext-class 64-member ensemble (simulated)
2026-08-16T06:00,2026-08-16,32,2026-08-16T15:30,789.671,923.489,1030.543,1142.327,WeatherNext-class 64-member ensemble (simulated)
2026-08-16T06:00,2026-08-16,33,2026-08-16T16:00,682.485,798.139,890.662,922.064,WeatherNext-class 64-member ensemble (simulated)
2026-08-16T06:00,2026-08-16,34,2026-08-16T16:30,502.42,587.56,655.672,692.924,WeatherNext-class 64-member ensemble (simulated)
2026-08-16T06:00,2026-08-16,35,2026-08-16T17:00,239.094,279.61,312.024,462.994,WeatherNext-class 64-member ensemble (simulated)
2026-08-16T06:00,2026-08-16,36,2026-08-16T17:30,142.058,166.131,185.39,243.747,WeatherNext-class 64-member ensemble (simulated)
2026-08-16T06:00,2026-08-16,37,2026-08-16T18:00,46.51,54.392,57.697,57.697,WeatherNext-class 64-member ensemble (simulated)
2026-08-17T06:00,2026-08-17,11,2026-08-17T05:00,33.887,37.403,37.403,37.403,WeatherNext-class 64-member ensemble (simulated)
2026-08-17T06:00,2026-08-17,12,2026-08-17T05:30,166.951,184.272,198.13,213.809,WeatherNext-class 64-member ensemble (simulated)
2026-08-17T06:00,2026-08-17,13,2026-08-17T06:00,376.014,415.027,434.38,434.38,WeatherNext-class 64-member ensemble (simulated)
2026-08-17T06:00,2026-08-17,14,2026-08-17T06:30,563.025,621.44,668.173,668.215,WeatherNext-class 64-member ensemble (simulated)
2026-08-17T06:00,2026-08-17,15,2026-08-17T07:00,683.726,754.664,811.415,902.256,WeatherNext-class 64-member ensemble (simulated)
2026-08-17T06:00,2026-08-17,16,2026-08-17T07:30,1020.387,1126.255,1127.423,1127.423,WeatherNext-class 64-member ensemble (simulated)
2026-08-17T06:00,2026-08-17,17,2026-08-17T08:00,1158.635,1278.846,1336.854,1336.854,WeatherNext-class 64-member ensemble (simulated)
2026-08-17T06:00,2026-08-17,18,2026-08-17T08:30,1235.374,1363.547,1466.086,1525.306,WeatherNext-class 64-member ensemble (simulated)
2026-08-17T06:00,2026-08-17,19,2026-08-17T09:00,1301.237,1436.244,1544.25,1688.865,WeatherNext-class 64-member ensemble (simulated)
2026-08-17T06:00,2026-08-17,20,2026-08-17T09:30,1608.321,1775.189,1824.732,1824.732,WeatherNext-class 64-member ensemble (simulated)
2026-08-17T06:00,2026-08-17,21,2026-08-17T10:00,1747.521,1928.831,1931.04,1931.04,WeatherNext-class 64-member ensemble (simulated)
2026-08-17T06:00,2026-08-17,22,2026-08-17T10:30,1663.215,1835.779,1973.829,2006.676,WeatherNext-class 64-member ensemble (simulated)
2026-08-17T06:00,2026-08-17,23,2026-08-17T11:00,1780.943,1965.72,2051.115,2051.115,WeatherNext-class 64-member ensemble (simulated)
2026-08-17T06:00,2026-08-17,24,2026-08-17T11:30,1606.164,1772.808,1906.124,2064.274,WeatherNext-class 64-member ensemble (simulated)
2026-08-17T06:00,2026-08-17,25,2026-08-17T12:00,1694.988,1870.847,2011.535,2046.402,WeatherNext-class 64-member ensemble (simulated)
2026-08-17T06:00,2026-08-17,26,2026-08-17T12:30,1810.199,1998.012,1998.012,1998.012,WeatherNext-class 64-member ensemble (simulated)
2026-08-17T06:00,2026-08-17,27,2026-08-17T13:00,1546.175,1706.595,1834.931,1919.857,WeatherNext-class 64-member ensemble (simulated)
2026-08-17T06:00,2026-08-17,28,2026-08-17T13:30,1568.174,1730.877,1812.968,1812.968,WeatherNext-class 64-member ensemble (simulated)
2026-08-17T06:00,2026-08-17,29,2026-08-17T14:00,1278.899,1411.588,1517.74,1678.651,WeatherNext-class 64-member ensemble (simulated)
2026-08-17T06:00,2026-08-17,30,2026-08-17T14:30,1351.41,1491.623,1518.432,1518.432,WeatherNext-class 64-member ensemble (simulated)
2026-08-17T06:00,2026-08-17,31,2026-08-17T15:00,1034.022,1141.305,1227.131,1334.913,WeatherNext-class 64-member ensemble (simulated)
2026-08-17T06:00,2026-08-17,32,2026-08-17T15:30,915.002,1009.936,1085.883,1131.731,WeatherNext-class 64-member ensemble (simulated)
2026-08-17T06:00,2026-08-17,33,2026-08-17T16:00,724.071,799.195,859.294,913.61,WeatherNext-class 64-member ensemble (simulated)
2026-08-17T06:00,2026-08-17,34,2026-08-17T16:30,622.1,686.645,686.645,686.645,WeatherNext-class 64-member ensemble (simulated)
2026-08-17T06:00,2026-08-17,35,2026-08-17T17:00,338.655,373.792,401.901,458.847,WeatherNext-class 64-member ensemble (simulated)
2026-08-17T06:00,2026-08-17,36,2026-08-17T17:30,201.196,222.071,238.771,241.587,WeatherNext-class 64-member ensemble (simulated)
2026-08-17T06:00,2026-08-17,37,2026-08-17T18:00,51.814,57.19,57.19,57.19,WeatherNext-class 64-member ensemble (simulated)
2026-08-18T06:00,2026-08-18,11,2026-08-18T05:00,32.955,36.135,37.316,37.316,WeatherNext-class 64-member ensemble (simulated)
2026-08-18T06:00,2026-08-18,12,2026-08-18T05:30,171.817,188.395,201.659,213.312,WeatherNext-class 64-member ensemble (simulated)
2026-08-18T06:00,2026-08-18,13,2026-08-18T06:00,395.225,433.361,433.361,433.361,WeatherNext-class 64-member ensemble (simulated)
2026-08-18T06:00,2026-08-18,14,2026-08-18T06:30,607.966,666.629,666.629,666.629,WeatherNext-class 64-member ensemble (simulated)
2026-08-18T06:00,2026-08-18,15,2026-08-18T07:00,739.474,810.827,867.909,900.087,WeatherNext-class 64-member ensemble (simulated)
2026-08-18T06:00,2026-08-18,16,2026-08-18T07:30,1025.706,1124.678,1124.678,1124.678,WeatherNext-class 64-member ensemble (simulated)
2026-08-18T06:00,2026-08-18,17,2026-08-18T08:00,1216.203,1333.555,1333.555,1333.555,WeatherNext-class 64-member ensemble (simulated)
2026-08-18T06:00,2026-08-18,18,2026-08-18T08:30,1163.22,1275.461,1365.253,1521.494,WeatherNext-class 64-member ensemble (simulated)
2026-08-18T06:00,2026-08-18,19,2026-08-18T09:00,1536.349,1684.593,1684.593,1684.593,WeatherNext-class 64-member ensemble (simulated)
2026-08-18T06:00,2026-08-18,20,2026-08-18T09:30,1545.815,1694.973,1814.299,1820.065,WeatherNext-class 64-member ensemble (simulated)
2026-08-18T06:00,2026-08-18,21,2026-08-18T10:00,1485.602,1628.95,1743.628,1926.054,WeatherNext-class 64-member ensemble (simulated)
2026-08-18T06:00,2026-08-18,22,2026-08-18T10:30,1451.482,1591.537,1703.581,2001.454,WeatherNext-class 64-member ensemble (simulated)
2026-08-18T06:00,2026-08-18,23,2026-08-18T11:00,1680.954,1843.152,1972.91,2045.746,WeatherNext-class 64-member ensemble (simulated)
2026-08-18T06:00,2026-08-18,24,2026-08-18T11:30,1591.109,1744.638,1867.46,2058.85,WeatherNext-class 64-member ensemble (simulated)
2026-08-18T06:00,2026-08-18,25,2026-08-18T12:00,1673.867,1835.38,1964.591,2041.017,WeatherNext-class 64-member ensemble (simulated)
2026-08-18T06:00,2026-08-18,26,2026-08-18T12:30,1799.387,1973.012,1992.759,1992.759,WeatherNext-class 64-member ensemble (simulated)
2026-08-18T06:00,2026-08-18,27,2026-08-18T13:00,1640.714,1799.028,1914.826,1914.826,WeatherNext-class 64-member ensemble (simulated)
2026-08-18T06:00,2026-08-18,28,2026-08-18T13:30,1447.996,1587.715,1699.49,1808.243,WeatherNext-class 64-member ensemble (simulated)
2026-08-18T06:00,2026-08-18,29,2026-08-18T14:00,1326.237,1454.207,1556.584,1674.309,WeatherNext-class 64-member ensemble (simulated)
2026-08-18T06:00,2026-08-18,30,2026-08-18T14:30,1348.918,1479.077,1514.54,1514.54,WeatherNext-class 64-member ensemble (simulated)
2026-08-18T06:00,2026-08-18,31,2026-08-18T15:00,1214.352,1331.526,1331.526,1331.526,WeatherNext-class 64-member ensemble (simulated)
2026-08-18T06:00,2026-08-18,32,2026-08-18T15:30,960.239,1052.894,1127.017,1128.891,WeatherNext-class 64-member ensemble (simulated)
2026-08-18T06:00,2026-08-18,33,2026-08-18T16:00,789.227,865.381,911.344,911.344,WeatherNext-class 64-member ensemble (simulated)
2026-08-18T06:00,2026-08-18,34,2026-08-18T16:30,579.049,634.922,679.621,684.962,WeatherNext-class 64-member ensemble (simulated)
2026-08-18T06:00,2026-08-18,35,2026-08-18T17:00,417.193,457.448,457.736,457.736,WeatherNext-class 64-member ensemble (simulated)
2026-08-18T06:00,2026-08-18,36,2026-08-18T17:30,194.68,213.464,228.492,241.008,WeatherNext-class 64-member ensemble (simulated)
2026-08-18T06:00,2026-08-18,37,2026-08-18T18:00,52.033,57.054,57.054,57.054,WeatherNext-class 64-member ensemble (simulated)
2026-08-19T06:00,2026-08-19,11,2026-08-19T05:00,31.273,35.741,37.23,37.23,WeatherNext-class 64-member ensemble (simulated)
2026-08-19T13:00,2026-08-19,11,2026-08-19T05:00,31.273,35.741,37.23,37.23,WeatherNext-class 64-member ensemble (simulated)
2026-08-19T06:00,2026-08-19,12,2026-08-19T05:30,178.765,204.303,212.816,212.816,WeatherNext-class 64-member ensemble (simulated)
2026-08-19T13:00,2026-08-19,12,2026-08-19T05:30,178.765,204.303,212.816,212.816,WeatherNext-class 64-member ensemble (simulated)
2026-08-19T06:00,2026-08-19,13,2026-08-19T06:00,363.167,415.048,432.342,432.342,WeatherNext-class 64-member ensemble (simulated)
2026-08-19T13:00,2026-08-19,13,2026-08-19T06:00,363.167,415.048,432.342,432.342,WeatherNext-class 64-member ensemble (simulated)
2026-08-19T06:00,2026-08-19,14,2026-08-19T06:30,558.636,638.441,665.043,665.043,WeatherNext-class 64-member ensemble (simulated)
2026-08-19T13:00,2026-08-19,14,2026-08-19T06:30,558.636,638.441,665.043,665.043,WeatherNext-class 64-member ensemble (simulated)
2026-08-19T06:00,2026-08-19,15,2026-08-19T07:00,754.251,862.002,897.918,897.918,WeatherNext-class 64-member ensemble (simulated)
2026-08-19T13:00,2026-08-19,15,2026-08-19T07:00,754.251,862.002,897.918,897.918,WeatherNext-class 64-member ensemble (simulated)
2026-08-19T06:00,2026-08-19,16,2026-08-19T07:30,942.423,1077.055,1121.932,1121.932,WeatherNext-class 64-member ensemble (simulated)
2026-08-19T13:00,2026-08-19,16,2026-08-19T07:30,942.423,1077.055,1121.932,1121.932,WeatherNext-class 64-member ensemble (simulated)
2026-08-19T06:00,2026-08-19,17,2026-08-19T08:00,1117.416,1277.047,1330.257,1330.257,WeatherNext-class 64-member ensemble (simulated)
2026-08-19T13:00,2026-08-19,17,2026-08-19T08:00,1117.416,1277.047,1330.257,1330.257,WeatherNext-class 64-member ensemble (simulated)
2026-08-19T06:00,2026-08-19,18,2026-08-19T08:30,1274.853,1456.975,1517.683,1517.683,WeatherNext-class 64-member ensemble (simulated)
2026-08-19T13:00,2026-08-19,18,2026-08-19T08:30,1274.853,1456.975,1517.683,1517.683,WeatherNext-class 64-member ensemble (simulated)
2026-08-19T06:00,2026-08-19,19,2026-08-19T09:00,1411.47,1613.109,1680.321,1680.321,WeatherNext-class 64-member ensemble (simulated)
2026-08-19T13:00,2026-08-19,19,2026-08-19T09:00,1411.47,1613.109,1680.321,1680.321,WeatherNext-class 64-member ensemble (simulated)
2026-08-19T06:00,2026-08-19,20,2026-08-19T09:30,1524.935,1742.783,1815.399,1815.399,WeatherNext-class 64-member ensemble (simulated)
2026-08-19T13:00,2026-08-19,20,2026-08-19T09:30,1524.935,1742.783,1815.399,1815.399,WeatherNext-class 64-member ensemble (simulated)
2026-08-19T06:00,2026-08-19,21,2026-08-19T10:00,1613.698,1844.226,1921.068,1921.068,WeatherNext-class 64-member ensemble (simulated)
2026-08-19T13:00,2026-08-19,21,2026-08-19T10:00,1613.698,1844.226,1921.068,1921.068,WeatherNext-class 64-member ensemble (simulated)
2026-08-19T06:00,2026-08-19,22,2026-08-19T10:30,1676.835,1916.383,1996.232,1996.232,WeatherNext-class 64-member ensemble (simulated)
2026-08-19T13:00,2026-08-19,22,2026-08-19T10:30,1676.835,1916.383,1996.232,1996.232,WeatherNext-class 64-member ensemble (simulated)
2026-08-19T06:00,2026-08-19,23,2026-08-19T11:00,1713.916,1958.761,2040.376,2040.376,WeatherNext-class 64-member ensemble (simulated)
2026-08-19T13:00,2026-08-19,23,2026-08-19T11:00,1713.916,1958.761,2040.376,2040.376,WeatherNext-class 64-member ensemble (simulated)
2026-08-19T06:00,2026-08-19,24,2026-08-19T11:30,1724.878,1971.289,2053.426,2053.426,WeatherNext-class 64-member ensemble (simulated)
2026-08-19T13:00,2026-08-19,24,2026-08-19T11:30,1724.878,1971.289,2053.426,2053.426,WeatherNext-class 64-member ensemble (simulated)
2026-08-19T06:00,2026-08-19,25,2026-08-19T12:00,1709.931,1954.207,2035.632,2035.632,WeatherNext-class 64-member ensemble (simulated)
2026-08-19T13:00,2026-08-19,25,2026-08-19T12:00,1709.931,1954.207,2035.632,2035.632,WeatherNext-class 64-member ensemble (simulated)
2026-08-19T06:00,2026-08-19,26,2026-08-19T12:30,1669.505,1908.006,1987.506,1987.506,WeatherNext-class 64-member ensemble (simulated)
2026-08-19T13:00,2026-08-19,26,2026-08-19T12:30,1669.505,1908.006,1987.506,1987.506,WeatherNext-class 64-member ensemble (simulated)
2026-08-19T06:00,2026-08-19,27,2026-08-19T13:00,1604.228,1833.403,1909.795,1909.795,WeatherNext-class 64-member ensemble (simulated)
2026-08-19T13:00,2026-08-19,27,2026-08-19T13:00,1604.228,1833.403,1909.795,1909.795,WeatherNext-class 64-member ensemble (simulated)
2026-08-19T06:00,2026-08-19,28,2026-08-19T13:30,1514.955,1731.377,1803.518,1803.518,WeatherNext-class 64-member ensemble (simulated)
2026-08-19T13:00,2026-08-19,28,2026-08-19T13:30,1514.955,1731.377,1803.518,1803.518,WeatherNext-class 64-member ensemble (simulated)
2026-08-19T06:00,2026-08-19,29,2026-08-19T14:00,1402.772,1603.168,1669.967,1669.967,WeatherNext-class 64-member ensemble (simulated)
2026-08-19T13:00,2026-08-19,29,2026-08-19T14:00,1402.772,1603.168,1669.967,1669.967,WeatherNext-class 64-member ensemble (simulated)
2026-08-19T06:00,2026-08-19,30,2026-08-19T14:30,936.601,1314.263,1510.647,1510.647,WeatherNext-class 64-member ensemble (simulated)
2026-08-19T13:00,2026-08-19,30,2026-08-19T14:30,604.259,1178.305,1510.647,1510.647,WeatherNext-class 64-member ensemble (simulated)
2026-08-19T06:00,2026-08-19,31,2026-08-19T15:00,664.069,1049.23,1328.139,1328.139,WeatherNext-class 64-member ensemble (simulated)
2026-08-19T13:00,2026-08-19,31,2026-08-19T15:00,212.502,823.446,1328.139,1328.139,WeatherNext-class 64-member ensemble (simulated)
2026-08-19T06:00,2026-08-19,32,2026-08-19T15:30,698.152,979.665,1126.052,1126.052,WeatherNext-class 64-member ensemble (simulated)
2026-08-19T13:00,2026-08-19,32,2026-08-19T15:30,450.421,878.32,1126.052,1126.052,WeatherNext-class 64-member ensemble (simulated)
2026-08-19T06:00,2026-08-19,33,2026-08-19T16:00,763.626,872.715,909.078,909.078,WeatherNext-class 64-member ensemble (simulated)
2026-08-19T13:00,2026-08-19,33,2026-08-19T16:00,763.626,872.715,909.078,909.078,WeatherNext-class 64-member ensemble (simulated)
2026-08-19T06:00,2026-08-19,34,2026-08-19T16:30,573.955,655.948,683.279,683.279,WeatherNext-class 64-member ensemble (simulated)
2026-08-19T13:00,2026-08-19,34,2026-08-19T16:30,573.955,655.948,683.279,683.279,WeatherNext-class 64-member ensemble (simulated)
2026-08-19T06:00,2026-08-19,35,2026-08-19T17:00,383.564,438.359,456.624,456.624,WeatherNext-class 64-member ensemble (simulated)
2026-08-19T13:00,2026-08-19,35,2026-08-19T17:00,383.564,438.359,456.624,456.624,WeatherNext-class 64-member ensemble (simulated)
2026-08-19T06:00,2026-08-19,36,2026-08-19T17:30,201.961,230.812,240.429,240.429,WeatherNext-class 64-member ensemble (simulated)
2026-08-19T13:00,2026-08-19,36,2026-08-19T17:30,201.961,230.812,240.429,240.429,WeatherNext-class 64-member ensemble (simulated)
2026-08-19T06:00,2026-08-19,37,2026-08-19T18:00,47.811,54.641,56.918,56.918,WeatherNext-class 64-member ensemble (simulated)
2026-08-19T13:00,2026-08-19,37,2026-08-19T18:00,47.811,54.641,56.918,56.918,WeatherNext-class 64-member ensemble (simulated)
