month,category,amount_jpy,gain_share_eligible,basis,event_ids
2026-01,demand_charge_avoided,2620635.0,True,"Estimated monthly peak reduction 1,747 kW from BESS peak limiting",
2026-01,energy_cost_avoided,1717972.0,True,BESS time shift at the market-linked price plus load shifting,
2026-01,imbalance_avoided,279350.0,True,Deviation kept inside the band (estimated),
2026-01,efficiency_savings,630477.0,False,Efficiency measures (not gain-share eligible),
2026-02,demand_charge_avoided,2375584.0,True,"Estimated monthly peak reduction 1,584 kW from BESS peak limiting",
2026-02,energy_cost_avoided,1744894.0,True,BESS time shift at the market-linked price plus load shifting,
2026-02,imbalance_avoided,272191.0,True,Deviation kept inside the band (estimated),
2026-02,efficiency_savings,582343.0,False,Efficiency measures (not gain-share eligible),
2026-03,demand_charge_avoided,3029444.0,True,"Estimated monthly peak reduction 2,020 kW from BESS peak limiting",
2026-03,energy_cost_avoided,1794371.0,True,BESS time shift at the market-linked price plus load shifting,
2026-03,imbalance_avoided,238569.0,True,Deviation kept inside the band (estimated),
2026-03,efficiency_savings,508711.0,False,Efficiency measures (not gain-share eligible),
2026-04,demand_charge_avoided,2247106.0,True,"Estimated monthly peak reduction 1,498 kW from BESS peak limiting",
2026-04,energy_cost_avoided,2603894.0,True,BESS time shift at the market-linked price plus load shifting,
2026-04,imbalance_avoided,394215.0,True,Deviation kept inside the band (estimated),
2026-04,efficiency_savings,775278.0,False,Efficiency measures (not gain-share eligible),
2026-05,demand_charge_avoided,2323777.0,True,"Estimated monthly peak reduction 1,549 kW from BESS peak limiting",
2026-05,energy_cost_avoided,2655774.0,True,BESS time shift at the market-linked price plus load shifting,
2026-05,imbalance_avoided,365735.0,True,Deviation kept inside the band (estimated),
2026-05,efficiency_savings,666333.0,False,Efficiency measures (not gain-share eligible),
2026-06,demand_charge_avoided,2513884.0,True,"Estimated monthly peak reduction 1,676 kW from BESS peak limiting",
2026-06,energy_cost_avoided,2566440.0,True,BESS time shift at the market-linked price plus load shifting,
2026-06,imbalance_avoided,326390.0,True,Deviation kept inside the band (estimated),
2026-06,efficiency_savings,694918.0,False,Efficiency measures (not gain-share eligible),
2026-07,demand_charge_avoided,253930.0,True,"Monthly peak 14,727 kW vs 14,897 kW without BESS peak limiting x 1500 JPY/kW-month",
2026-07,energy_cost_avoided,1138217.0,True,"BESS time shift valued at the plant's all-in slot price, net of wear cost, plus scheduled load shifting (burn-in, EV, TES)",
2026-07,dr_availability,1950000.0,True,"Availability payment for 3,000 kW contracted DR capacity",
2026-07,dr_energy_payment,391387.0,True,Aggregator energy payments for settled events,DR-20260708;DR-20260722
2026-07,dr_penalty,-153151.0,True,Under-delivery penalties,DR-20260722
2026-07,imbalance_avoided,445036.0,True,Deviation kept inside the 7.5 % band by BESS following (estimated from band excursions avoided),
2026-07,efficiency_savings,790520.0,False,Compressor setpoint and LED retrofits (SaaS analytics; not gain-share eligible),
