date,slot,ts,is_actual,nominated_kw,forecast_gross_kw,pv_p50_kw,pv_p10_kw,pv_p90_kw,forecast_import_p50_kw,forecast_import_p10pv_kw,actual_bess_kw,temp_forecast_c
2026-08-19,1,2026-08-19T00:00,True,10442.2,10494.637,0.0,0.0,0.0,10494.637,10494.637,0.0,29.883
2026-08-19,2,2026-08-19T00:30,True,9807.6,9856.873,0.0,0.0,0.0,9856.873,9856.873,0.0,29.5
2026-08-19,3,2026-08-19T01:00,True,11098.6,10249.851,0.0,0.0,0.0,10249.851,10249.851,-900.0,29.147
2026-08-19,4,2026-08-19T01:30,True,10649.2,9798.177,0.0,0.0,0.0,9798.177,9798.177,-900.0,28.829
2026-08-19,5,2026-08-19T02:00,True,12383.2,11540.933,0.0,0.0,0.0,11540.933,11540.933,-900.0,28.549
2026-08-19,6,2026-08-19T02:30,True,12127.2,11283.637,0.0,0.0,0.0,11283.637,11283.637,-900.0,28.31
2026-08-19,7,2026-08-19T03:00,True,11725.6,10879.983,0.0,0.0,0.0,10879.983,10879.983,-900.0,28.115
2026-08-19,8,2026-08-19T03:30,True,11275.5,10427.644,0.0,0.0,0.0,10427.644,10427.644,-900.0,27.966
2026-08-19,9,2026-08-19T04:00,True,10829.7,9979.572,0.0,0.0,0.0,9979.572,9979.572,-900.0,27.864
2026-08-19,10,2026-08-19T04:30,True,11004.5,10155.232,0.0,0.0,0.0,10155.232,10155.232,-900.0,27.81
2026-08-19,11,2026-08-19T05:00,True,10420.2,10508.116,34.922,34.922,34.922,10473.194,10473.194,0.0,28.417
2026-08-19,12,2026-08-19T05:30,True,11474.9,11735.801,205.846,205.846,205.846,11529.954,11529.954,0.0,28.542
2026-08-19,13,2026-08-19T06:00,True,12019.2,12492.4,423.058,423.058,423.058,12069.342,12069.342,0.0,28.799
2026-08-19,14,2026-08-19T06:30,True,11549.3,12242.265,646.679,646.679,646.679,11595.586,11595.586,0.0,29.181
2026-08-19,15,2026-08-19T07:00,True,11661.1,12576.993,867.772,867.772,867.772,11709.221,11709.221,0.0,29.676
2026-08-19,16,2026-08-19T07:30,True,11183.7,12311.118,1087.915,1087.915,1087.915,11223.203,11223.203,0.0,30.269
2026-08-19,17,2026-08-19T08:00,True,12093.7,13424.586,1278.329,1278.329,1278.329,12146.257,12146.257,0.0,30.942
2026-08-19,18,2026-08-19T08:30,True,12598.6,14110.942,1467.386,1467.386,1467.386,12643.556,12643.556,0.0,31.674
2026-08-19,19,2026-08-19T09:00,True,12436.1,14102.93,1635.687,1635.687,1635.687,12467.242,12467.242,0.0,32.443
2026-08-19,20,2026-08-19T09:30,True,12195.1,14232.829,1764.582,1764.582,1764.582,12468.247,12468.247,0.0,33.227
2026-08-19,21,2026-08-19T10:00,True,11504.5,13629.402,1871.353,1871.353,1871.353,11758.049,11758.049,0.0,34.0
2026-08-19,22,2026-08-19T10:30,True,11155.8,13345.821,1931.905,1931.905,1931.905,11413.916,11413.916,0.0,34.74
2026-08-19,23,2026-08-19T11:00,True,12498.3,14761.407,1975.208,1975.208,1975.208,12786.198,12786.198,0.0,35.424
2026-08-19,24,2026-08-19T11:30,True,12865.1,15149.114,1966.995,1966.995,1966.995,13182.12,13182.12,0.0,36.031
2026-08-19,25,2026-08-19T12:00,True,13547.4,15216.01,1960.687,1960.687,1960.687,13255.323,13255.323,-600.0,36.544
2026-08-19,26,2026-08-19T12:30,True,13633.7,15257.514,1923.874,1923.874,1923.874,13333.639,13333.639,-600.0,36.945
2026-08-19,27,2026-08-19T13:00,True,12937.0,14469.647,1848.569,1848.569,1848.569,12621.077,12621.077,-600.0,37.224
2026-08-19,28,2026-08-19T13:30,False,12933.0,14362.301,1731.377,1514.955,1803.518,12630.924,12847.346,0.0,37.371
2026-08-19,29,2026-08-19T14:00,False,12846.2,14143.879,1603.168,1402.772,1669.967,12540.711,12741.107,0.0,37.394
2026-08-19,30,2026-08-19T14:30,False,12785.6,13927.104,1178.305,604.259,1510.647,12748.799,13322.845,0.0,37.349
2026-08-19,31,2026-08-19T15:00,False,12166.6,13730.378,823.446,212.502,1328.139,12906.932,13517.876,0.0,37.255
2026-08-19,32,2026-08-19T15:30,False,12095.5,13461.43,878.32,450.421,1126.052,12583.11,13011.01,0.0,37.113
2026-08-19,33,2026-08-19T16:00,False,11868.1,13018.078,872.715,763.626,909.078,12145.363,12254.452,0.0,36.925
2026-08-19,34,2026-08-19T16:30,False,12196.0,13134.056,655.948,573.955,683.279,12478.108,12560.102,0.0,36.694
2026-08-19,35,2026-08-19T17:00,False,13142.8,13881.989,438.359,383.564,456.624,13443.63,13498.425,0.0,36.42
2026-08-19,36,2026-08-19T17:30,False,13413.6,13948.868,230.812,201.961,240.429,13718.056,13746.907,0.0,36.108
2026-08-19,37,2026-08-19T18:00,False,13313.9,13668.727,54.641,47.811,56.918,13614.086,13620.916,0.0,35.761
2026-08-19,38,2026-08-19T18:30,False,13198.0,13494.842,0.0,0.0,0.0,13494.842,13494.842,0.0,35.383
2026-08-19,39,2026-08-19T19:00,False,13334.8,13634.762,0.0,0.0,0.0,13634.762,13634.762,0.0,34.977
2026-08-19,40,2026-08-19T19:30,False,13284.2,13583.004,0.0,0.0,0.0,13583.004,13583.004,0.0,34.549
2026-08-19,41,2026-08-19T20:00,False,12119.6,12392.268,0.0,0.0,0.0,12392.268,12392.268,0.0,34.102
2026-08-19,42,2026-08-19T20:30,False,13484.2,13787.508,0.0,0.0,0.0,13787.508,13787.508,0.0,33.642
2026-08-19,43,2026-08-19T21:00,False,12610.2,12893.834,0.0,0.0,0.0,12893.834,12893.834,0.0,33.175
2026-08-19,44,2026-08-19T21:30,False,12131.4,12404.264,0.0,0.0,0.0,12404.264,12404.264,0.0,32.704
2026-08-19,45,2026-08-19T22:00,False,11891.9,12159.374,0.0,0.0,0.0,12159.374,12159.374,0.0,32.235
2026-08-19,46,2026-08-19T22:30,False,10877.4,11122.133,0.0,0.0,0.0,11122.133,11122.133,0.0,31.774
2026-08-19,47,2026-08-19T23:00,False,9940.2,10163.795,0.0,0.0,0.0,10163.795,10163.795,0.0,31.325
2026-08-19,48,2026-08-19T23:30,False,9794.1,10014.39,0.0,0.0,0.0,10014.39,10014.39,0.0,30.893
