contract_id,parameter,value,unit,category,description
SPC-ATSUGI-MKT-2026,contracted_demand_kw,16000.0,kW,tariff,Contracted demand at the 66 kV receiving point
SPC-ATSUGI-MKT-2026,loss_factor,1.04,x,tariff,"Spot price multiplier for losses (ESTIMATE, MARKET_FACTS s.5.4)"
SPC-ATSUGI-MKT-2026,service_fee_jpy_kwh,2.0,JPY/kWh,tariff,"Retailer service fee (ESTIMATE 1-3 JPY/kWh, MARKET_FACTS s.5.4)"
SPC-ATSUGI-MKT-2026,wheeling_energy_jpy_kwh,0.91,JPY/kWh,tariff,TEPCO PG extra-high-voltage wheeling energy charge until 2026-10-31 (MARKET_FACTS s.5.1)
SPC-ATSUGI-MKT-2026,wheeling_basic_jpy_kw_month,423.39,JPY/kW-month,tariff,TEPCO PG extra-high-voltage wheeling basic charge until 2026-10-31 (MARKET_FACTS s.5.1)
SPC-ATSUGI-MKT-2026,capacity_contribution_jpy_kwh,0.94,JPY/kWh,tariff,"Capacity contribution pass-through FY2026 Tokyo (ESTIMATE, MARKET_FACTS s.5.2)"
SPC-ATSUGI-MKT-2026,renewable_levy_jpy_kwh,4.18,JPY/kWh,tariff,FY2026 renewable energy surcharge (MARKET_FACTS s.5.3)
SPC-ATSUGI-MKT-2026,demand_charge_jpy_kw_month,1500.0,JPY/kW-month,tariff,Demand charge on the monthly maximum 30-min demand (demo assumption; level from MARKET_FACTS s.5.4)
SPC-ATSUGI-MKT-2026,deviation_band_pct,7.5,%,tariff,30-min deviation band vs the nominated plan; excess passed through at the imbalance price
SPC-ATSUGI-MKT-2026,gate_closure_min,60.0,min,tariff,Plan revisions allowed until 60 min before delivery (MARKET_FACTS s.3)
SPC-ATSUGI-MKT-2026,imbalance_price_cap_jpy_kwh,200.0,JPY/kWh,market,Scarcity imbalance cap until 2026-09-30 (MARKET_FACTS s.3)
SPC-ATSUGI-MKT-2026,imbalance_price_cap_from_2026_10_01_jpy_kwh,300.0,JPY/kWh,market,Cap from 2026-10-01 (MARKET_FACTS s.3)
SPC-ATSUGI-MKT-2026,dr_energy_rate_jpy_kwh,45.0,JPY/kWh,dr,Aggregator payment per delivered kWh (demo assumption)
SPC-ATSUGI-MKT-2026,dr_penalty_rate_jpy_kwh,60.0,JPY/kWh,dr,Penalty per kWh short of the request (demo assumption)
SPC-ATSUGI-MKT-2026,dr_availability_jpy_kw_month,650.0,JPY/kW-month,dr,Availability payment July-September (demo assumption)
SPC-ATSUGI-MKT-2026,dr_contracted_capacity_kw,3000.0,kW,dr,Contracted DR capacity
SPC-ATSUGI-MKT-2026,dr_payment_cap_ratio,1.0,x,dr,Payment capped at the requested kWh
SPC-ATSUGI-MKT-2026,gain_share_pct,25.0,%,gain_share,Equipment vendor share of verified Auto-DR savings (contract range 20-30 %)
SPC-ATSUGI-MKT-2026,baas_fee_jpy_month,3000000.0,JPY/month,baas,"BESS-as-a-Service monthly fee (4 MW / 8 MWh, managed)"
SPC-ATSUGI-MKT-2026,bess_degradation_jpy_kwh,8.0,JPY/kWh,baas,"Wear cost per kWh discharged (ESTIMATE, MARKET_FACTS s.12)"
SPC-ATSUGI-MKT-2026,bess_round_trip_efficiency,0.85,x,baas,AC round trip (MARKET_FACTS s.12)
