commitment_id,date,from_slot,to_slot,product,cluster_id,committed_kw,response_minutes,duration_hours,reserve_energy_kwh,price_jpy_per_dkw_30min,tso_area,status,awarded_at
ANC-0819-01,2026-08-19,35,40,tertiary_1,VPP-C-01,2500.0,15,0.5,2500.0,2.74,Tokyo,awarded,2026-08-18T15:00
ANC-0819-02,2026-08-19,35,40,secondary_2,VPP-C-03,2000.0,5,0.5,2000.0,2.64,Tokyo,awarded,2026-08-18T15:00
ANC-0819-03,2026-08-19,35,40,tertiary_1,VPP-C-06,3000.0,15,0.5,3000.0,2.57,Tokyo,awarded,2026-08-18T15:00
ANC-0819-04,2026-08-19,33,40,tertiary_2,VPP-C-08,2500.0,60,0.5,2500.0,8.7,Tokyo,awarded,2026-08-18T15:00
ANC-0819-05,2026-08-19,35,40,tertiary_2,VPP-R-03,800.0,60,0.5,800.0,5.28,Tokyo,awarded,2026-08-18T15:00
ANC-0819-06,2026-08-19,35,40,tertiary_2,VPP-R-04,800.0,60,0.5,800.0,10.22,Tokyo,awarded,2026-08-18T15:00
ANC-0819-07,2026-08-19,35,40,tertiary_2,VPP-R-05,800.0,60,0.5,800.0,7.4,Tokyo,awarded,2026-08-18T15:00
ANC-0819-08,2026-08-19,35,40,tertiary_2,VPP-R-06,800.0,60,0.5,800.0,7.74,Tokyo,awarded,2026-08-18T15:00
ANC-0819-09,2026-08-19,35,40,tertiary_2,VPP-R-17,1200.0,60,0.5,1200.0,4.13,Tokyo,awarded,2026-08-18T15:00
ANC-0819-10,2026-08-19,35,40,tertiary_2,VPP-D-02,2000.0,60,0.5,2000.0,6.15,Tokyo,awarded,2026-08-18T15:00
