date,month,baseload_jpy_kwh,peak_jpy_kwh,source_note
2026-08-20,2026-08,23.25,28.99,synthetic forward curve (futures-style settlement marks)
2026-08-21,2026-08,23.1,28.77,synthetic forward curve (futures-style settlement marks)
2026-08-22,2026-08,20.18,24.18,synthetic forward curve (futures-style settlement marks)
2026-08-23,2026-08,19.75,24.84,synthetic forward curve (futures-style settlement marks)
2026-08-24,2026-08,22.26,28.09,synthetic forward curve (futures-style settlement marks)
2026-08-25,2026-08,22.0,27.96,synthetic forward curve (futures-style settlement marks)
2026-08-26,2026-08,23.15,28.76,synthetic forward curve (futures-style settlement marks)
2026-08-27,2026-08,22.61,28.8,synthetic forward curve (futures-style settlement marks)
2026-08-28,2026-08,22.79,27.89,synthetic forward curve (futures-style settlement marks)
2026-08-29,2026-08,20.25,25.19,synthetic forward curve (futures-style settlement marks)
2026-08-30,2026-08,19.9,24.07,synthetic forward curve (futures-style settlement marks)
2026-08-31,2026-08,21.86,27.39,synthetic forward curve (futures-style settlement marks)
2026-09-01,2026-09,23.62,28.37,synthetic forward curve (futures-style settlement marks)
2026-09-02,2026-09,22.81,28.64,synthetic forward curve (futures-style settlement marks)
2026-09-03,2026-09,23.97,28.93,synthetic forward curve (futures-style settlement marks)
2026-09-04,2026-09,23.87,29.16,synthetic forward curve (futures-style settlement marks)
2026-09-05,2026-09,20.31,25.36,synthetic forward curve (futures-style settlement marks)
2026-09-06,2026-09,20.69,25.42,synthetic forward curve (futures-style settlement marks)
2026-09-07,2026-09,22.6,28.36,synthetic forward curve (futures-style settlement marks)
2026-09-08,2026-09,23.1,28.21,synthetic forward curve (futures-style settlement marks)
2026-09-09,2026-09,23.74,29.04,synthetic forward curve (futures-style settlement marks)
2026-09-10,2026-09,23.16,28.48,synthetic forward curve (futures-style settlement marks)
2026-09-11,2026-09,22.99,29.59,synthetic forward curve (futures-style settlement marks)
2026-09-12,2026-09,21.02,26.19,synthetic forward curve (futures-style settlement marks)
2026-09-13,2026-09,20.21,24.86,synthetic forward curve (futures-style settlement marks)
2026-09-14,2026-09,23.04,28.52,synthetic forward curve (futures-style settlement marks)
2026-09-15,2026-09,23.04,28.55,synthetic forward curve (futures-style settlement marks)
2026-09-16,2026-09,22.77,28.18,synthetic forward curve (futures-style settlement marks)
2026-09-17,2026-09,23.8,29.01,synthetic forward curve (futures-style settlement marks)
2026-09-18,2026-09,23.55,28.7,synthetic forward curve (futures-style settlement marks)
2026-09-19,2026-09,20.68,25.17,synthetic forward curve (futures-style settlement marks)
2026-09-20,2026-09,20.5,25.16,synthetic forward curve (futures-style settlement marks)
2026-09-21,2026-09,22.86,28.7,synthetic forward curve (futures-style settlement marks)
2026-09-22,2026-09,22.4,28.38,synthetic forward curve (futures-style settlement marks)
2026-09-23,2026-09,23.38,29.28,synthetic forward curve (futures-style settlement marks)
2026-09-24,2026-09,22.78,28.65,synthetic forward curve (futures-style settlement marks)
2026-09-25,2026-09,23.22,28.41,synthetic forward curve (futures-style settlement marks)
2026-09-26,2026-09,20.53,25.24,synthetic forward curve (futures-style settlement marks)
2026-09-27,2026-09,20.43,25.89,synthetic forward curve (futures-style settlement marks)
2026-09-28,2026-09,22.9,27.82,synthetic forward curve (futures-style settlement marks)
2026-09-29,2026-09,22.51,27.59,synthetic forward curve (futures-style settlement marks)
2026-09-30,2026-09,22.51,28.4,synthetic forward curve (futures-style settlement marks)
