date,hour,month,grid_cfe_share_pct,carbon_intensity_g_kwh
2026-07-01,0,2026-07,8.96,584.5
2026-07-01,1,2026-07,10.87,581.6
2026-07-01,2,2026-07,10.18,580.2
2026-07-01,3,2026-07,10.26,572.1
2026-07-01,4,2026-07,9.65,571.8
2026-07-01,5,2026-07,13.44,558.4
2026-07-01,6,2026-07,15.37,537.0
2026-07-01,7,2026-07,20.32,503.8
2026-07-01,8,2026-07,24.17,483.9
2026-07-01,9,2026-07,26.32,463.0
2026-07-01,10,2026-07,30.63,455.9
2026-07-01,11,2026-07,30.19,455.4
2026-07-01,12,2026-07,30.73,439.5
2026-07-01,13,2026-07,28.96,461.3
2026-07-01,14,2026-07,26.58,471.8
2026-07-01,15,2026-07,23.41,501.2
2026-07-01,16,2026-07,19.96,507.1
2026-07-01,17,2026-07,16.86,525.6
2026-07-01,18,2026-07,10.27,573.2
2026-07-01,19,2026-07,9.7,574.3
2026-07-01,20,2026-07,9.41,577.3
2026-07-01,21,2026-07,10.08,577.9
2026-07-01,22,2026-07,10.26,570.0
2026-07-01,23,2026-07,9.59,578.7
2026-07-02,0,2026-07,10.66,575.0
2026-07-02,1,2026-07,9.58,570.8
2026-07-02,2,2026-07,10.0,572.4
2026-07-02,3,2026-07,8.75,582.9
2026-07-02,4,2026-07,9.92,579.0
2026-07-02,5,2026-07,11.77,569.2
2026-07-02,6,2026-07,20.55,509.5
2026-07-02,7,2026-07,26.64,470.8
2026-07-02,8,2026-07,32.42,429.4
2026-07-02,9,2026-07,35.78,407.5
2026-07-02,10,2026-07,38.46,398.7
2026-07-02,11,2026-07,38.91,396.8
2026-07-02,12,2026-07,40.03,382.6
2026-07-02,13,2026-07,38.87,393.7
2026-07-02,14,2026-07,35.74,416.7
2026-07-02,15,2026-07,30.55,439.8
2026-07-02,16,2026-07,23.0,494.2
2026-07-02,17,2026-07,17.77,509.8
2026-07-02,18,2026-07,11.13,569.6
2026-07-02,19,2026-07,10.7,585.6
2026-07-02,20,2026-07,9.88,581.4
2026-07-02,21,2026-07,8.9,584.9
2026-07-02,22,2026-07,10.0,575.2
2026-07-02,23,2026-07,9.37,576.9
2026-07-03,0,2026-07,9.85,571.7
2026-07-03,1,2026-07,11.45,562.6
2026-07-03,2,2026-07,11.53,570.2
2026-07-03,3,2026-07,10.49,579.7
2026-07-03,4,2026-07,9.46,578.6
2026-07-03,5,2026-07,13.23,553.2
2026-07-03,6,2026-07,17.63,526.4
2026-07-03,7,2026-07,21.81,496.1
2026-07-03,8,2026-07,26.78,463.9
2026-07-03,9,2026-07,31.28,434.8
2026-07-03,10,2026-07,32.06,429.6
2026-07-03,11,2026-07,33.44,431.1
2026-07-03,12,2026-07,32.75,425.1
2026-07-03,13,2026-07,30.4,448.9
2026-07-03,14,2026-07,29.33,457.8
2026-07-03,15,2026-07,25.05,486.2
2026-07-03,16,2026-07,21.75,507.6
2026-07-03,17,2026-07,17.34,535.1
2026-07-03,18,2026-07,11.35,572.5
2026-07-03,19,2026-07,10.3,577.5
2026-07-03,20,2026-07,10.09,570.8
2026-07-03,21,2026-07,10.03,568.3
2026-07-03,22,2026-07,9.74,577.5
2026-07-03,23,2026-07,10.02,579.9
2026-07-04,0,2026-07,9.99,577.8
2026-07-04,1,2026-07,9.89,575.1
2026-07-04,2,2026-07,10.77,574.7
2026-07-04,3,2026-07,8.67,576.4
2026-07-04,4,2026-07,10.53,581.9
2026-07-04,5,2026-07,12.36,569.3
2026-07-04,6,2026-07,16.01,538.8
2026-07-04,7,2026-07,19.85,518.1
2026-07-04,8,2026-07,22.66,501.7
2026-07-04,9,2026-07,25.27,482.6
2026-07-04,10,2026-07,27.85,459.8
2026-07-04,11,2026-07,27.71,466.5
2026-07-04,12,2026-07,28.36,466.2
2026-07-04,13,2026-07,26.1,467.3
2026-07-04,14,2026-07,25.85,453.7
2026-07-04,15,2026-07,21.99,498.2
2026-07-04,16,2026-07,17.57,523.0
2026-07-04,17,2026-07,15.72,543.3
2026-07-04,18,2026-07,11.32,572.4
2026-07-04,19,2026-07,9.66,576.6
2026-07-04,20,2026-07,11.39,570.9
2026-07-04,21,2026-07,10.14,574.5
2026-07-04,22,2026-07,10.05,565.6
2026-07-04,23,2026-07,10.44,576.8
2026-07-05,0,2026-07,9.98,574.7
2026-07-05,1,2026-07,11.43,571.5
2026-07-05,2,2026-07,10.79,560.9
2026-07-05,3,2026-07,8.74,589.8
2026-07-05,4,2026-07,9.82,586.2
2026-07-05,5,2026-07,12.28,569.4
2026-07-05,6,2026-07,17.32,528.9
2026-07-05,7,2026-07,24.19,497.3
2026-07-05,8,2026-07,26.98,463.0
2026-07-05,9,2026-07,31.8,432.7
2026-07-05,10,2026-07,34.09,423.7
2026-07-05,11,2026-07,35.58,407.4
2026-07-05,12,2026-07,34.72,425.2
2026-07-05,13,2026-07,35.03,415.0
2026-07-05,14,2026-07,31.53,440.0
2026-07-05,15,2026-07,27.4,469.5
2026-07-05,16,2026-07,22.45,504.7
2026-07-05,17,2026-07,17.53,534.4
2026-07-05,18,2026-07,11.73,569.5
2026-07-05,19,2026-07,8.24,595.7
2026-07-05,20,2026-07,9.06,567.6
2026-07-05,21,2026-07,10.16,573.3
2026-07-05,22,2026-07,9.67,574.9
2026-07-05,23,2026-07,10.35,575.6
2026-07-06,0,2026-07,10.55,581.9
2026-07-06,1,2026-07,9.79,578.4
2026-07-06,2,2026-07,10.83,565.4
2026-07-06,3,2026-07,10.19,577.0
2026-07-06,4,2026-07,9.86,582.1
2026-07-06,5,2026-07,12.75,546.4
2026-07-06,6,2026-07,19.19,528.5
2026-07-06,7,2026-07,24.35,490.7
2026-07-06,8,2026-07,27.4,457.0
2026-07-06,9,2026-07,31.02,454.3
2026-07-06,10,2026-07,34.14,422.4
2026-07-06,11,2026-07,34.27,414.0
2026-07-06,12,2026-07,35.15,414.2
2026-07-06,13,2026-07,32.42,436.5
2026-07-06,14,2026-07,30.63,435.9
2026-07-06,15,2026-07,27.26,465.0
2026-07-06,16,2026-07,22.29,502.4
2026-07-06,17,2026-07,16.89,533.2
2026-07-06,18,2026-07,12.56,565.9
2026-07-06,19,2026-07,10.52,573.9
2026-07-06,20,2026-07,10.9,567.2
2026-07-06,21,2026-07,10.49,569.7
2026-07-06,22,2026-07,9.66,589.2
2026-07-06,23,2026-07,10.97,560.6
2026-07-07,0,2026-07,9.43,581.2
2026-07-07,1,2026-07,8.06,584.4
2026-07-07,2,2026-07,9.42,583.2
2026-07-07,3,2026-07,9.8,578.5
2026-07-07,4,2026-07,10.5,571.9
2026-07-07,5,2026-07,12.26,562.1
2026-07-07,6,2026-07,20.89,507.0
2026-07-07,7,2026-07,25.86,474.1
2026-07-07,8,2026-07,29.89,448.1
2026-07-07,9,2026-07,35.48,411.0
2026-07-07,10,2026-07,37.39,400.0
2026-07-07,11,2026-07,38.04,403.2
2026-07-07,12,2026-07,39.33,395.9
2026-07-07,13,2026-07,38.03,391.0
2026-07-07,14,2026-07,33.18,415.7
2026-07-07,15,2026-07,29.82,444.6
2026-07-07,16,2026-07,23.86,485.9
2026-07-07,17,2026-07,18.25,522.5
2026-07-07,18,2026-07,12.96,550.8
2026-07-07,19,2026-07,10.74,568.4
2026-07-07,20,2026-07,10.91,571.6
2026-07-07,21,2026-07,9.7,572.6
2026-07-07,22,2026-07,8.25,584.3
2026-07-07,23,2026-07,10.19,576.5
2026-07-08,0,2026-07,9.25,573.9
2026-07-08,1,2026-07,10.45,560.0
2026-07-08,2,2026-07,9.3,574.2
2026-07-08,3,2026-07,10.75,571.8
2026-07-08,4,2026-07,9.07,584.6
2026-07-08,5,2026-07,13.3,557.0
2026-07-08,6,2026-07,18.76,505.0
2026-07-08,7,2026-07,23.82,479.4
2026-07-08,8,2026-07,30.07,448.6
2026-07-08,9,2026-07,33.62,425.1
2026-07-08,10,2026-07,35.32,408.9
2026-07-08,11,2026-07,35.78,422.1
2026-07-08,12,2026-07,35.77,405.1
2026-07-08,13,2026-07,34.54,420.5
2026-07-08,14,2026-07,31.8,441.0
2026-07-08,15,2026-07,27.84,463.1
2026-07-08,16,2026-07,23.17,493.7
2026-07-08,17,2026-07,18.37,514.7
2026-07-08,18,2026-07,10.44,590.9
2026-07-08,19,2026-07,9.48,581.5
2026-07-08,20,2026-07,9.86,576.1
2026-07-08,21,2026-07,10.53,565.5
2026-07-08,22,2026-07,10.43,582.3
2026-07-08,23,2026-07,9.23,577.4
2026-07-09,0,2026-07,9.75,575.4
2026-07-09,1,2026-07,10.0,580.6
2026-07-09,2,2026-07,10.83,569.6
2026-07-09,3,2026-07,10.24,579.6
2026-07-09,4,2026-07,9.18,584.2
2026-07-09,5,2026-07,12.15,560.0
2026-07-09,6,2026-07,17.17,539.9
2026-07-09,7,2026-07,20.56,509.1
2026-07-09,8,2026-07,23.76,489.1
2026-07-09,9,2026-07,26.99,465.1
2026-07-09,10,2026-07,29.32,464.4
2026-07-09,11,2026-07,30.16,453.6
2026-07-09,12,2026-07,29.92,453.6
2026-07-09,13,2026-07,27.78,463.2
2026-07-09,14,2026-07,27.16,459.6
2026-07-09,15,2026-07,23.21,485.4
2026-07-09,16,2026-07,20.19,512.3
2026-07-09,17,2026-07,15.3,541.5
2026-07-09,18,2026-07,11.07,558.8
2026-07-09,19,2026-07,10.48,573.6
2026-07-09,20,2026-07,9.51,590.3
2026-07-09,21,2026-07,9.68,572.5
2026-07-09,22,2026-07,11.21,587.9
2026-07-09,23,2026-07,8.84,579.2
2026-07-10,0,2026-07,8.67,576.9
2026-07-10,1,2026-07,10.66,578.2
2026-07-10,2,2026-07,8.92,579.0
2026-07-10,3,2026-07,11.12,577.3
2026-07-10,4,2026-07,10.93,579.4
2026-07-10,5,2026-07,12.33,560.6
2026-07-10,6,2026-07,15.49,539.6
2026-07-10,7,2026-07,19.78,520.7
2026-07-10,8,2026-07,21.95,504.0
2026-07-10,9,2026-07,26.12,468.1
2026-07-10,10,2026-07,26.46,468.5
2026-07-10,11,2026-07,27.32,456.1
2026-07-10,12,2026-07,28.38,455.5
2026-07-10,13,2026-07,27.05,472.3
2026-07-10,14,2026-07,25.39,481.3
2026-07-10,15,2026-07,24.92,475.6
2026-07-10,16,2026-07,19.64,513.8
2026-07-10,17,2026-07,15.24,539.3
2026-07-10,18,2026-07,11.67,569.5
2026-07-10,19,2026-07,9.6,580.8
2026-07-10,20,2026-07,10.09,581.6
2026-07-10,21,2026-07,9.74,583.7
2026-07-10,22,2026-07,9.49,582.0
2026-07-10,23,2026-07,10.16,573.5
2026-07-11,0,2026-07,10.95,570.2
2026-07-11,1,2026-07,11.86,561.2
2026-07-11,2,2026-07,10.12,577.5
2026-07-11,3,2026-07,10.17,570.6
2026-07-11,4,2026-07,9.9,575.9
2026-07-11,5,2026-07,12.65,556.6
2026-07-11,6,2026-07,18.29,535.0
2026-07-11,7,2026-07,21.06,510.4
2026-07-11,8,2026-07,24.93,481.7
2026-07-11,9,2026-07,27.46,463.3
2026-07-11,10,2026-07,31.27,451.9
2026-07-11,11,2026-07,31.74,427.5
2026-07-11,12,2026-07,32.46,435.2
2026-07-11,13,2026-07,32.63,427.1
2026-07-11,14,2026-07,26.48,480.3
2026-07-11,15,2026-07,25.83,466.9
2026-07-11,16,2026-07,22.1,495.0
2026-07-11,17,2026-07,16.61,547.3
2026-07-11,18,2026-07,11.31,579.1
2026-07-11,19,2026-07,10.62,559.7
2026-07-11,20,2026-07,9.93,576.9
2026-07-11,21,2026-07,8.5,587.1
2026-07-11,22,2026-07,10.3,579.0
2026-07-11,23,2026-07,10.72,570.7
2026-07-12,0,2026-07,10.45,573.8
2026-07-12,1,2026-07,8.77,586.4
2026-07-12,2,2026-07,10.55,577.8
2026-07-12,3,2026-07,10.31,573.2
2026-07-12,4,2026-07,8.55,571.1
2026-07-12,5,2026-07,12.36,567.0
2026-07-12,6,2026-07,15.72,541.4
2026-07-12,7,2026-07,18.91,513.6
2026-07-12,8,2026-07,23.52,495.0
2026-07-12,9,2026-07,24.48,484.1
2026-07-12,10,2026-07,27.88,451.0
2026-07-12,11,2026-07,26.48,465.3
2026-07-12,12,2026-07,28.27,446.9
2026-07-12,13,2026-07,25.24,467.4
2026-07-12,14,2026-07,23.66,488.0
2026-07-12,15,2026-07,21.46,504.4
2026-07-12,16,2026-07,19.08,521.0
2026-07-12,17,2026-07,15.83,541.0
2026-07-12,18,2026-07,10.53,567.2
2026-07-12,19,2026-07,9.84,583.6
2026-07-12,20,2026-07,10.2,580.7
2026-07-12,21,2026-07,10.1,574.9
2026-07-12,22,2026-07,10.34,575.6
2026-07-12,23,2026-07,8.01,587.7
2026-07-13,0,2026-07,10.79,572.1
2026-07-13,1,2026-07,9.93,562.1
2026-07-13,2,2026-07,10.09,582.4
2026-07-13,3,2026-07,10.33,566.3
2026-07-13,4,2026-07,11.15,568.0
2026-07-13,5,2026-07,11.8,573.3
2026-07-13,6,2026-07,16.65,527.1
2026-07-13,7,2026-07,21.53,498.6
2026-07-13,8,2026-07,25.13,480.5
2026-07-13,9,2026-07,26.14,467.0
2026-07-13,10,2026-07,28.78,459.0
2026-07-13,11,2026-07,30.89,437.5
2026-07-13,12,2026-07,31.61,444.3
2026-07-13,13,2026-07,30.03,437.5
2026-07-13,14,2026-07,26.43,465.6
2026-07-13,15,2026-07,24.18,484.6
2026-07-13,16,2026-07,20.65,506.1
2026-07-13,17,2026-07,15.85,534.9
2026-07-13,18,2026-07,11.89,558.1
2026-07-13,19,2026-07,8.7,583.6
2026-07-13,20,2026-07,8.99,578.4
2026-07-13,21,2026-07,9.94,593.0
2026-07-13,22,2026-07,9.43,568.6
2026-07-13,23,2026-07,10.97,578.8
2026-07-14,0,2026-07,9.43,583.4
2026-07-14,1,2026-07,10.64,575.2
2026-07-14,2,2026-07,9.35,580.0
2026-07-14,3,2026-07,8.26,589.6
2026-07-14,4,2026-07,10.84,564.7
2026-07-14,5,2026-07,12.16,560.9
2026-07-14,6,2026-07,17.14,526.3
2026-07-14,7,2026-07,20.31,515.0
2026-07-14,8,2026-07,23.73,492.1
2026-07-14,9,2026-07,25.59,480.6
2026-07-14,10,2026-07,26.31,469.4
2026-07-14,11,2026-07,29.11,453.6
2026-07-14,12,2026-07,28.73,470.5
2026-07-14,13,2026-07,28.16,454.7
2026-07-14,14,2026-07,26.07,470.0
2026-07-14,15,2026-07,22.39,491.8
2026-07-14,16,2026-07,19.46,522.3
2026-07-14,17,2026-07,15.61,538.7
2026-07-14,18,2026-07,11.07,571.0
2026-07-14,19,2026-07,10.58,585.5
2026-07-14,20,2026-07,10.66,564.2
2026-07-14,21,2026-07,10.79,574.3
2026-07-14,22,2026-07,10.87,565.2
2026-07-14,23,2026-07,10.85,558.1
2026-07-15,0,2026-07,10.41,569.2
2026-07-15,1,2026-07,8.91,575.4
2026-07-15,2,2026-07,9.37,579.0
2026-07-15,3,2026-07,10.64,574.3
2026-07-15,4,2026-07,8.43,582.7
2026-07-15,5,2026-07,11.84,559.1
2026-07-15,6,2026-07,18.67,517.7
2026-07-15,7,2026-07,24.29,491.9
2026-07-15,8,2026-07,28.84,452.9
2026-07-15,9,2026-07,31.89,435.7
2026-07-15,10,2026-07,35.23,417.5
2026-07-15,11,2026-07,36.71,400.1
2026-07-15,12,2026-07,36.71,400.1
2026-07-15,13,2026-07,34.47,418.5
2026-07-15,14,2026-07,33.32,423.1
2026-07-15,15,2026-07,26.78,473.1
2026-07-15,16,2026-07,23.14,480.0
2026-07-15,17,2026-07,18.77,516.3
2026-07-15,18,2026-07,10.29,570.3
2026-07-15,19,2026-07,11.78,564.0
2026-07-15,20,2026-07,10.6,578.7
2026-07-15,21,2026-07,10.89,574.6
2026-07-15,22,2026-07,9.85,570.0
2026-07-15,23,2026-07,9.46,583.1
2026-07-16,0,2026-07,8.94,581.0
2026-07-16,1,2026-07,10.18,575.4
2026-07-16,2,2026-07,10.39,578.2
2026-07-16,3,2026-07,9.3,585.1
2026-07-16,4,2026-07,11.46,575.0
2026-07-16,5,2026-07,12.44,561.8
2026-07-16,6,2026-07,15.03,543.8
2026-07-16,7,2026-07,18.06,520.3
2026-07-16,8,2026-07,20.25,511.2
2026-07-16,9,2026-07,23.6,493.6
2026-07-16,10,2026-07,25.58,474.0
2026-07-16,11,2026-07,23.62,488.4
2026-07-16,12,2026-07,25.23,477.5
2026-07-16,13,2026-07,25.85,475.2
2026-07-16,14,2026-07,24.36,478.7
2026-07-16,15,2026-07,21.44,505.9
2026-07-16,16,2026-07,18.48,522.7
2026-07-16,17,2026-07,13.45,557.3
2026-07-16,18,2026-07,11.29,561.7
2026-07-16,19,2026-07,10.47,566.7
2026-07-16,20,2026-07,9.93,581.6
2026-07-16,21,2026-07,10.96,567.0
2026-07-16,22,2026-07,11.09,560.0
2026-07-16,23,2026-07,10.15,567.2
2026-07-17,0,2026-07,10.34,571.6
2026-07-17,1,2026-07,10.19,567.9
2026-07-17,2,2026-07,11.58,565.0
2026-07-17,3,2026-07,10.82,577.3
2026-07-17,4,2026-07,10.78,570.2
2026-07-17,5,2026-07,12.99,567.3
2026-07-17,6,2026-07,20.24,503.7
2026-07-17,7,2026-07,24.33,483.6
2026-07-17,8,2026-07,28.97,436.7
2026-07-17,9,2026-07,32.81,424.6
2026-07-17,10,2026-07,35.92,412.3
2026-07-17,11,2026-07,35.9,405.9
2026-07-17,12,2026-07,35.75,412.8
2026-07-17,13,2026-07,34.01,430.8
2026-07-17,14,2026-07,31.76,444.5
2026-07-17,15,2026-07,26.82,457.4
2026-07-17,16,2026-07,23.93,491.8
2026-07-17,17,2026-07,18.15,521.4
2026-07-17,18,2026-07,10.4,570.9
2026-07-17,19,2026-07,10.37,576.1
2026-07-17,20,2026-07,9.53,575.6
2026-07-17,21,2026-07,9.02,590.5
2026-07-17,22,2026-07,10.04,579.2
2026-07-17,23,2026-07,10.9,577.2
2026-07-18,0,2026-07,10.43,578.2
2026-07-18,1,2026-07,10.35,572.8
2026-07-18,2,2026-07,7.95,607.0
2026-07-18,3,2026-07,8.64,588.8
2026-07-18,4,2026-07,10.83,562.3
2026-07-18,5,2026-07,11.24,572.5
2026-07-18,6,2026-07,15.88,540.1
2026-07-18,7,2026-07,21.59,504.0
2026-07-18,8,2026-07,22.66,495.2
2026-07-18,9,2026-07,24.96,472.4
2026-07-18,10,2026-07,25.53,470.8
2026-07-18,11,2026-07,29.71,461.7
2026-07-18,12,2026-07,28.5,459.1
2026-07-18,13,2026-07,24.97,471.9
2026-07-18,14,2026-07,23.54,482.7
2026-07-18,15,2026-07,21.26,501.0
2026-07-18,16,2026-07,17.82,520.5
2026-07-18,17,2026-07,13.57,551.4
2026-07-18,18,2026-07,11.94,562.8
2026-07-18,19,2026-07,9.97,575.6
2026-07-18,20,2026-07,10.85,566.3
2026-07-18,21,2026-07,11.12,581.3
2026-07-18,22,2026-07,10.34,573.1
2026-07-18,23,2026-07,9.99,570.6
2026-07-19,0,2026-07,9.62,573.0
2026-07-19,1,2026-07,10.31,577.6
2026-07-19,2,2026-07,10.62,572.6
2026-07-19,3,2026-07,10.45,572.3
2026-07-19,4,2026-07,11.29,563.6
2026-07-19,5,2026-07,12.04,546.5
2026-07-19,6,2026-07,16.88,528.5
2026-07-19,7,2026-07,20.61,509.4
2026-07-19,8,2026-07,25.88,465.4
2026-07-19,9,2026-07,27.63,471.0
2026-07-19,10,2026-07,31.01,438.0
2026-07-19,11,2026-07,30.95,434.7
2026-07-19,12,2026-07,32.11,437.7
2026-07-19,13,2026-07,30.86,445.9
2026-07-19,14,2026-07,27.49,463.9
2026-07-19,15,2026-07,25.33,466.1
2026-07-19,16,2026-07,20.73,508.1
2026-07-19,17,2026-07,16.69,532.3
2026-07-19,18,2026-07,12.77,559.3
2026-07-19,19,2026-07,9.04,583.8
2026-07-19,20,2026-07,10.63,572.9
2026-07-19,21,2026-07,10.79,576.0
2026-07-19,22,2026-07,9.59,579.9
2026-07-19,23,2026-07,9.41,576.1
2026-07-20,0,2026-07,8.6,580.3
2026-07-20,1,2026-07,10.44,584.0
2026-07-20,2,2026-07,9.49,586.1
2026-07-20,3,2026-07,10.16,569.6
2026-07-20,4,2026-07,10.41,587.5
2026-07-20,5,2026-07,12.68,573.9
2026-07-20,6,2026-07,17.57,530.5
2026-07-20,7,2026-07,21.87,503.7
2026-07-20,8,2026-07,25.41,467.1
2026-07-20,9,2026-07,27.0,464.0
2026-07-20,10,2026-07,29.81,454.8
2026-07-20,11,2026-07,30.52,451.3
2026-07-20,12,2026-07,29.6,453.0
2026-07-20,13,2026-07,30.57,454.7
2026-07-20,14,2026-07,28.93,446.2
2026-07-20,15,2026-07,23.25,490.1
2026-07-20,16,2026-07,19.97,515.5
2026-07-20,17,2026-07,16.03,541.9
2026-07-20,18,2026-07,10.73,570.3
2026-07-20,19,2026-07,10.51,571.2
2026-07-20,20,2026-07,11.17,562.1
2026-07-20,21,2026-07,10.47,564.2
2026-07-20,22,2026-07,9.96,574.2
2026-07-20,23,2026-07,9.36,584.6
2026-07-21,0,2026-07,9.54,580.0
2026-07-21,1,2026-07,9.73,574.7
2026-07-21,2,2026-07,9.99,575.8
2026-07-21,3,2026-07,12.52,551.8
2026-07-21,4,2026-07,9.23,586.6
2026-07-21,5,2026-07,12.48,571.0
2026-07-21,6,2026-07,17.46,530.1
2026-07-21,7,2026-07,23.77,486.7
2026-07-21,8,2026-07,27.89,462.6
2026-07-21,9,2026-07,29.93,461.3
2026-07-21,10,2026-07,31.82,437.2
2026-07-21,11,2026-07,34.56,419.9
2026-07-21,12,2026-07,32.36,444.1
2026-07-21,13,2026-07,32.95,443.9
2026-07-21,14,2026-07,29.56,448.4
2026-07-21,15,2026-07,27.62,463.3
2026-07-21,16,2026-07,22.05,507.7
2026-07-21,17,2026-07,16.64,521.8
2026-07-21,18,2026-07,12.02,567.7
2026-07-21,19,2026-07,9.99,574.6
2026-07-21,20,2026-07,10.4,567.8
2026-07-21,21,2026-07,10.13,578.1
2026-07-21,22,2026-07,11.94,561.1
2026-07-21,23,2026-07,10.1,573.9
2026-07-22,0,2026-07,10.17,579.3
2026-07-22,1,2026-07,9.26,584.8
2026-07-22,2,2026-07,10.95,571.3
2026-07-22,3,2026-07,10.01,564.8
2026-07-22,4,2026-07,10.49,577.3
2026-07-22,5,2026-07,13.12,554.6
2026-07-22,6,2026-07,15.86,556.4
2026-07-22,7,2026-07,20.31,517.0
2026-07-22,8,2026-07,22.44,494.0
2026-07-22,9,2026-07,26.36,472.1
2026-07-22,10,2026-07,28.16,463.6
2026-07-22,11,2026-07,30.11,441.2
2026-07-22,12,2026-07,29.44,451.7
2026-07-22,13,2026-07,28.72,449.6
2026-07-22,14,2026-07,26.86,475.8
2026-07-22,15,2026-07,24.38,495.0
2026-07-22,16,2026-07,20.95,510.0
2026-07-22,17,2026-07,16.62,526.6
2026-07-22,18,2026-07,10.92,570.3
2026-07-22,19,2026-07,10.05,570.5
2026-07-22,20,2026-07,10.64,573.4
2026-07-22,21,2026-07,10.07,575.6
2026-07-22,22,2026-07,10.86,573.2
2026-07-22,23,2026-07,11.03,572.7
2026-07-23,0,2026-07,10.91,565.5
2026-07-23,1,2026-07,10.67,562.8
2026-07-23,2,2026-07,9.15,575.2
2026-07-23,3,2026-07,10.47,577.9
2026-07-23,4,2026-07,10.03,583.1
2026-07-23,5,2026-07,13.84,555.0
2026-07-23,6,2026-07,18.78,522.3
2026-07-23,7,2026-07,23.2,490.9
2026-07-23,8,2026-07,30.24,443.4
2026-07-23,9,2026-07,32.58,422.7
2026-07-23,10,2026-07,35.85,407.9
2026-07-23,11,2026-07,36.04,410.7
2026-07-23,12,2026-07,35.98,411.5
2026-07-23,13,2026-07,34.53,414.1
2026-07-23,14,2026-07,29.76,445.2
2026-07-23,15,2026-07,27.48,461.8
2026-07-23,16,2026-07,22.43,503.4
2026-07-23,17,2026-07,17.56,534.8
2026-07-23,18,2026-07,11.3,568.6
2026-07-23,19,2026-07,9.26,569.2
2026-07-23,20,2026-07,9.35,575.0
2026-07-23,21,2026-07,9.46,583.3
2026-07-23,22,2026-07,9.52,576.9
2026-07-23,23,2026-07,9.69,566.6
2026-07-24,0,2026-07,10.74,574.1
2026-07-24,1,2026-07,12.01,563.0
2026-07-24,2,2026-07,10.37,577.8
2026-07-24,3,2026-07,9.18,586.8
2026-07-24,4,2026-07,9.99,580.4
2026-07-24,5,2026-07,12.79,549.4
2026-07-24,6,2026-07,19.35,511.8
2026-07-24,7,2026-07,22.65,491.4
2026-07-24,8,2026-07,28.37,471.1
2026-07-24,9,2026-07,32.17,447.9
2026-07-24,10,2026-07,34.39,428.4
2026-07-24,11,2026-07,35.55,410.2
2026-07-24,12,2026-07,35.88,415.3
2026-07-24,13,2026-07,33.9,417.0
2026-07-24,14,2026-07,31.54,433.8
2026-07-24,15,2026-07,27.81,464.7
2026-07-24,16,2026-07,24.19,484.6
2026-07-24,17,2026-07,16.97,527.6
2026-07-24,18,2026-07,11.59,563.1
2026-07-24,19,2026-07,11.32,575.7
2026-07-24,20,2026-07,9.87,580.5
2026-07-24,21,2026-07,9.1,581.6
2026-07-24,22,2026-07,9.09,571.5
2026-07-24,23,2026-07,9.24,583.9
2026-07-25,0,2026-07,10.78,568.9
2026-07-25,1,2026-07,8.58,578.9
2026-07-25,2,2026-07,9.42,576.7
2026-07-25,3,2026-07,10.64,575.1
2026-07-25,4,2026-07,10.63,570.9
2026-07-25,5,2026-07,12.26,566.5
2026-07-25,6,2026-07,17.64,532.3
2026-07-25,7,2026-07,19.99,513.3
2026-07-25,8,2026-07,24.35,497.6
2026-07-25,9,2026-07,28.1,461.3
2026-07-25,10,2026-07,28.32,452.2
2026-07-25,11,2026-07,30.24,461.5
2026-07-25,12,2026-07,29.96,451.4
2026-07-25,13,2026-07,28.87,458.1
2026-07-25,14,2026-07,26.45,478.5
2026-07-25,15,2026-07,23.96,481.6
2026-07-25,16,2026-07,21.3,516.0
2026-07-25,17,2026-07,15.46,548.2
2026-07-25,18,2026-07,11.62,568.8
2026-07-25,19,2026-07,9.76,577.7
2026-07-25,20,2026-07,9.94,589.3
2026-07-25,21,2026-07,9.35,582.9
2026-07-25,22,2026-07,9.47,584.7
2026-07-25,23,2026-07,11.24,571.6
2026-07-26,0,2026-07,9.01,583.0
2026-07-26,1,2026-07,8.42,589.2
2026-07-26,2,2026-07,10.53,571.3
2026-07-26,3,2026-07,11.41,569.8
2026-07-26,4,2026-07,11.28,559.6
2026-07-26,5,2026-07,12.56,561.2
2026-07-26,6,2026-07,15.45,539.1
2026-07-26,7,2026-07,18.16,513.7
2026-07-26,8,2026-07,20.23,510.3
2026-07-26,9,2026-07,21.92,506.6
2026-07-26,10,2026-07,23.05,492.0
2026-07-26,11,2026-07,21.56,510.9
2026-07-26,12,2026-07,23.44,489.3
2026-07-26,13,2026-07,22.09,484.7
2026-07-26,14,2026-07,22.71,501.0
2026-07-26,15,2026-07,19.59,521.7
2026-07-26,16,2026-07,16.92,539.7
2026-07-26,17,2026-07,14.31,555.7
2026-07-26,18,2026-07,10.35,581.1
2026-07-26,19,2026-07,10.4,583.9
2026-07-26,20,2026-07,10.49,571.5
2026-07-26,21,2026-07,10.19,571.9
2026-07-26,22,2026-07,10.81,573.3
2026-07-26,23,2026-07,9.1,579.1
2026-07-27,0,2026-07,10.91,572.1
2026-07-27,1,2026-07,11.22,575.0
2026-07-27,2,2026-07,9.53,579.7
2026-07-27,3,2026-07,10.89,568.3
2026-07-27,4,2026-07,10.56,565.0
2026-07-27,5,2026-07,11.82,566.3
2026-07-27,6,2026-07,17.98,521.6
2026-07-27,7,2026-07,22.7,501.4
2026-07-27,8,2026-07,25.51,480.5
2026-07-27,9,2026-07,27.76,454.5
2026-07-27,10,2026-07,31.0,448.1
2026-07-27,11,2026-07,30.4,446.7
2026-07-27,12,2026-07,31.96,444.1
2026-07-27,13,2026-07,30.07,448.8
2026-07-27,14,2026-07,28.55,460.1
2026-07-27,15,2026-07,24.9,482.4
2026-07-27,16,2026-07,21.32,497.8
2026-07-27,17,2026-07,14.86,545.6
2026-07-27,18,2026-07,11.34,567.0
2026-07-27,19,2026-07,11.01,568.4
2026-07-27,20,2026-07,8.88,587.1
2026-07-27,21,2026-07,9.92,570.9
2026-07-27,22,2026-07,10.63,577.0
2026-07-27,23,2026-07,9.33,582.4
2026-07-28,0,2026-07,10.5,593.1
2026-07-28,1,2026-07,10.23,577.0
2026-07-28,2,2026-07,10.28,581.4
2026-07-28,3,2026-07,9.28,590.9
2026-07-28,4,2026-07,9.7,576.4
2026-07-28,5,2026-07,13.18,554.9
2026-07-28,6,2026-07,19.4,495.8
2026-07-28,7,2026-07,25.52,481.6
2026-07-28,8,2026-07,32.02,434.2
2026-07-28,9,2026-07,34.43,416.4
2026-07-28,10,2026-07,36.69,416.8
2026-07-28,11,2026-07,39.14,386.1
2026-07-28,12,2026-07,39.95,385.6
2026-07-28,13,2026-07,37.35,392.5
2026-07-28,14,2026-07,33.79,413.4
2026-07-28,15,2026-07,29.1,444.3
2026-07-28,16,2026-07,25.04,477.8
2026-07-28,17,2026-07,18.72,512.6
2026-07-28,18,2026-07,11.33,560.1
2026-07-28,19,2026-07,9.52,576.9
2026-07-28,20,2026-07,9.8,565.2
2026-07-28,21,2026-07,8.96,585.0
2026-07-28,22,2026-07,9.88,572.0
2026-07-28,23,2026-07,9.75,577.3
2026-07-29,0,2026-07,9.23,584.4
2026-07-29,1,2026-07,9.83,565.8
2026-07-29,2,2026-07,9.94,583.1
2026-07-29,3,2026-07,11.09,560.1
2026-07-29,4,2026-07,8.84,579.2
2026-07-29,5,2026-07,12.18,556.3
2026-07-29,6,2026-07,14.1,547.7
2026-07-29,7,2026-07,18.31,517.3
2026-07-29,8,2026-07,21.73,513.6
2026-07-29,9,2026-07,25.28,480.3
2026-07-29,10,2026-07,26.66,468.2
2026-07-29,11,2026-07,27.2,455.4
2026-07-29,12,2026-07,26.33,460.4
2026-07-29,13,2026-07,25.75,463.0
2026-07-29,14,2026-07,23.72,483.1
2026-07-29,15,2026-07,21.66,512.3
2026-07-29,16,2026-07,18.98,521.1
2026-07-29,17,2026-07,14.58,557.7
2026-07-29,18,2026-07,11.6,574.8
2026-07-29,19,2026-07,11.06,564.6
2026-07-29,20,2026-07,9.13,569.0
2026-07-29,21,2026-07,9.94,584.1
2026-07-29,22,2026-07,9.8,573.5
2026-07-29,23,2026-07,10.8,575.9
2026-07-30,0,2026-07,10.49,578.0
2026-07-30,1,2026-07,10.5,570.6
2026-07-30,2,2026-07,9.77,579.1
2026-07-30,3,2026-07,11.67,567.3
2026-07-30,4,2026-07,11.33,576.3
2026-07-30,5,2026-07,14.67,544.0
2026-07-30,6,2026-07,19.75,508.1
2026-07-30,7,2026-07,25.25,483.2
2026-07-30,8,2026-07,31.07,437.7
2026-07-30,9,2026-07,34.25,414.6
2026-07-30,10,2026-07,37.26,401.0
2026-07-30,11,2026-07,39.62,388.5
2026-07-30,12,2026-07,39.54,391.4
2026-07-30,13,2026-07,36.96,405.7
2026-07-30,14,2026-07,35.29,412.8
2026-07-30,15,2026-07,29.9,450.2
2026-07-30,16,2026-07,24.49,480.7
2026-07-30,17,2026-07,18.6,517.7
2026-07-30,18,2026-07,12.31,564.2
2026-07-30,19,2026-07,10.02,577.3
2026-07-30,20,2026-07,10.29,569.5
2026-07-30,21,2026-07,11.15,567.2
2026-07-30,22,2026-07,10.34,576.2
2026-07-30,23,2026-07,10.51,572.1
2026-07-31,0,2026-07,9.46,579.4
2026-07-31,1,2026-07,10.32,584.6
2026-07-31,2,2026-07,10.24,577.3
2026-07-31,3,2026-07,10.45,570.2
2026-07-31,4,2026-07,9.94,573.8
2026-07-31,5,2026-07,13.41,540.6
2026-07-31,6,2026-07,18.87,527.6
2026-07-31,7,2026-07,21.71,500.1
2026-07-31,8,2026-07,27.66,454.5
2026-07-31,9,2026-07,31.04,438.5
2026-07-31,10,2026-07,33.29,419.2
2026-07-31,11,2026-07,34.02,428.1
2026-07-31,12,2026-07,32.51,431.8
2026-07-31,13,2026-07,31.15,447.2
2026-07-31,14,2026-07,28.32,456.2
2026-07-31,15,2026-07,26.56,462.6
2026-07-31,16,2026-07,22.51,490.5
2026-07-31,17,2026-07,18.03,510.4
2026-07-31,18,2026-07,11.85,570.0
2026-07-31,19,2026-07,9.23,580.9
2026-07-31,20,2026-07,10.08,580.5
2026-07-31,21,2026-07,9.94,574.5
2026-07-31,22,2026-07,10.95,571.6
2026-07-31,23,2026-07,9.76,576.6
2026-08-01,0,2026-08,9.73,577.4
2026-08-01,1,2026-08,10.28,572.1
2026-08-01,2,2026-08,11.1,578.5
2026-08-01,3,2026-08,10.54,576.7
2026-08-01,4,2026-08,9.39,579.3
2026-08-01,5,2026-08,11.63,566.0
2026-08-01,6,2026-08,16.2,525.1
2026-08-01,7,2026-08,19.26,524.1
2026-08-01,8,2026-08,22.37,501.1
2026-08-01,9,2026-08,24.96,470.0
2026-08-01,10,2026-08,27.09,465.0
2026-08-01,11,2026-08,26.24,478.8
2026-08-01,12,2026-08,25.63,465.3
2026-08-01,13,2026-08,25.91,468.6
2026-08-01,14,2026-08,24.47,476.0
2026-08-01,15,2026-08,21.74,498.6
2026-08-01,16,2026-08,18.19,528.0
2026-08-01,17,2026-08,16.2,536.6
2026-08-01,18,2026-08,10.6,578.7
2026-08-01,19,2026-08,9.6,585.3
2026-08-01,20,2026-08,9.86,579.6
2026-08-01,21,2026-08,11.18,559.4
2026-08-01,22,2026-08,10.51,571.0
2026-08-01,23,2026-08,10.03,575.0
2026-08-02,0,2026-08,10.41,575.0
2026-08-02,1,2026-08,8.85,577.7
2026-08-02,2,2026-08,9.79,590.2
2026-08-02,3,2026-08,9.75,581.2
2026-08-02,4,2026-08,9.69,571.0
2026-08-02,5,2026-08,12.27,555.2
2026-08-02,6,2026-08,18.73,519.0
2026-08-02,7,2026-08,24.2,485.5
2026-08-02,8,2026-08,28.85,457.9
2026-08-02,9,2026-08,33.92,425.8
2026-08-02,10,2026-08,36.35,409.5
2026-08-02,11,2026-08,36.8,412.6
2026-08-02,12,2026-08,37.13,403.7
2026-08-02,13,2026-08,36.46,406.4
2026-08-02,14,2026-08,32.78,424.1
2026-08-02,15,2026-08,28.63,457.8
2026-08-02,16,2026-08,23.14,495.3
2026-08-02,17,2026-08,17.42,521.1
2026-08-02,18,2026-08,9.87,574.0
2026-08-02,19,2026-08,9.61,574.0
2026-08-02,20,2026-08,11.79,564.6
2026-08-02,21,2026-08,10.67,582.2
2026-08-02,22,2026-08,10.56,572.8
2026-08-02,23,2026-08,10.86,564.1
2026-08-03,0,2026-08,11.92,569.8
2026-08-03,1,2026-08,9.48,587.0
2026-08-03,2,2026-08,10.44,563.3
2026-08-03,3,2026-08,10.55,576.5
2026-08-03,4,2026-08,10.31,579.7
2026-08-03,5,2026-08,13.29,547.5
2026-08-03,6,2026-08,19.53,536.2
2026-08-03,7,2026-08,23.7,493.7
2026-08-03,8,2026-08,27.87,462.5
2026-08-03,9,2026-08,30.68,436.7
2026-08-03,10,2026-08,35.31,415.1
2026-08-03,11,2026-08,34.68,410.9
2026-08-03,12,2026-08,35.2,407.0
2026-08-03,13,2026-08,34.68,418.0
2026-08-03,14,2026-08,31.81,437.1
2026-08-03,15,2026-08,25.86,470.3
2026-08-03,16,2026-08,23.71,493.8
2026-08-03,17,2026-08,18.25,523.2
2026-08-03,18,2026-08,12.59,560.1
2026-08-03,19,2026-08,9.0,583.9
2026-08-03,20,2026-08,10.11,572.4
2026-08-03,21,2026-08,10.3,576.9
2026-08-03,22,2026-08,10.36,572.3
2026-08-03,23,2026-08,10.15,581.7
2026-08-04,0,2026-08,10.89,575.4
2026-08-04,1,2026-08,11.26,575.0
2026-08-04,2,2026-08,12.0,577.4
2026-08-04,3,2026-08,9.29,586.3
2026-08-04,4,2026-08,10.58,582.0
2026-08-04,5,2026-08,12.56,564.9
2026-08-04,6,2026-08,17.34,513.1
2026-08-04,7,2026-08,22.17,496.9
2026-08-04,8,2026-08,25.64,478.3
2026-08-04,9,2026-08,30.36,445.0
2026-08-04,10,2026-08,31.52,437.3
2026-08-04,11,2026-08,33.79,421.1
2026-08-04,12,2026-08,34.33,420.2
2026-08-04,13,2026-08,32.28,432.9
2026-08-04,14,2026-08,28.94,457.2
2026-08-04,15,2026-08,26.0,464.7
2026-08-04,16,2026-08,20.72,505.6
2026-08-04,17,2026-08,16.78,521.8
2026-08-04,18,2026-08,11.49,563.5
2026-08-04,19,2026-08,8.38,592.1
2026-08-04,20,2026-08,9.38,586.1
2026-08-04,21,2026-08,10.65,582.1
2026-08-04,22,2026-08,10.95,575.9
2026-08-04,23,2026-08,9.68,571.3
2026-08-05,0,2026-08,10.21,563.4
2026-08-05,1,2026-08,9.36,583.2
2026-08-05,2,2026-08,7.76,582.7
2026-08-05,3,2026-08,10.17,576.3
2026-08-05,4,2026-08,11.0,564.5
2026-08-05,5,2026-08,13.49,563.2
2026-08-05,6,2026-08,17.36,530.5
2026-08-05,7,2026-08,21.91,494.9
2026-08-05,8,2026-08,25.71,469.3
2026-08-05,9,2026-08,29.07,457.0
2026-08-05,10,2026-08,31.51,447.0
2026-08-05,11,2026-08,33.11,429.8
2026-08-05,12,2026-08,33.9,421.6
2026-08-05,13,2026-08,30.8,443.9
2026-08-05,14,2026-08,27.67,453.5
2026-08-05,15,2026-08,25.51,480.4
2026-08-05,16,2026-08,22.16,488.8
2026-08-05,17,2026-08,16.52,537.0
2026-08-05,18,2026-08,10.27,586.2
2026-08-05,19,2026-08,9.37,586.9
2026-08-05,20,2026-08,11.25,566.2
2026-08-05,21,2026-08,12.06,562.5
2026-08-05,22,2026-08,9.11,570.1
2026-08-05,23,2026-08,11.39,564.8
2026-08-06,0,2026-08,9.76,580.3
2026-08-06,1,2026-08,9.63,581.5
2026-08-06,2,2026-08,8.91,576.1
2026-08-06,3,2026-08,10.92,575.6
2026-08-06,4,2026-08,9.67,581.4
2026-08-06,5,2026-08,12.57,559.5
2026-08-06,6,2026-08,16.84,529.2
2026-08-06,7,2026-08,21.62,505.7
2026-08-06,8,2026-08,24.84,477.1
2026-08-06,9,2026-08,25.89,481.6
2026-08-06,10,2026-08,27.74,468.7
2026-08-06,11,2026-08,29.0,453.9
2026-08-06,12,2026-08,30.25,433.2
2026-08-06,13,2026-08,28.08,459.9
2026-08-06,14,2026-08,26.44,468.9
2026-08-06,15,2026-08,22.46,490.9
2026-08-06,16,2026-08,20.4,511.7
2026-08-06,17,2026-08,16.01,539.3
2026-08-06,18,2026-08,12.07,558.0
2026-08-06,19,2026-08,10.21,574.6
2026-08-06,20,2026-08,10.24,578.2
2026-08-06,21,2026-08,9.72,572.4
2026-08-06,22,2026-08,10.02,577.7
2026-08-06,23,2026-08,9.8,568.9
2026-08-07,0,2026-08,9.68,577.6
2026-08-07,1,2026-08,8.98,588.0
2026-08-07,2,2026-08,9.7,578.8
2026-08-07,3,2026-08,9.6,572.1
2026-08-07,4,2026-08,9.67,583.7
2026-08-07,5,2026-08,12.37,565.4
2026-08-07,6,2026-08,17.52,523.6
2026-08-07,7,2026-08,23.25,481.9
2026-08-07,8,2026-08,23.89,485.7
2026-08-07,9,2026-08,26.9,461.9
2026-08-07,10,2026-08,29.28,452.5
2026-08-07,11,2026-08,30.2,444.1
2026-08-07,12,2026-08,28.95,454.5
2026-08-07,13,2026-08,27.91,473.0
2026-08-07,14,2026-08,28.85,460.5
2026-08-07,15,2026-08,23.97,491.2
2026-08-07,16,2026-08,19.66,501.8
2026-08-07,17,2026-08,16.52,545.6
2026-08-07,18,2026-08,10.83,574.2
2026-08-07,19,2026-08,9.92,577.3
2026-08-07,20,2026-08,11.12,575.9
2026-08-07,21,2026-08,8.16,588.2
2026-08-07,22,2026-08,10.0,572.6
2026-08-07,23,2026-08,8.99,589.1
2026-08-08,0,2026-08,10.46,579.6
2026-08-08,1,2026-08,10.0,579.6
2026-08-08,2,2026-08,10.77,567.7
2026-08-08,3,2026-08,9.5,586.0
2026-08-08,4,2026-08,10.39,581.9
2026-08-08,5,2026-08,14.12,548.5
2026-08-08,6,2026-08,20.0,518.8
2026-08-08,7,2026-08,25.62,472.1
2026-08-08,8,2026-08,31.78,449.3
2026-08-08,9,2026-08,35.94,401.6
2026-08-08,10,2026-08,38.84,399.2
2026-08-08,11,2026-08,40.26,381.3
2026-08-08,12,2026-08,38.47,387.0
2026-08-08,13,2026-08,38.68,398.3
2026-08-08,14,2026-08,35.13,419.4
2026-08-08,15,2026-08,29.46,460.0
2026-08-08,16,2026-08,24.47,481.8
2026-08-08,17,2026-08,17.67,519.3
2026-08-08,18,2026-08,13.49,554.7
2026-08-08,19,2026-08,10.05,573.2
2026-08-08,20,2026-08,10.81,566.4
2026-08-08,21,2026-08,9.81,581.1
2026-08-08,22,2026-08,11.0,571.9
2026-08-08,23,2026-08,9.26,579.3
2026-08-09,0,2026-08,8.98,584.4
2026-08-09,1,2026-08,10.0,586.2
2026-08-09,2,2026-08,10.05,572.9
2026-08-09,3,2026-08,10.44,570.5
2026-08-09,4,2026-08,8.57,587.0
2026-08-09,5,2026-08,13.11,561.5
2026-08-09,6,2026-08,17.74,520.7
2026-08-09,7,2026-08,20.96,503.5
2026-08-09,8,2026-08,24.62,490.4
2026-08-09,9,2026-08,28.76,461.6
2026-08-09,10,2026-08,30.95,449.3
2026-08-09,11,2026-08,31.37,439.5
2026-08-09,12,2026-08,29.76,453.3
2026-08-09,13,2026-08,30.03,448.7
2026-08-09,14,2026-08,26.53,462.5
2026-08-09,15,2026-08,24.16,476.3
2026-08-09,16,2026-08,22.52,494.0
2026-08-09,17,2026-08,15.42,538.0
2026-08-09,18,2026-08,10.19,572.0
2026-08-09,19,2026-08,9.45,571.2
2026-08-09,20,2026-08,8.91,573.0
2026-08-09,21,2026-08,9.27,575.3
2026-08-09,22,2026-08,8.93,575.3
2026-08-09,23,2026-08,9.71,583.0
2026-08-10,0,2026-08,10.37,575.6
2026-08-10,1,2026-08,10.58,569.3
2026-08-10,2,2026-08,10.56,569.4
2026-08-10,3,2026-08,9.4,582.5
2026-08-10,4,2026-08,8.9,592.0
2026-08-10,5,2026-08,11.79,559.0
2026-08-10,6,2026-08,21.11,517.4
2026-08-10,7,2026-08,24.77,480.9
2026-08-10,8,2026-08,31.58,439.6
2026-08-10,9,2026-08,35.53,411.2
2026-08-10,10,2026-08,36.91,403.3
2026-08-10,11,2026-08,39.19,390.7
2026-08-10,12,2026-08,39.0,401.2
2026-08-10,13,2026-08,37.35,409.9
2026-08-10,14,2026-08,34.97,426.1
2026-08-10,15,2026-08,30.98,430.5
2026-08-10,16,2026-08,23.46,481.2
2026-08-10,17,2026-08,17.53,520.9
2026-08-10,18,2026-08,9.84,572.5
2026-08-10,19,2026-08,8.93,585.4
2026-08-10,20,2026-08,10.08,567.3
2026-08-10,21,2026-08,11.42,561.3
2026-08-10,22,2026-08,9.93,575.8
2026-08-10,23,2026-08,9.23,594.7
2026-08-11,0,2026-08,10.12,568.2
2026-08-11,1,2026-08,9.37,590.0
2026-08-11,2,2026-08,10.1,581.9
2026-08-11,3,2026-08,9.19,586.1
2026-08-11,4,2026-08,9.5,582.1
2026-08-11,5,2026-08,13.89,552.6
2026-08-11,6,2026-08,16.93,529.1
2026-08-11,7,2026-08,22.84,500.4
2026-08-11,8,2026-08,27.27,465.7
2026-08-11,9,2026-08,31.36,442.2
2026-08-11,10,2026-08,33.56,426.1
2026-08-11,11,2026-08,35.02,412.8
2026-08-11,12,2026-08,36.46,401.1
2026-08-11,13,2026-08,33.45,433.5
2026-08-11,14,2026-08,30.85,439.7
2026-08-11,15,2026-08,26.3,470.2
2026-08-11,16,2026-08,23.14,494.0
2026-08-11,17,2026-08,17.88,518.5
2026-08-11,18,2026-08,12.02,552.3
2026-08-11,19,2026-08,10.24,571.5
2026-08-11,20,2026-08,8.36,586.1
2026-08-11,21,2026-08,9.0,583.6
2026-08-11,22,2026-08,10.3,584.0
2026-08-11,23,2026-08,9.62,571.3
2026-08-12,0,2026-08,8.7,578.3
2026-08-12,1,2026-08,10.18,578.4
2026-08-12,2,2026-08,10.5,568.4
2026-08-12,3,2026-08,8.18,590.8
2026-08-12,4,2026-08,8.54,575.0
2026-08-12,5,2026-08,11.23,563.3
2026-08-12,6,2026-08,16.74,539.4
2026-08-12,7,2026-08,21.84,500.8
2026-08-12,8,2026-08,26.37,473.2
2026-08-12,9,2026-08,29.85,445.3
2026-08-12,10,2026-08,30.85,436.6
2026-08-12,11,2026-08,33.35,426.4
2026-08-12,12,2026-08,31.67,445.2
2026-08-12,13,2026-08,30.55,442.0
2026-08-12,14,2026-08,29.74,447.8
2026-08-12,15,2026-08,24.96,482.3
2026-08-12,16,2026-08,19.21,526.5
2026-08-12,17,2026-08,15.53,547.9
2026-08-12,18,2026-08,11.3,566.6
2026-08-12,19,2026-08,9.88,581.6
2026-08-12,20,2026-08,10.57,571.6
2026-08-12,21,2026-08,10.29,583.7
2026-08-12,22,2026-08,9.54,578.4
2026-08-12,23,2026-08,9.78,570.8
2026-08-13,0,2026-08,10.85,577.1
2026-08-13,1,2026-08,10.66,578.1
2026-08-13,2,2026-08,10.64,574.9
2026-08-13,3,2026-08,10.69,578.8
2026-08-13,4,2026-08,9.87,578.6
2026-08-13,5,2026-08,12.48,560.1
2026-08-13,6,2026-08,17.59,532.6
2026-08-13,7,2026-08,22.89,493.7
2026-08-13,8,2026-08,25.06,469.1
2026-08-13,9,2026-08,28.99,460.0
2026-08-13,10,2026-08,31.89,443.5
2026-08-13,11,2026-08,33.32,433.8
2026-08-13,12,2026-08,32.08,435.3
2026-08-13,13,2026-08,30.01,443.6
2026-08-13,14,2026-08,28.76,455.6
2026-08-13,15,2026-08,26.32,470.8
2026-08-13,16,2026-08,19.44,513.4
2026-08-13,17,2026-08,17.39,518.7
2026-08-13,18,2026-08,10.23,571.6
2026-08-13,19,2026-08,10.64,572.9
2026-08-13,20,2026-08,9.52,578.9
2026-08-13,21,2026-08,10.79,572.5
2026-08-13,22,2026-08,9.05,586.1
2026-08-13,23,2026-08,10.44,570.9
2026-08-14,0,2026-08,9.23,583.7
2026-08-14,1,2026-08,9.43,572.6
2026-08-14,2,2026-08,10.96,569.2
2026-08-14,3,2026-08,9.97,576.2
2026-08-14,4,2026-08,10.16,569.7
2026-08-14,5,2026-08,12.85,562.2
2026-08-14,6,2026-08,18.0,523.0
2026-08-14,7,2026-08,24.42,480.0
2026-08-14,8,2026-08,29.9,462.6
2026-08-14,9,2026-08,31.78,432.8
2026-08-14,10,2026-08,35.41,400.9
2026-08-14,11,2026-08,35.36,413.9
2026-08-14,12,2026-08,36.71,405.5
2026-08-14,13,2026-08,34.34,424.0
2026-08-14,14,2026-08,33.04,425.6
2026-08-14,15,2026-08,28.58,450.5
2026-08-14,16,2026-08,22.64,490.8
2026-08-14,17,2026-08,17.32,524.2
2026-08-14,18,2026-08,12.07,568.0
2026-08-14,19,2026-08,9.72,564.1
2026-08-14,20,2026-08,9.76,567.3
2026-08-14,21,2026-08,9.41,576.9
2026-08-14,22,2026-08,10.18,582.1
2026-08-14,23,2026-08,11.05,568.1
2026-08-15,0,2026-08,9.46,570.2
2026-08-15,1,2026-08,10.33,569.6
2026-08-15,2,2026-08,10.73,580.1
2026-08-15,3,2026-08,9.51,573.3
2026-08-15,4,2026-08,10.94,559.2
2026-08-15,5,2026-08,12.69,551.8
2026-08-15,6,2026-08,17.07,532.2
2026-08-15,7,2026-08,21.17,499.8
2026-08-15,8,2026-08,26.5,480.9
2026-08-15,9,2026-08,30.05,453.4
2026-08-15,10,2026-08,32.07,419.5
2026-08-15,11,2026-08,32.76,432.9
2026-08-15,12,2026-08,32.37,431.5
2026-08-15,13,2026-08,30.61,447.0
2026-08-15,14,2026-08,27.98,463.1
2026-08-15,15,2026-08,26.56,476.0
2026-08-15,16,2026-08,21.24,503.6
2026-08-15,17,2026-08,17.26,525.5
2026-08-15,18,2026-08,10.84,570.1
2026-08-15,19,2026-08,7.41,598.0
2026-08-15,20,2026-08,9.7,578.8
2026-08-15,21,2026-08,10.06,581.5
2026-08-15,22,2026-08,9.42,582.7
2026-08-15,23,2026-08,10.11,568.7
2026-08-16,0,2026-08,8.79,588.6
2026-08-16,1,2026-08,9.71,574.8
2026-08-16,2,2026-08,9.81,580.2
2026-08-16,3,2026-08,9.8,580.8
2026-08-16,4,2026-08,10.86,564.8
2026-08-16,5,2026-08,13.19,547.8
2026-08-16,6,2026-08,15.22,542.1
2026-08-16,7,2026-08,21.64,496.2
2026-08-16,8,2026-08,24.23,482.7
2026-08-16,9,2026-08,27.29,463.8
2026-08-16,10,2026-08,28.65,461.4
2026-08-16,11,2026-08,28.73,451.3
2026-08-16,12,2026-08,28.43,451.7
2026-08-16,13,2026-08,27.65,461.0
2026-08-16,14,2026-08,25.38,480.6
2026-08-16,15,2026-08,22.55,493.4
2026-08-16,16,2026-08,20.05,505.1
2026-08-16,17,2026-08,16.04,540.6
2026-08-16,18,2026-08,11.4,575.9
2026-08-16,19,2026-08,9.59,575.0
2026-08-16,20,2026-08,11.88,564.1
2026-08-16,21,2026-08,10.82,572.5
2026-08-16,22,2026-08,8.06,580.5
2026-08-16,23,2026-08,9.79,574.8
2026-08-17,0,2026-08,10.12,575.2
2026-08-17,1,2026-08,10.5,570.3
2026-08-17,2,2026-08,9.94,573.9
2026-08-17,3,2026-08,9.98,568.9
2026-08-17,4,2026-08,9.45,588.2
2026-08-17,5,2026-08,13.79,545.2
2026-08-17,6,2026-08,17.7,530.4
2026-08-17,7,2026-08,21.47,504.5
2026-08-17,8,2026-08,26.44,471.0
2026-08-17,9,2026-08,29.49,440.7
2026-08-17,10,2026-08,31.34,440.7
2026-08-17,11,2026-08,31.84,435.3
2026-08-17,12,2026-08,31.93,444.2
2026-08-17,13,2026-08,30.43,442.9
2026-08-17,14,2026-08,27.73,473.2
2026-08-17,15,2026-08,24.75,478.5
2026-08-17,16,2026-08,21.89,496.7
2026-08-17,17,2026-08,15.98,533.8
2026-08-17,18,2026-08,10.43,579.0
2026-08-17,19,2026-08,10.39,563.7
2026-08-17,20,2026-08,8.81,582.7
2026-08-17,21,2026-08,10.4,569.8
2026-08-17,22,2026-08,9.88,584.2
2026-08-17,23,2026-08,9.83,575.0
2026-08-18,0,2026-08,9.63,575.1
2026-08-18,1,2026-08,10.88,570.0
2026-08-18,2,2026-08,11.05,577.4
2026-08-18,3,2026-08,9.22,584.4
2026-08-18,4,2026-08,10.03,576.3
2026-08-18,5,2026-08,13.99,548.8
2026-08-18,6,2026-08,17.11,534.0
2026-08-18,7,2026-08,19.79,507.5
2026-08-18,8,2026-08,25.76,482.8
2026-08-18,9,2026-08,27.72,477.7
2026-08-18,10,2026-08,30.22,443.0
2026-08-18,11,2026-08,30.3,445.9
2026-08-18,12,2026-08,30.81,443.8
2026-08-18,13,2026-08,30.42,443.5
2026-08-18,14,2026-08,26.86,474.9
2026-08-18,15,2026-08,23.62,495.4
2026-08-18,16,2026-08,20.22,504.6
2026-08-18,17,2026-08,16.2,525.6
2026-08-18,18,2026-08,10.05,570.3
2026-08-18,19,2026-08,9.92,579.1
2026-08-18,20,2026-08,9.33,580.0
2026-08-18,21,2026-08,8.79,584.2
2026-08-18,22,2026-08,10.71,562.4
2026-08-18,23,2026-08,9.62,587.5
2026-08-19,0,2026-08,10.53,562.9
2026-08-19,1,2026-08,11.01,559.6
2026-08-19,2,2026-08,10.55,573.1
2026-08-19,3,2026-08,10.6,576.4
2026-08-19,4,2026-08,9.55,578.7
2026-08-19,5,2026-08,12.55,572.9
2026-08-19,6,2026-08,18.49,513.3
2026-08-19,7,2026-08,24.77,480.7
2026-08-19,8,2026-08,26.67,464.9
2026-08-19,9,2026-08,30.42,449.1
2026-08-19,10,2026-08,34.2,418.6
2026-08-19,11,2026-08,34.19,419.4
2026-08-19,12,2026-08,33.14,425.5
2026-08-19,13,2026-08,32.28,430.9
2026-08-19,14,2026-08,28.9,452.3
