date,slot,hour,month,start_time,gate_closure_time,snapshot_time,vwap_jpy_kwh,best_bid_jpy_kwh,best_ask_jpy_kwh,ask_depth_mwh,ask_level2_jpy_kwh,ask_level2_depth_mwh,traded_volume_mwh
2026-08-06,1,0,2026-08,2026-08-06T00:00,2026-08-05T23:00,2026-08-05T23:00,20.6,20.18,21.02,17.6,22.1,18.3,500.7
2026-08-06,2,0,2026-08,2026-08-06T00:30,2026-08-05T23:30,2026-08-05T23:30,17.68,17.1,18.25,20.0,19.25,26.4,363.4
2026-08-06,3,1,2026-08,2026-08-06T01:00,2026-08-06T00:00,2026-08-06T00:00,20.59,19.39,21.78,36.4,22.87,11.3,721.1
2026-08-06,4,1,2026-08,2026-08-06T01:30,2026-08-06T00:30,2026-08-06T00:30,18.75,17.77,19.74,30.4,20.59,23.9,391.8
2026-08-06,5,2,2026-08,2026-08-06T02:00,2026-08-06T01:00,2026-08-06T01:00,19.57,18.91,20.22,10.9,21.75,18.5,862.7
2026-08-06,6,2,2026-08,2026-08-06T02:30,2026-08-06T01:30,2026-08-06T01:30,21.37,20.34,22.41,35.4,24.25,33.7,721.0
2026-08-06,7,3,2026-08,2026-08-06T03:00,2026-08-06T02:00,2026-08-06T02:00,19.84,19.24,20.43,19.6,22.0,29.0,740.8
2026-08-06,8,3,2026-08,2026-08-06T03:30,2026-08-06T02:30,2026-08-06T02:30,18.65,18.03,19.26,26.0,20.87,25.5,592.7
2026-08-06,9,4,2026-08,2026-08-06T04:00,2026-08-06T03:00,2026-08-06T03:00,17.33,17.03,17.63,14.0,18.52,23.1,792.6
2026-08-06,10,4,2026-08,2026-08-06T04:30,2026-08-06T03:30,2026-08-06T03:30,18.52,17.53,19.5,37.1,20.9,33.5,530.4
2026-08-06,11,5,2026-08,2026-08-06T05:00,2026-08-06T04:00,2026-08-06T04:00,20.36,19.69,21.03,20.3,22.88,22.5,394.7
2026-08-06,12,5,2026-08,2026-08-06T05:30,2026-08-06T04:30,2026-08-06T04:30,15.13,14.27,15.98,27.5,17.17,18.0,795.2
2026-08-06,13,6,2026-08,2026-08-06T06:00,2026-08-06T05:00,2026-08-06T05:00,22.51,21.77,23.26,15.5,24.87,14.0,372.2
2026-08-06,14,6,2026-08,2026-08-06T06:30,2026-08-06T05:30,2026-08-06T05:30,22.15,21.29,23.0,18.6,24.33,17.4,579.0
2026-08-06,15,7,2026-08,2026-08-06T07:00,2026-08-06T06:00,2026-08-06T06:00,15.88,15.65,16.11,16.7,17.48,25.6,646.8
2026-08-06,16,7,2026-08,2026-08-06T07:30,2026-08-06T06:30,2026-08-06T06:30,21.67,20.48,22.87,29.4,23.85,26.8,778.3
2026-08-06,17,8,2026-08,2026-08-06T08:00,2026-08-06T07:00,2026-08-06T07:00,18.98,17.75,20.21,34.5,21.79,21.6,430.2
2026-08-06,18,8,2026-08,2026-08-06T08:30,2026-08-06T07:30,2026-08-06T07:30,17.21,16.2,18.23,13.9,20.05,20.8,272.3
2026-08-06,19,9,2026-08,2026-08-06T09:00,2026-08-06T08:00,2026-08-06T08:00,23.17,22.5,23.84,32.2,25.13,28.6,692.5
2026-08-06,20,9,2026-08,2026-08-06T09:30,2026-08-06T08:30,2026-08-06T08:30,23.96,22.85,25.07,19.6,27.07,11.4,633.6
2026-08-06,21,10,2026-08,2026-08-06T10:00,2026-08-06T09:00,2026-08-06T09:00,19.26,18.42,20.09,14.6,21.86,17.8,781.5
2026-08-06,22,10,2026-08,2026-08-06T10:30,2026-08-06T09:30,2026-08-06T09:30,21.12,20.19,22.05,22.6,22.96,18.9,606.7
2026-08-06,23,11,2026-08,2026-08-06T11:00,2026-08-06T10:00,2026-08-06T10:00,23.51,23.06,23.96,34.6,25.98,22.5,618.2
2026-08-06,24,11,2026-08,2026-08-06T11:30,2026-08-06T10:30,2026-08-06T10:30,21.5,20.72,22.28,31.7,24.31,24.3,355.8
2026-08-06,25,12,2026-08,2026-08-06T12:00,2026-08-06T11:00,2026-08-06T11:00,21.05,19.88,22.21,33.5,23.81,15.0,848.4
2026-08-06,26,12,2026-08,2026-08-06T12:30,2026-08-06T11:30,2026-08-06T11:30,20.96,20.62,21.29,29.2,22.96,29.1,812.6
2026-08-06,27,13,2026-08,2026-08-06T13:00,2026-08-06T12:00,2026-08-06T12:00,24.87,23.84,25.91,20.7,27.59,14.0,278.2
2026-08-06,28,13,2026-08,2026-08-06T13:30,2026-08-06T12:30,2026-08-06T12:30,27.19,26.1,28.28,12.1,30.76,13.7,675.0
2026-08-06,29,14,2026-08,2026-08-06T14:00,2026-08-06T13:00,2026-08-06T13:00,28.12,27.35,28.89,14.1,30.4,39.8,754.8
2026-08-06,30,14,2026-08,2026-08-06T14:30,2026-08-06T13:30,2026-08-06T13:30,28.93,28.71,29.14,18.6,31.46,17.3,497.0
2026-08-06,31,15,2026-08,2026-08-06T15:00,2026-08-06T14:00,2026-08-06T14:00,30.96,30.64,31.27,17.6,33.45,31.5,609.6
2026-08-06,32,15,2026-08,2026-08-06T15:30,2026-08-06T14:30,2026-08-06T14:30,31.07,30.07,32.07,18.3,34.45,17.0,793.3
2026-08-06,33,16,2026-08,2026-08-06T16:00,2026-08-06T15:00,2026-08-06T15:00,31.06,30.34,31.78,29.1,33.72,30.9,347.8
2026-08-06,34,16,2026-08,2026-08-06T16:30,2026-08-06T15:30,2026-08-06T15:30,33.01,32.04,33.99,12.6,35.94,14.7,576.0
2026-08-06,35,17,2026-08,2026-08-06T17:00,2026-08-06T16:00,2026-08-06T16:00,31.36,31.16,31.57,15.0,34.48,32.6,649.8
2026-08-06,36,17,2026-08,2026-08-06T17:30,2026-08-06T16:30,2026-08-06T16:30,36.21,35.2,37.21,28.5,40.51,24.7,645.1
2026-08-06,37,18,2026-08,2026-08-06T18:00,2026-08-06T17:00,2026-08-06T17:00,32.67,31.53,33.82,34.5,35.97,27.6,675.6
2026-08-06,38,18,2026-08,2026-08-06T18:30,2026-08-06T17:30,2026-08-06T17:30,32.83,31.74,33.92,37.9,36.25,28.3,265.7
2026-08-06,39,19,2026-08,2026-08-06T19:00,2026-08-06T18:00,2026-08-06T18:00,30.57,29.43,31.71,16.8,33.75,38.6,565.6
2026-08-06,40,19,2026-08,2026-08-06T19:30,2026-08-06T18:30,2026-08-06T18:30,28.93,28.54,29.32,32.7,30.56,24.3,757.7
2026-08-06,41,20,2026-08,2026-08-06T20:00,2026-08-06T19:00,2026-08-06T19:00,24.72,24.15,25.29,39.7,26.84,36.4,835.5
2026-08-06,42,20,2026-08,2026-08-06T20:30,2026-08-06T19:30,2026-08-06T19:30,26.69,25.59,27.79,33.3,30.05,15.3,399.9
2026-08-06,43,21,2026-08,2026-08-06T21:00,2026-08-06T20:00,2026-08-06T20:00,25.69,24.73,26.65,33.0,28.88,23.0,867.5
2026-08-06,44,21,2026-08,2026-08-06T21:30,2026-08-06T20:30,2026-08-06T20:30,23.2,22.69,23.71,38.1,25.74,18.9,683.4
2026-08-06,45,22,2026-08,2026-08-06T22:00,2026-08-06T21:00,2026-08-06T21:00,24.2,23.21,25.19,37.6,26.46,37.2,628.5
2026-08-06,46,22,2026-08,2026-08-06T22:30,2026-08-06T21:30,2026-08-06T21:30,21.53,20.48,22.58,9.8,24.78,39.0,823.4
2026-08-06,47,23,2026-08,2026-08-06T23:00,2026-08-06T22:00,2026-08-06T22:00,26.46,25.98,26.94,35.6,28.32,29.7,419.3
2026-08-06,48,23,2026-08,2026-08-06T23:30,2026-08-06T22:30,2026-08-06T22:30,23.81,22.87,24.74,23.6,26.9,12.6,830.5
2026-08-07,1,0,2026-08,2026-08-07T00:00,2026-08-06T23:00,2026-08-06T23:00,18.05,17.08,19.01,38.4,20.45,15.1,702.0
2026-08-07,2,0,2026-08,2026-08-07T00:30,2026-08-06T23:30,2026-08-06T23:30,21.97,21.03,22.92,16.1,23.95,14.1,541.3
2026-08-07,3,1,2026-08,2026-08-07T01:00,2026-08-07T00:00,2026-08-07T00:00,18.53,18.06,19.0,27.0,20.77,19.6,761.9
2026-08-07,4,1,2026-08,2026-08-07T01:30,2026-08-07T00:30,2026-08-07T00:30,24.06,23.83,24.3,17.6,25.81,29.5,726.9
2026-08-07,5,2,2026-08,2026-08-07T02:00,2026-08-07T01:00,2026-08-07T01:00,20.15,18.95,21.35,30.5,22.36,38.2,644.2
2026-08-07,6,2,2026-08,2026-08-07T02:30,2026-08-07T01:30,2026-08-07T01:30,16.71,15.74,17.68,36.3,18.78,19.0,583.8
2026-08-07,7,3,2026-08,2026-08-07T03:00,2026-08-07T02:00,2026-08-07T02:00,22.29,21.94,22.64,38.1,24.09,15.6,556.1
2026-08-07,8,3,2026-08,2026-08-07T03:30,2026-08-07T02:30,2026-08-07T02:30,22.95,22.33,23.57,18.7,25.23,31.1,486.3
2026-08-07,9,4,2026-08,2026-08-07T04:00,2026-08-07T03:00,2026-08-07T03:00,18.76,18.05,19.48,16.4,20.63,16.1,674.7
2026-08-07,10,4,2026-08,2026-08-07T04:30,2026-08-07T03:30,2026-08-07T03:30,16.78,16.07,17.5,13.7,19.15,12.6,396.5
2026-08-07,11,5,2026-08,2026-08-07T05:00,2026-08-07T04:00,2026-08-07T04:00,13.32,12.71,13.92,38.2,15.31,22.1,399.3
2026-08-07,12,5,2026-08,2026-08-07T05:30,2026-08-07T04:30,2026-08-07T04:30,17.53,16.9,18.17,29.2,19.46,20.4,768.7
2026-08-07,13,6,2026-08,2026-08-07T06:00,2026-08-07T05:00,2026-08-07T05:00,17.07,16.8,17.35,30.8,18.24,17.6,825.6
2026-08-07,14,6,2026-08,2026-08-07T06:30,2026-08-07T05:30,2026-08-07T05:30,22.81,21.91,23.71,19.0,25.56,20.3,595.9
2026-08-07,15,7,2026-08,2026-08-07T07:00,2026-08-07T06:00,2026-08-07T06:00,19.29,18.67,19.92,29.1,21.11,28.1,537.5
2026-08-07,16,7,2026-08,2026-08-07T07:30,2026-08-07T06:30,2026-08-07T06:30,17.52,17.31,17.73,19.3,18.68,14.7,569.5
2026-08-07,17,8,2026-08,2026-08-07T08:00,2026-08-07T07:00,2026-08-07T07:00,18.48,17.45,19.52,30.0,20.44,14.2,627.6
2026-08-07,18,8,2026-08,2026-08-07T08:30,2026-08-07T07:30,2026-08-07T07:30,25.34,25.05,25.63,28.2,27.45,34.7,887.2
2026-08-07,19,9,2026-08,2026-08-07T09:00,2026-08-07T08:00,2026-08-07T08:00,23.46,22.8,24.11,31.4,26.03,31.1,478.5
2026-08-07,20,9,2026-08,2026-08-07T09:30,2026-08-07T08:30,2026-08-07T08:30,22.86,22.61,23.1,27.4,24.49,23.0,292.9
2026-08-07,21,10,2026-08,2026-08-07T10:00,2026-08-07T09:00,2026-08-07T09:00,22.03,21.67,22.39,36.9,23.37,23.4,638.5
2026-08-07,22,10,2026-08,2026-08-07T10:30,2026-08-07T09:30,2026-08-07T09:30,21.1,20.52,21.69,16.4,23.29,25.4,493.4
2026-08-07,23,11,2026-08,2026-08-07T11:00,2026-08-07T10:00,2026-08-07T10:00,24.19,23.99,24.39,35.9,26.09,12.6,494.0
2026-08-07,24,11,2026-08,2026-08-07T11:30,2026-08-07T10:30,2026-08-07T10:30,17.15,16.19,18.1,20.7,19.34,33.8,523.9
2026-08-07,25,12,2026-08,2026-08-07T12:00,2026-08-07T11:00,2026-08-07T11:00,20.37,19.41,21.34,17.8,22.68,20.4,511.8
2026-08-07,26,12,2026-08,2026-08-07T12:30,2026-08-07T11:30,2026-08-07T11:30,29.26,28.43,30.09,16.8,31.65,32.3,880.2
2026-08-07,27,13,2026-08,2026-08-07T13:00,2026-08-07T12:00,2026-08-07T12:00,23.37,23.01,23.73,39.0,24.85,17.3,685.8
2026-08-07,28,13,2026-08,2026-08-07T13:30,2026-08-07T12:30,2026-08-07T12:30,28.91,28.38,29.44,9.7,31.45,11.3,481.2
2026-08-07,29,14,2026-08,2026-08-07T14:00,2026-08-07T13:00,2026-08-07T13:00,27.71,26.78,28.64,14.6,30.56,10.0,653.9
2026-08-07,30,14,2026-08,2026-08-07T14:30,2026-08-07T13:30,2026-08-07T13:30,33.06,32.56,33.55,34.5,35.91,36.4,617.6
2026-08-07,31,15,2026-08,2026-08-07T15:00,2026-08-07T14:00,2026-08-07T14:00,36.78,36.6,36.95,11.3,40.44,10.1,409.4
2026-08-07,32,15,2026-08,2026-08-07T15:30,2026-08-07T14:30,2026-08-07T14:30,33.47,33.12,33.83,8.6,36.67,35.4,640.7
2026-08-07,33,16,2026-08,2026-08-07T16:00,2026-08-07T15:00,2026-08-07T15:00,33.71,33.47,33.94,15.5,36.14,17.0,815.4
2026-08-07,34,16,2026-08,2026-08-07T16:30,2026-08-07T15:30,2026-08-07T15:30,34.48,34.21,34.75,12.3,37.93,24.8,353.0
2026-08-07,35,17,2026-08,2026-08-07T17:00,2026-08-07T16:00,2026-08-07T16:00,30.95,30.22,31.68,22.5,33.09,20.5,379.7
2026-08-07,36,17,2026-08,2026-08-07T17:30,2026-08-07T16:30,2026-08-07T16:30,35.5,34.75,36.26,35.0,38.18,30.1,365.0
2026-08-07,37,18,2026-08,2026-08-07T18:00,2026-08-07T17:00,2026-08-07T17:00,33.89,32.64,35.13,29.4,38.06,22.8,548.5
2026-08-07,38,18,2026-08,2026-08-07T18:30,2026-08-07T17:30,2026-08-07T17:30,32.3,32.13,32.48,37.3,35.36,23.8,250.6
2026-08-07,39,19,2026-08,2026-08-07T19:00,2026-08-07T18:00,2026-08-07T18:00,32.32,31.98,32.66,23.4,34.03,14.0,438.2
2026-08-07,40,19,2026-08,2026-08-07T19:30,2026-08-07T18:30,2026-08-07T18:30,30.96,29.97,31.95,28.2,33.95,18.6,681.8
2026-08-07,41,20,2026-08,2026-08-07T20:00,2026-08-07T19:00,2026-08-07T19:00,31.63,30.93,32.34,24.7,34.3,27.5,455.3
2026-08-07,42,20,2026-08,2026-08-07T20:30,2026-08-07T19:30,2026-08-07T19:30,26.67,25.9,27.44,21.7,29.41,18.2,384.8
2026-08-07,43,21,2026-08,2026-08-07T21:00,2026-08-07T20:00,2026-08-07T20:00,29.14,28.39,29.9,10.6,32.87,10.2,385.2
2026-08-07,44,21,2026-08,2026-08-07T21:30,2026-08-07T20:30,2026-08-07T20:30,23.16,21.98,24.34,38.1,25.68,25.5,828.0
2026-08-07,45,22,2026-08,2026-08-07T22:00,2026-08-07T21:00,2026-08-07T21:00,26.83,26.53,27.13,26.4,29.55,16.9,500.4
2026-08-07,46,22,2026-08,2026-08-07T22:30,2026-08-07T21:30,2026-08-07T21:30,25.48,24.72,26.24,28.8,28.46,36.5,327.2
2026-08-07,47,23,2026-08,2026-08-07T23:00,2026-08-07T22:00,2026-08-07T22:00,17.86,16.69,19.04,34.6,19.91,34.8,292.5
2026-08-07,48,23,2026-08,2026-08-07T23:30,2026-08-07T22:30,2026-08-07T22:30,22.47,21.74,23.2,34.7,25.37,17.9,855.3
2026-08-08,1,0,2026-08,2026-08-08T00:00,2026-08-07T23:00,2026-08-07T23:00,21.55,20.48,22.61,11.8,23.57,19.0,466.6
2026-08-08,2,0,2026-08,2026-08-08T00:30,2026-08-07T23:30,2026-08-07T23:30,15.91,14.98,16.83,21.2,18.2,31.4,577.5
2026-08-08,3,1,2026-08,2026-08-08T01:00,2026-08-08T00:00,2026-08-08T00:00,15.9,15.42,16.38,19.5,17.08,39.3,259.6
2026-08-08,4,1,2026-08,2026-08-08T01:30,2026-08-08T00:30,2026-08-08T00:30,18.54,18.2,18.87,12.4,19.77,30.8,725.6
2026-08-08,5,2,2026-08,2026-08-08T02:00,2026-08-08T01:00,2026-08-08T01:00,20.48,19.82,21.14,39.4,22.26,15.5,822.9
2026-08-08,6,2,2026-08,2026-08-08T02:30,2026-08-08T01:30,2026-08-08T01:30,16.89,15.96,17.82,23.0,19.16,20.5,843.9
2026-08-08,7,3,2026-08,2026-08-08T03:00,2026-08-08T02:00,2026-08-08T02:00,15.65,15.44,15.85,31.9,16.58,15.9,803.8
2026-08-08,8,3,2026-08,2026-08-08T03:30,2026-08-08T02:30,2026-08-08T02:30,13.35,12.8,13.9,33.8,14.58,10.2,467.0
2026-08-08,9,4,2026-08,2026-08-08T04:00,2026-08-08T03:00,2026-08-08T03:00,18.94,18.52,19.36,30.8,20.25,35.5,395.1
2026-08-08,10,4,2026-08,2026-08-08T04:30,2026-08-08T03:30,2026-08-08T03:30,14.45,14.08,14.83,22.6,15.63,27.4,635.2
2026-08-08,11,5,2026-08,2026-08-08T05:00,2026-08-08T04:00,2026-08-08T04:00,17.05,16.49,17.62,19.2,19.01,32.0,809.8
2026-08-08,12,5,2026-08,2026-08-08T05:30,2026-08-08T04:30,2026-08-08T04:30,14.47,13.65,15.3,31.9,16.54,23.9,451.1
2026-08-08,13,6,2026-08,2026-08-08T06:00,2026-08-08T05:00,2026-08-08T05:00,20.12,19.65,20.6,12.9,22.45,39.5,388.3
2026-08-08,14,6,2026-08,2026-08-08T06:30,2026-08-08T05:30,2026-08-08T05:30,11.89,11.68,12.1,20.6,12.67,27.1,469.9
2026-08-08,15,7,2026-08,2026-08-08T07:00,2026-08-08T06:00,2026-08-08T06:00,20.58,19.96,21.2,31.2,22.48,30.2,799.1
2026-08-08,16,7,2026-08,2026-08-08T07:30,2026-08-08T06:30,2026-08-08T06:30,16.67,15.83,17.5,10.9,18.58,27.4,257.6
2026-08-08,17,8,2026-08,2026-08-08T08:00,2026-08-08T07:00,2026-08-08T07:00,14.17,13.75,14.59,31.5,15.67,29.0,417.9
2026-08-08,18,8,2026-08,2026-08-08T08:30,2026-08-08T07:30,2026-08-08T07:30,18.45,18.15,18.76,14.6,19.99,39.6,760.4
2026-08-08,19,9,2026-08,2026-08-08T09:00,2026-08-08T08:00,2026-08-08T08:00,17.86,17.69,18.03,38.1,18.96,24.4,274.0
2026-08-08,20,9,2026-08,2026-08-08T09:30,2026-08-08T08:30,2026-08-08T08:30,18.04,17.03,19.04,24.5,20.85,26.7,354.3
2026-08-08,21,10,2026-08,2026-08-08T10:00,2026-08-08T09:00,2026-08-08T09:00,19.54,18.81,20.27,39.5,22.04,18.7,559.7
2026-08-08,22,10,2026-08,2026-08-08T10:30,2026-08-08T09:30,2026-08-08T09:30,18.06,17.66,18.47,34.2,20.2,15.4,634.5
2026-08-08,23,11,2026-08,2026-08-08T11:00,2026-08-08T10:00,2026-08-08T10:00,15.47,14.74,16.21,25.7,17.15,26.5,744.8
2026-08-08,24,11,2026-08,2026-08-08T11:30,2026-08-08T10:30,2026-08-08T10:30,14.8,13.59,16.01,9.9,16.77,31.5,464.3
2026-08-08,25,12,2026-08,2026-08-08T12:00,2026-08-08T11:00,2026-08-08T11:00,21.2,20.58,21.83,36.4,23.35,22.5,661.0
2026-08-08,26,12,2026-08,2026-08-08T12:30,2026-08-08T11:30,2026-08-08T11:30,23.11,22.72,23.5,32.5,25.81,11.0,787.9
2026-08-08,27,13,2026-08,2026-08-08T13:00,2026-08-08T12:00,2026-08-08T12:00,17.67,17.52,17.82,28.9,18.98,24.2,370.0
2026-08-08,28,13,2026-08,2026-08-08T13:30,2026-08-08T12:30,2026-08-08T12:30,23.36,22.19,24.53,36.4,25.97,23.2,876.2
2026-08-08,29,14,2026-08,2026-08-08T14:00,2026-08-08T13:00,2026-08-08T13:00,21.57,20.44,22.7,36.7,23.84,30.4,866.1
2026-08-08,30,14,2026-08,2026-08-08T14:30,2026-08-08T13:30,2026-08-08T13:30,23.62,22.84,24.39,39.6,26.34,10.9,435.9
2026-08-08,31,15,2026-08,2026-08-08T15:00,2026-08-08T14:00,2026-08-08T14:00,23.96,22.83,25.09,32.7,26.69,34.7,332.8
2026-08-08,32,15,2026-08,2026-08-08T15:30,2026-08-08T14:30,2026-08-08T14:30,28.97,28.72,29.22,28.1,30.57,31.0,313.2
2026-08-08,33,16,2026-08,2026-08-08T16:00,2026-08-08T15:00,2026-08-08T15:00,25.59,24.37,26.8,34.9,28.24,19.5,299.1
2026-08-08,34,16,2026-08,2026-08-08T16:30,2026-08-08T15:30,2026-08-08T15:30,29.89,28.89,30.89,31.2,32.47,17.5,326.8
2026-08-08,35,17,2026-08,2026-08-08T17:00,2026-08-08T16:00,2026-08-08T16:00,29.63,28.6,30.67,33.2,32.95,18.7,640.0
2026-08-08,36,17,2026-08,2026-08-08T17:30,2026-08-08T16:30,2026-08-08T16:30,29.57,28.83,30.3,26.4,32.05,14.6,357.1
2026-08-08,37,18,2026-08,2026-08-08T18:00,2026-08-08T17:00,2026-08-08T17:00,25.24,24.11,26.36,15.8,27.73,23.7,371.5
2026-08-08,38,18,2026-08,2026-08-08T18:30,2026-08-08T17:30,2026-08-08T17:30,31.13,30.15,32.12,27.1,34.84,18.1,528.2
2026-08-08,39,19,2026-08,2026-08-08T19:00,2026-08-08T18:00,2026-08-08T18:00,20.77,20.32,21.23,8.4,23.0,30.0,840.3
2026-08-08,40,19,2026-08,2026-08-08T19:30,2026-08-08T18:30,2026-08-08T18:30,22.66,21.69,23.62,36.0,25.16,21.4,822.9
2026-08-08,41,20,2026-08,2026-08-08T20:00,2026-08-08T19:00,2026-08-08T19:00,18.36,18.01,18.71,32.2,19.6,10.9,432.4
2026-08-08,42,20,2026-08,2026-08-08T20:30,2026-08-08T19:30,2026-08-08T19:30,19.81,19.34,20.28,26.6,22.11,39.6,621.0
2026-08-08,43,21,2026-08,2026-08-08T21:00,2026-08-08T20:00,2026-08-08T20:00,20.21,19.37,21.05,13.1,22.84,34.5,810.1
2026-08-08,44,21,2026-08,2026-08-08T21:30,2026-08-08T20:30,2026-08-08T20:30,17.6,16.53,18.67,33.6,19.7,18.5,679.8
2026-08-08,45,22,2026-08,2026-08-08T22:00,2026-08-08T21:00,2026-08-08T21:00,19.13,18.92,19.35,14.1,20.64,12.1,448.0
2026-08-08,46,22,2026-08,2026-08-08T22:30,2026-08-08T21:30,2026-08-08T21:30,17.85,16.97,18.73,23.7,19.51,35.2,383.1
2026-08-08,47,23,2026-08,2026-08-08T23:00,2026-08-08T22:00,2026-08-08T22:00,20.13,19.44,20.83,12.6,21.93,14.8,639.5
2026-08-08,48,23,2026-08,2026-08-08T23:30,2026-08-08T22:30,2026-08-08T22:30,15.25,15.0,15.49,23.0,16.51,14.6,759.5
2026-08-09,1,0,2026-08,2026-08-09T00:00,2026-08-08T23:00,2026-08-08T23:00,15.93,15.16,16.69,9.0,17.77,21.5,675.2
2026-08-09,2,0,2026-08,2026-08-09T00:30,2026-08-08T23:30,2026-08-08T23:30,14.18,12.99,15.37,30.3,16.39,17.4,487.8
2026-08-09,3,1,2026-08,2026-08-09T01:00,2026-08-09T00:00,2026-08-09T00:00,18.96,17.8,20.11,22.7,21.1,13.3,819.2
2026-08-09,4,1,2026-08,2026-08-09T01:30,2026-08-09T00:30,2026-08-09T00:30,17.93,16.76,19.1,13.9,20.67,37.0,350.1
2026-08-09,5,2,2026-08,2026-08-09T02:00,2026-08-09T01:00,2026-08-09T01:00,19.02,18.22,19.82,34.6,21.18,27.6,289.3
2026-08-09,6,2,2026-08,2026-08-09T02:30,2026-08-09T01:30,2026-08-09T01:30,18.22,18.06,18.38,25.3,19.94,20.7,497.9
2026-08-09,7,3,2026-08,2026-08-09T03:00,2026-08-09T02:00,2026-08-09T02:00,20.62,20.08,21.15,22.0,22.85,12.4,863.2
2026-08-09,8,3,2026-08,2026-08-09T03:30,2026-08-09T02:30,2026-08-09T02:30,17.8,16.87,18.73,35.5,19.72,30.4,451.4
2026-08-09,9,4,2026-08,2026-08-09T04:00,2026-08-09T03:00,2026-08-09T03:00,18.42,17.88,18.97,17.8,20.52,15.3,614.9
2026-08-09,10,4,2026-08,2026-08-09T04:30,2026-08-09T03:30,2026-08-09T03:30,18.57,18.31,18.83,31.9,20.53,16.0,522.2
2026-08-09,11,5,2026-08,2026-08-09T05:00,2026-08-09T04:00,2026-08-09T04:00,15.43,14.85,16.0,12.1,16.88,36.6,800.0
2026-08-09,12,5,2026-08,2026-08-09T05:30,2026-08-09T04:30,2026-08-09T04:30,20.85,20.67,21.02,33.5,21.9,31.8,478.0
2026-08-09,13,6,2026-08,2026-08-09T06:00,2026-08-09T05:00,2026-08-09T05:00,16.16,15.04,17.28,29.6,18.04,14.2,251.2
2026-08-09,14,6,2026-08,2026-08-09T06:30,2026-08-09T05:30,2026-08-09T05:30,19.09,17.98,20.19,15.8,22.15,17.4,554.0
2026-08-09,15,7,2026-08,2026-08-09T07:00,2026-08-09T06:00,2026-08-09T06:00,16.38,15.89,16.86,22.8,18.29,32.1,269.4
2026-08-09,16,7,2026-08,2026-08-09T07:30,2026-08-09T06:30,2026-08-09T06:30,15.96,15.77,16.14,10.8,16.85,33.7,410.8
2026-08-09,17,8,2026-08,2026-08-09T08:00,2026-08-09T07:00,2026-08-09T07:00,17.81,17.25,18.36,10.9,19.63,20.0,498.3
2026-08-09,18,8,2026-08,2026-08-09T08:30,2026-08-09T07:30,2026-08-09T07:30,15.51,14.65,16.36,27.5,17.98,13.1,632.1
2026-08-09,19,9,2026-08,2026-08-09T09:00,2026-08-09T08:00,2026-08-09T08:00,20.16,19.77,20.56,39.4,22.15,34.9,702.3
2026-08-09,20,9,2026-08,2026-08-09T09:30,2026-08-09T08:30,2026-08-09T08:30,20.72,19.7,21.75,14.6,23.39,18.6,527.8
2026-08-09,21,10,2026-08,2026-08-09T10:00,2026-08-09T09:00,2026-08-09T09:00,20.64,20.37,20.9,29.6,22.14,13.5,674.6
2026-08-09,22,10,2026-08,2026-08-09T10:30,2026-08-09T09:30,2026-08-09T09:30,16.66,16.38,16.94,20.9,17.97,16.6,595.9
2026-08-09,23,11,2026-08,2026-08-09T11:00,2026-08-09T10:00,2026-08-09T10:00,18.89,18.65,19.13,11.3,20.13,18.3,396.1
2026-08-09,24,11,2026-08,2026-08-09T11:30,2026-08-09T10:30,2026-08-09T10:30,14.02,13.26,14.79,26.6,15.44,25.1,472.4
2026-08-09,25,12,2026-08,2026-08-09T12:00,2026-08-09T11:00,2026-08-09T11:00,20.46,19.84,21.07,36.1,22.89,24.1,542.8
2026-08-09,26,12,2026-08,2026-08-09T12:30,2026-08-09T11:30,2026-08-09T11:30,20.11,18.9,21.32,14.7,22.4,11.7,255.0
2026-08-09,27,13,2026-08,2026-08-09T13:00,2026-08-09T12:00,2026-08-09T12:00,24.06,23.75,24.37,14.3,25.74,12.3,316.2
2026-08-09,28,13,2026-08,2026-08-09T13:30,2026-08-09T12:30,2026-08-09T12:30,24.22,24.06,24.37,22.5,25.94,11.8,686.1
2026-08-09,29,14,2026-08,2026-08-09T14:00,2026-08-09T13:00,2026-08-09T13:00,23.59,23.06,24.12,33.7,26.17,22.9,534.6
2026-08-09,30,14,2026-08,2026-08-09T14:30,2026-08-09T13:30,2026-08-09T13:30,26.5,26.0,27.0,39.7,28.35,12.5,781.7
2026-08-09,31,15,2026-08,2026-08-09T15:00,2026-08-09T14:00,2026-08-09T14:00,30.48,30.29,30.66,35.4,32.55,29.1,890.4
2026-08-09,32,15,2026-08,2026-08-09T15:30,2026-08-09T14:30,2026-08-09T14:30,25.46,25.1,25.83,18.2,27.71,15.1,850.3
2026-08-09,33,16,2026-08,2026-08-09T16:00,2026-08-09T15:00,2026-08-09T15:00,31.27,31.05,31.48,24.0,34.56,12.1,317.3
2026-08-09,34,16,2026-08,2026-08-09T16:30,2026-08-09T15:30,2026-08-09T15:30,25.46,25.11,25.82,26.3,27.33,26.7,268.4
2026-08-09,35,17,2026-08,2026-08-09T17:00,2026-08-09T16:00,2026-08-09T16:00,30.01,29.15,30.87,25.3,33.41,24.2,523.3
2026-08-09,36,17,2026-08,2026-08-09T17:30,2026-08-09T16:30,2026-08-09T16:30,32.57,31.36,33.77,32.8,35.66,28.9,629.7
2026-08-09,37,18,2026-08,2026-08-09T18:00,2026-08-09T17:00,2026-08-09T17:00,26.61,26.2,27.02,31.7,28.81,22.2,729.6
2026-08-09,38,18,2026-08,2026-08-09T18:30,2026-08-09T17:30,2026-08-09T17:30,27.2,25.97,28.43,8.6,30.48,37.3,786.3
2026-08-09,39,19,2026-08,2026-08-09T19:00,2026-08-09T18:00,2026-08-09T18:00,23.4,23.23,23.57,36.8,25.12,23.8,268.8
2026-08-09,40,19,2026-08,2026-08-09T19:30,2026-08-09T18:30,2026-08-09T18:30,24.0,23.11,24.9,19.2,27.22,37.3,260.5
2026-08-09,41,20,2026-08,2026-08-09T20:00,2026-08-09T19:00,2026-08-09T19:00,23.71,23.23,24.19,23.6,26.08,20.5,833.1
2026-08-09,42,20,2026-08,2026-08-09T20:30,2026-08-09T19:30,2026-08-09T19:30,23.84,22.95,24.73,12.3,27.18,31.8,512.0
2026-08-09,43,21,2026-08,2026-08-09T21:00,2026-08-09T20:00,2026-08-09T20:00,23.11,22.59,23.63,33.2,24.99,37.0,585.4
2026-08-09,44,21,2026-08,2026-08-09T21:30,2026-08-09T20:30,2026-08-09T20:30,21.43,20.8,22.06,22.2,23.23,38.8,883.0
2026-08-09,45,22,2026-08,2026-08-09T22:00,2026-08-09T21:00,2026-08-09T21:00,18.37,18.13,18.62,15.3,19.39,10.1,458.4
2026-08-09,46,22,2026-08,2026-08-09T22:30,2026-08-09T21:30,2026-08-09T21:30,19.9,18.96,20.85,22.0,21.88,18.6,657.8
2026-08-09,47,23,2026-08,2026-08-09T23:00,2026-08-09T22:00,2026-08-09T22:00,19.34,18.46,20.22,22.0,21.2,36.1,359.1
2026-08-09,48,23,2026-08,2026-08-09T23:30,2026-08-09T22:30,2026-08-09T22:30,17.96,16.84,19.08,9.2,20.19,15.9,428.3
2026-08-10,1,0,2026-08,2026-08-10T00:00,2026-08-09T23:00,2026-08-09T23:00,23.37,22.89,23.86,26.7,25.18,20.9,491.8
2026-08-10,2,0,2026-08,2026-08-10T00:30,2026-08-09T23:30,2026-08-09T23:30,27.67,27.22,28.13,38.8,29.79,29.0,531.2
2026-08-10,3,1,2026-08,2026-08-10T01:00,2026-08-10T00:00,2026-08-10T00:00,26.31,25.92,26.7,9.5,29.23,29.1,366.6
2026-08-10,4,1,2026-08,2026-08-10T01:30,2026-08-10T00:30,2026-08-10T00:30,23.36,22.19,24.54,27.7,26.15,14.4,896.8
2026-08-10,5,2,2026-08,2026-08-10T02:00,2026-08-10T01:00,2026-08-10T01:00,25.14,24.57,25.7,24.3,26.81,16.0,469.4
2026-08-10,6,2,2026-08,2026-08-10T02:30,2026-08-10T01:30,2026-08-10T01:30,26.49,25.99,27.0,27.4,28.36,15.6,441.5
2026-08-10,7,3,2026-08,2026-08-10T03:00,2026-08-10T02:00,2026-08-10T02:00,26.57,26.33,26.82,27.5,28.1,21.8,397.6
2026-08-10,8,3,2026-08,2026-08-10T03:30,2026-08-10T02:30,2026-08-10T02:30,22.07,21.6,22.54,39.1,23.85,21.4,610.1
2026-08-10,9,4,2026-08,2026-08-10T04:00,2026-08-10T03:00,2026-08-10T03:00,21.67,21.3,22.04,23.9,23.52,28.4,287.1
2026-08-10,10,4,2026-08,2026-08-10T04:30,2026-08-10T03:30,2026-08-10T03:30,20.94,20.27,21.61,10.4,23.07,17.1,527.3
2026-08-10,11,5,2026-08,2026-08-10T05:00,2026-08-10T04:00,2026-08-10T04:00,25.59,24.53,26.64,29.8,28.97,20.3,301.2
2026-08-10,12,5,2026-08,2026-08-10T05:30,2026-08-10T04:30,2026-08-10T04:30,25.9,25.34,26.46,17.8,27.71,35.3,255.3
2026-08-10,13,6,2026-08,2026-08-10T06:00,2026-08-10T05:00,2026-08-10T05:00,22.26,21.6,22.92,27.4,24.71,26.9,526.7
2026-08-10,14,6,2026-08,2026-08-10T06:30,2026-08-10T05:30,2026-08-10T05:30,24.29,23.41,25.18,8.6,26.92,21.7,682.0
2026-08-10,15,7,2026-08,2026-08-10T07:00,2026-08-10T06:00,2026-08-10T06:00,23.75,23.59,23.9,32.2,25.26,11.9,259.1
2026-08-10,16,7,2026-08,2026-08-10T07:30,2026-08-10T06:30,2026-08-10T06:30,25.21,24.42,26.01,23.5,27.26,11.7,716.9
2026-08-10,17,8,2026-08,2026-08-10T08:00,2026-08-10T07:00,2026-08-10T07:00,21.23,20.25,22.22,37.1,24.41,25.0,574.2
2026-08-10,18,8,2026-08,2026-08-10T08:30,2026-08-10T07:30,2026-08-10T07:30,23.06,22.51,23.6,17.7,24.73,20.8,576.5
2026-08-10,19,9,2026-08,2026-08-10T09:00,2026-08-10T08:00,2026-08-10T08:00,25.34,24.45,26.23,37.3,27.35,25.5,685.3
2026-08-10,20,9,2026-08,2026-08-10T09:30,2026-08-10T08:30,2026-08-10T08:30,19.71,18.48,20.95,27.0,22.15,15.8,483.9
2026-08-10,21,10,2026-08,2026-08-10T10:00,2026-08-10T09:00,2026-08-10T09:00,22.92,22.52,23.32,39.8,24.6,22.9,655.0
2026-08-10,22,10,2026-08,2026-08-10T10:30,2026-08-10T09:30,2026-08-10T09:30,22.92,21.91,23.93,32.5,26.12,12.6,795.5
2026-08-10,23,11,2026-08,2026-08-10T11:00,2026-08-10T10:00,2026-08-10T10:00,23.3,22.09,24.52,24.3,25.52,26.6,613.3
2026-08-10,24,11,2026-08,2026-08-10T11:30,2026-08-10T10:30,2026-08-10T10:30,27.27,26.68,27.86,24.9,29.68,15.0,485.1
2026-08-10,25,12,2026-08,2026-08-10T12:00,2026-08-10T11:00,2026-08-10T11:00,30.4,29.61,31.19,19.2,33.7,39.5,737.9
2026-08-10,26,12,2026-08,2026-08-10T12:30,2026-08-10T11:30,2026-08-10T11:30,22.22,21.35,23.09,14.0,25.24,11.8,652.3
2026-08-10,27,13,2026-08,2026-08-10T13:00,2026-08-10T12:00,2026-08-10T12:00,28.19,26.97,29.41,24.0,31.58,34.5,557.7
2026-08-10,28,13,2026-08,2026-08-10T13:30,2026-08-10T12:30,2026-08-10T12:30,34.41,33.92,34.9,33.2,37.0,23.6,632.9
2026-08-10,29,14,2026-08,2026-08-10T14:00,2026-08-10T13:00,2026-08-10T13:00,32.19,31.32,33.05,11.8,34.59,25.2,708.4
2026-08-10,30,14,2026-08,2026-08-10T14:30,2026-08-10T13:30,2026-08-10T13:30,30.68,30.33,31.03,37.5,32.97,33.5,336.9
2026-08-10,31,15,2026-08,2026-08-10T15:00,2026-08-10T14:00,2026-08-10T14:00,33.45,32.96,33.94,35.0,36.73,37.9,631.3
2026-08-10,32,15,2026-08,2026-08-10T15:30,2026-08-10T14:30,2026-08-10T14:30,40.1,39.64,40.56,8.5,44.4,18.1,369.6
2026-08-10,33,16,2026-08,2026-08-10T16:00,2026-08-10T15:00,2026-08-10T15:00,31.54,30.69,32.4,31.7,34.62,31.9,497.6
2026-08-10,34,16,2026-08,2026-08-10T16:30,2026-08-10T15:30,2026-08-10T15:30,36.13,34.98,37.28,22.6,39.58,19.8,644.9
2026-08-10,35,17,2026-08,2026-08-10T17:00,2026-08-10T16:00,2026-08-10T16:00,39.19,38.22,40.17,11.9,42.57,32.4,796.1
2026-08-10,36,17,2026-08,2026-08-10T17:30,2026-08-10T16:30,2026-08-10T16:30,35.87,35.47,36.27,36.0,38.91,33.6,360.3
2026-08-10,37,18,2026-08,2026-08-10T18:00,2026-08-10T17:00,2026-08-10T17:00,36.79,35.7,37.88,18.5,39.88,36.2,508.4
2026-08-10,38,18,2026-08,2026-08-10T18:30,2026-08-10T17:30,2026-08-10T17:30,36.25,35.57,36.93,9.4,38.81,13.7,475.7
2026-08-10,39,19,2026-08,2026-08-10T19:00,2026-08-10T18:00,2026-08-10T18:00,36.4,35.6,37.2,22.8,39.34,29.4,583.6
2026-08-10,40,19,2026-08,2026-08-10T19:30,2026-08-10T18:30,2026-08-10T18:30,32.69,32.51,32.87,39.6,35.13,18.0,868.2
2026-08-10,41,20,2026-08,2026-08-10T20:00,2026-08-10T19:00,2026-08-10T19:00,28.81,27.98,29.65,26.2,31.27,20.3,504.4
2026-08-10,42,20,2026-08,2026-08-10T20:30,2026-08-10T19:30,2026-08-10T19:30,27.6,27.26,27.95,22.2,30.3,36.1,879.7
2026-08-10,43,21,2026-08,2026-08-10T21:00,2026-08-10T20:00,2026-08-10T20:00,27.82,26.77,28.88,33.1,30.52,11.1,278.5
2026-08-10,44,21,2026-08,2026-08-10T21:30,2026-08-10T20:30,2026-08-10T20:30,26.22,25.56,26.88,13.3,29.27,33.9,293.4
2026-08-10,45,22,2026-08,2026-08-10T22:00,2026-08-10T21:00,2026-08-10T21:00,29.6,28.63,30.58,31.1,32.59,22.6,264.4
2026-08-10,46,22,2026-08,2026-08-10T22:30,2026-08-10T21:30,2026-08-10T21:30,26.26,26.1,26.42,17.5,28.67,21.3,489.4
2026-08-10,47,23,2026-08,2026-08-10T23:00,2026-08-10T22:00,2026-08-10T22:00,23.9,23.42,24.37,13.5,25.69,35.7,819.3
2026-08-10,48,23,2026-08,2026-08-10T23:30,2026-08-10T22:30,2026-08-10T22:30,24.03,22.85,25.2,38.5,27.61,16.3,588.3
2026-08-11,1,0,2026-08,2026-08-11T00:00,2026-08-10T23:00,2026-08-10T23:00,15.49,15.09,15.88,34.2,17.27,38.2,282.9
2026-08-11,2,0,2026-08,2026-08-11T00:30,2026-08-10T23:30,2026-08-10T23:30,18.23,17.12,19.34,25.1,20.31,37.5,362.1
2026-08-11,3,1,2026-08,2026-08-11T01:00,2026-08-11T00:00,2026-08-11T00:00,14.21,13.06,15.35,11.5,16.6,35.1,811.0
2026-08-11,4,1,2026-08,2026-08-11T01:30,2026-08-11T00:30,2026-08-11T00:30,16.64,16.35,16.94,36.1,18.56,19.0,295.9
2026-08-11,5,2,2026-08,2026-08-11T02:00,2026-08-11T01:00,2026-08-11T01:00,15.34,15.05,15.62,14.7,16.88,31.2,692.0
2026-08-11,6,2,2026-08,2026-08-11T02:30,2026-08-11T01:30,2026-08-11T01:30,17.54,17.19,17.89,19.5,19.33,11.7,848.1
2026-08-11,7,3,2026-08,2026-08-11T03:00,2026-08-11T02:00,2026-08-11T02:00,21.24,20.01,22.46,12.9,23.91,28.0,489.6
2026-08-11,8,3,2026-08,2026-08-11T03:30,2026-08-11T02:30,2026-08-11T02:30,17.07,16.26,17.89,22.9,19.23,31.7,285.9
2026-08-11,9,4,2026-08,2026-08-11T04:00,2026-08-11T03:00,2026-08-11T03:00,18.52,17.57,19.47,24.4,21.36,20.5,851.4
2026-08-11,10,4,2026-08,2026-08-11T04:30,2026-08-11T03:30,2026-08-11T03:30,13.51,12.73,14.28,37.2,15.54,22.7,654.9
2026-08-11,11,5,2026-08,2026-08-11T05:00,2026-08-11T04:00,2026-08-11T04:00,15.51,15.34,15.68,22.4,16.92,21.0,740.3
2026-08-11,12,5,2026-08,2026-08-11T05:30,2026-08-11T04:30,2026-08-11T04:30,16.88,16.43,17.32,26.1,18.86,33.5,510.2
2026-08-11,13,6,2026-08,2026-08-11T06:00,2026-08-11T05:00,2026-08-11T05:00,18.94,18.04,19.83,29.9,21.51,10.1,409.8
2026-08-11,14,6,2026-08,2026-08-11T06:30,2026-08-11T05:30,2026-08-11T05:30,13.5,12.53,14.47,22.3,15.64,29.5,441.6
2026-08-11,15,7,2026-08,2026-08-11T07:00,2026-08-11T06:00,2026-08-11T06:00,14.79,13.74,15.85,8.5,17.19,35.6,422.1
2026-08-11,16,7,2026-08,2026-08-11T07:30,2026-08-11T06:30,2026-08-11T06:30,15.81,15.65,15.96,28.4,17.32,17.5,257.1
2026-08-11,17,8,2026-08,2026-08-11T08:00,2026-08-11T07:00,2026-08-11T07:00,16.02,15.5,16.54,22.2,17.69,11.2,468.9
2026-08-11,18,8,2026-08,2026-08-11T08:30,2026-08-11T07:30,2026-08-11T07:30,17.23,16.09,18.36,27.0,20.13,36.7,752.9
2026-08-11,19,9,2026-08,2026-08-11T09:00,2026-08-11T08:00,2026-08-11T08:00,17.87,16.78,18.97,21.6,20.44,29.8,690.0
2026-08-11,20,9,2026-08,2026-08-11T09:30,2026-08-11T08:30,2026-08-11T08:30,15.82,14.69,16.95,8.2,18.09,38.0,616.2
2026-08-11,21,10,2026-08,2026-08-11T10:00,2026-08-11T09:00,2026-08-11T09:00,17.62,17.18,18.05,22.5,19.53,34.0,493.9
2026-08-11,22,10,2026-08,2026-08-11T10:30,2026-08-11T09:30,2026-08-11T09:30,16.47,15.37,17.57,28.2,18.67,33.7,626.7
2026-08-11,23,11,2026-08,2026-08-11T11:00,2026-08-11T10:00,2026-08-11T10:00,21.72,20.53,22.9,9.8,24.55,17.5,278.9
2026-08-11,24,11,2026-08,2026-08-11T11:30,2026-08-11T10:30,2026-08-11T10:30,22.56,21.38,23.74,25.5,25.64,10.8,604.6
2026-08-11,25,12,2026-08,2026-08-11T12:00,2026-08-11T11:00,2026-08-11T11:00,18.37,18.04,18.71,15.8,20.34,31.0,660.6
2026-08-11,26,12,2026-08,2026-08-11T12:30,2026-08-11T11:30,2026-08-11T11:30,18.37,17.75,18.99,36.2,20.81,14.3,702.6
2026-08-11,27,13,2026-08,2026-08-11T13:00,2026-08-11T12:00,2026-08-11T12:00,24.93,24.44,25.41,36.9,26.72,10.7,627.3
2026-08-11,28,13,2026-08,2026-08-11T13:30,2026-08-11T12:30,2026-08-11T12:30,24.75,23.53,25.97,25.9,28.34,12.7,355.1
2026-08-11,29,14,2026-08,2026-08-11T14:00,2026-08-11T13:00,2026-08-11T13:00,21.74,20.57,22.92,25.8,24.42,15.7,498.0
2026-08-11,30,14,2026-08,2026-08-11T14:30,2026-08-11T13:30,2026-08-11T13:30,26.93,26.08,27.78,23.4,30.07,33.5,717.5
2026-08-11,31,15,2026-08,2026-08-11T15:00,2026-08-11T14:00,2026-08-11T14:00,28.66,28.11,29.21,30.1,31.89,12.2,529.4
2026-08-11,32,15,2026-08,2026-08-11T15:30,2026-08-11T14:30,2026-08-11T14:30,29.24,29.05,29.44,40.0,31.66,13.5,610.8
2026-08-11,33,16,2026-08,2026-08-11T16:00,2026-08-11T15:00,2026-08-11T15:00,29.11,28.02,30.21,32.9,32.86,21.2,652.2
2026-08-11,34,16,2026-08,2026-08-11T16:30,2026-08-11T15:30,2026-08-11T15:30,30.26,29.99,30.54,16.2,32.46,17.8,833.8
2026-08-11,35,17,2026-08,2026-08-11T17:00,2026-08-11T16:00,2026-08-11T16:00,28.46,27.57,29.35,31.0,32.28,31.8,844.5
2026-08-11,36,17,2026-08,2026-08-11T17:30,2026-08-11T16:30,2026-08-11T16:30,22.21,21.5,22.92,38.6,23.87,24.2,800.2
2026-08-11,37,18,2026-08,2026-08-11T18:00,2026-08-11T17:00,2026-08-11T17:00,28.75,27.79,29.72,33.9,32.21,30.6,319.3
2026-08-11,38,18,2026-08,2026-08-11T18:30,2026-08-11T17:30,2026-08-11T17:30,20.43,19.46,21.39,39.0,22.55,11.7,830.2
2026-08-11,39,19,2026-08,2026-08-11T19:00,2026-08-11T18:00,2026-08-11T18:00,23.62,22.82,24.43,28.4,26.26,13.8,409.2
2026-08-11,40,19,2026-08,2026-08-11T19:30,2026-08-11T18:30,2026-08-11T18:30,24.8,24.1,25.49,31.8,27.7,16.6,843.9
2026-08-11,41,20,2026-08,2026-08-11T20:00,2026-08-11T19:00,2026-08-11T19:00,19.45,18.88,20.01,39.4,21.35,32.1,338.2
2026-08-11,42,20,2026-08,2026-08-11T20:30,2026-08-11T19:30,2026-08-11T19:30,20.86,20.7,21.01,16.7,22.91,38.4,454.5
2026-08-11,43,21,2026-08,2026-08-11T21:00,2026-08-11T20:00,2026-08-11T20:00,23.73,22.93,24.54,13.3,26.94,23.5,704.8
2026-08-11,44,21,2026-08,2026-08-11T21:30,2026-08-11T20:30,2026-08-11T20:30,21.49,20.4,22.58,34.0,23.74,14.8,890.0
2026-08-11,45,22,2026-08,2026-08-11T22:00,2026-08-11T21:00,2026-08-11T21:00,22.95,22.73,23.18,23.1,25.32,31.5,719.9
2026-08-11,46,22,2026-08,2026-08-11T22:30,2026-08-11T21:30,2026-08-11T21:30,18.87,18.26,19.47,31.3,20.29,13.5,741.1
2026-08-11,47,23,2026-08,2026-08-11T23:00,2026-08-11T22:00,2026-08-11T22:00,18.49,17.66,19.32,34.3,21.18,28.4,787.0
2026-08-11,48,23,2026-08,2026-08-11T23:30,2026-08-11T22:30,2026-08-11T22:30,14.75,14.57,14.94,13.7,16.1,11.9,576.0
2026-08-12,1,0,2026-08,2026-08-12T00:00,2026-08-11T23:00,2026-08-11T23:00,21.97,21.66,22.27,34.6,23.86,32.0,547.2
2026-08-12,2,0,2026-08,2026-08-12T00:30,2026-08-11T23:30,2026-08-11T23:30,17.17,16.77,17.57,25.0,19.05,20.0,300.5
2026-08-12,3,1,2026-08,2026-08-12T01:00,2026-08-12T00:00,2026-08-12T00:00,19.15,18.82,19.48,8.2,21.37,20.0,724.4
2026-08-12,4,1,2026-08,2026-08-12T01:30,2026-08-12T00:30,2026-08-12T00:30,18.94,18.11,19.77,28.8,21.48,25.7,504.3
2026-08-12,5,2,2026-08,2026-08-12T02:00,2026-08-12T01:00,2026-08-12T01:00,13.91,13.08,14.73,34.2,15.75,35.6,262.9
2026-08-12,6,2,2026-08,2026-08-12T02:30,2026-08-12T01:30,2026-08-12T01:30,19.84,19.37,20.32,27.6,21.74,29.4,778.8
2026-08-12,7,3,2026-08,2026-08-12T03:00,2026-08-12T02:00,2026-08-12T02:00,18.23,17.51,18.95,8.8,20.64,34.7,602.9
2026-08-12,8,3,2026-08,2026-08-12T03:30,2026-08-12T02:30,2026-08-12T02:30,20.18,19.04,21.32,37.7,23.19,12.3,575.9
2026-08-12,9,4,2026-08,2026-08-12T04:00,2026-08-12T03:00,2026-08-12T03:00,21.01,20.39,21.62,29.7,23.3,18.7,551.1
2026-08-12,10,4,2026-08,2026-08-12T04:30,2026-08-12T03:30,2026-08-12T03:30,20.31,20.02,20.61,22.4,22.12,36.4,785.6
2026-08-12,11,5,2026-08,2026-08-12T05:00,2026-08-12T04:00,2026-08-12T04:00,18.76,17.77,19.74,8.2,21.45,10.1,381.5
2026-08-12,12,5,2026-08,2026-08-12T05:30,2026-08-12T04:30,2026-08-12T04:30,20.48,19.7,21.26,18.8,22.44,36.5,413.2
2026-08-12,13,6,2026-08,2026-08-12T06:00,2026-08-12T05:00,2026-08-12T05:00,18.61,17.96,19.26,22.1,20.11,33.1,514.5
2026-08-12,14,6,2026-08,2026-08-12T06:30,2026-08-12T05:30,2026-08-12T05:30,15.31,14.17,16.45,16.3,17.88,20.8,753.8
2026-08-12,15,7,2026-08,2026-08-12T07:00,2026-08-12T06:00,2026-08-12T06:00,14.38,13.27,15.48,15.4,16.22,39.7,837.6
2026-08-12,16,7,2026-08,2026-08-12T07:30,2026-08-12T06:30,2026-08-12T06:30,19.57,19.42,19.73,39.9,21.6,33.4,831.9
2026-08-12,17,8,2026-08,2026-08-12T08:00,2026-08-12T07:00,2026-08-12T07:00,17.75,17.31,18.2,17.1,19.97,20.6,324.7
2026-08-12,18,8,2026-08,2026-08-12T08:30,2026-08-12T07:30,2026-08-12T07:30,21.15,20.67,21.62,36.6,23.31,33.8,701.6
2026-08-12,19,9,2026-08,2026-08-12T09:00,2026-08-12T08:00,2026-08-12T08:00,18.67,18.12,19.21,11.5,20.85,36.2,606.9
2026-08-12,20,9,2026-08,2026-08-12T09:30,2026-08-12T08:30,2026-08-12T08:30,18.35,18.05,18.66,19.3,19.52,31.2,380.9
2026-08-12,21,10,2026-08,2026-08-12T10:00,2026-08-12T09:00,2026-08-12T09:00,17.7,16.53,18.87,17.4,20.54,13.0,723.5
2026-08-12,22,10,2026-08,2026-08-12T10:30,2026-08-12T09:30,2026-08-12T09:30,22.91,21.94,23.88,27.5,25.88,24.8,602.9
2026-08-12,23,11,2026-08,2026-08-12T11:00,2026-08-12T10:00,2026-08-12T10:00,17.44,17.13,17.75,21.2,19.08,38.6,649.2
2026-08-12,24,11,2026-08,2026-08-12T11:30,2026-08-12T10:30,2026-08-12T10:30,22.86,22.22,23.5,39.7,25.15,37.5,370.0
2026-08-12,25,12,2026-08,2026-08-12T12:00,2026-08-12T11:00,2026-08-12T11:00,19.1,18.53,19.67,17.4,21.37,39.7,272.8
2026-08-12,26,12,2026-08,2026-08-12T12:30,2026-08-12T11:30,2026-08-12T11:30,26.37,25.34,27.41,35.6,28.7,29.4,665.2
2026-08-12,27,13,2026-08,2026-08-12T13:00,2026-08-12T12:00,2026-08-12T12:00,21.09,20.29,21.89,18.5,23.12,34.4,828.8
2026-08-12,28,13,2026-08,2026-08-12T13:30,2026-08-12T12:30,2026-08-12T12:30,26.08,25.24,26.92,20.6,28.85,30.3,664.4
2026-08-12,29,14,2026-08,2026-08-12T14:00,2026-08-12T13:00,2026-08-12T13:00,26.29,25.95,26.62,36.8,28.62,28.3,403.8
2026-08-12,30,14,2026-08,2026-08-12T14:30,2026-08-12T13:30,2026-08-12T13:30,28.41,27.53,29.28,21.2,31.21,34.8,273.2
2026-08-12,31,15,2026-08,2026-08-12T15:00,2026-08-12T14:00,2026-08-12T14:00,24.79,23.88,25.7,16.2,26.95,29.2,862.8
2026-08-12,32,15,2026-08,2026-08-12T15:30,2026-08-12T14:30,2026-08-12T14:30,31.76,31.15,32.37,23.8,35.16,14.2,294.0
2026-08-12,33,16,2026-08,2026-08-12T16:00,2026-08-12T15:00,2026-08-12T15:00,31.5,30.35,32.65,23.0,35.37,21.7,320.9
2026-08-12,34,16,2026-08,2026-08-12T16:30,2026-08-12T15:30,2026-08-12T15:30,33.3,32.75,33.84,25.0,36.52,39.6,303.7
2026-08-12,35,17,2026-08,2026-08-12T17:00,2026-08-12T16:00,2026-08-12T16:00,27.03,26.84,27.23,13.3,29.62,34.8,694.4
2026-08-12,36,17,2026-08,2026-08-12T17:30,2026-08-12T16:30,2026-08-12T16:30,31.84,30.64,33.04,12.8,35.4,37.4,701.6
2026-08-12,37,18,2026-08,2026-08-12T18:00,2026-08-12T17:00,2026-08-12T17:00,28.95,27.88,30.02,17.6,32.94,13.8,816.2
2026-08-12,38,18,2026-08,2026-08-12T18:30,2026-08-12T17:30,2026-08-12T17:30,31.43,31.0,31.85,27.6,34.73,32.3,526.9
2026-08-12,39,19,2026-08,2026-08-12T19:00,2026-08-12T18:00,2026-08-12T18:00,26.14,25.35,26.94,22.4,28.79,17.5,694.0
2026-08-12,40,19,2026-08,2026-08-12T19:30,2026-08-12T18:30,2026-08-12T18:30,21.88,20.69,23.07,9.5,24.25,18.8,812.8
2026-08-12,41,20,2026-08,2026-08-12T20:00,2026-08-12T19:00,2026-08-12T19:00,25.85,25.04,26.65,12.2,28.35,27.7,363.2
2026-08-12,42,20,2026-08,2026-08-12T20:30,2026-08-12T19:30,2026-08-12T19:30,23.54,22.34,24.75,18.1,26.66,11.6,444.1
2026-08-12,43,21,2026-08,2026-08-12T21:00,2026-08-12T20:00,2026-08-12T20:00,23.74,22.84,24.64,29.2,26.5,39.8,258.9
2026-08-12,44,21,2026-08,2026-08-12T21:30,2026-08-12T20:30,2026-08-12T20:30,24.31,24.03,24.6,13.8,26.84,38.8,394.8
2026-08-12,45,22,2026-08,2026-08-12T22:00,2026-08-12T21:00,2026-08-12T21:00,22.8,22.11,23.48,15.9,25.61,36.0,423.6
2026-08-12,46,22,2026-08,2026-08-12T22:30,2026-08-12T21:30,2026-08-12T21:30,20.7,20.26,21.15,38.0,22.39,29.1,256.1
2026-08-12,47,23,2026-08,2026-08-12T23:00,2026-08-12T22:00,2026-08-12T22:00,21.13,20.54,21.71,38.6,22.68,12.4,577.6
2026-08-12,48,23,2026-08,2026-08-12T23:30,2026-08-12T22:30,2026-08-12T22:30,16.85,16.53,17.17,23.9,18.32,34.7,470.7
2026-08-13,1,0,2026-08,2026-08-13T00:00,2026-08-12T23:00,2026-08-12T23:00,18.42,17.58,19.25,37.2,20.85,18.0,551.7
2026-08-13,2,0,2026-08,2026-08-13T00:30,2026-08-12T23:30,2026-08-12T23:30,20.98,20.79,21.17,19.4,23.14,32.9,828.1
2026-08-13,3,1,2026-08,2026-08-13T01:00,2026-08-13T00:00,2026-08-13T00:00,16.02,15.07,16.97,21.0,18.01,20.6,851.0
2026-08-13,4,1,2026-08,2026-08-13T01:30,2026-08-13T00:30,2026-08-13T00:30,15.73,14.72,16.74,19.4,18.25,37.0,464.7
2026-08-13,5,2,2026-08,2026-08-13T02:00,2026-08-13T01:00,2026-08-13T01:00,15.09,14.8,15.37,25.6,16.09,18.4,801.6
2026-08-13,6,2,2026-08,2026-08-13T02:30,2026-08-13T01:30,2026-08-13T01:30,16.64,16.41,16.87,25.1,17.99,30.8,685.2
2026-08-13,7,3,2026-08,2026-08-13T03:00,2026-08-13T02:00,2026-08-13T02:00,16.79,16.27,17.31,33.9,18.75,18.9,404.7
2026-08-13,8,3,2026-08,2026-08-13T03:30,2026-08-13T02:30,2026-08-13T02:30,15.83,15.32,16.33,36.0,17.0,23.4,331.6
2026-08-13,9,4,2026-08,2026-08-13T04:00,2026-08-13T03:00,2026-08-13T03:00,15.09,14.36,15.82,22.0,16.74,24.1,628.4
2026-08-13,10,4,2026-08,2026-08-13T04:30,2026-08-13T03:30,2026-08-13T03:30,18.01,17.52,18.49,26.0,19.67,34.2,750.5
2026-08-13,11,5,2026-08,2026-08-13T05:00,2026-08-13T04:00,2026-08-13T04:00,18.2,17.09,19.31,31.8,20.57,18.8,268.9
2026-08-13,12,5,2026-08,2026-08-13T05:30,2026-08-13T04:30,2026-08-13T04:30,14.64,13.7,15.58,23.7,16.7,11.5,585.5
2026-08-13,13,6,2026-08,2026-08-13T06:00,2026-08-13T05:00,2026-08-13T05:00,17.28,16.62,17.94,22.2,18.79,12.3,635.0
2026-08-13,14,6,2026-08,2026-08-13T06:30,2026-08-13T05:30,2026-08-13T05:30,13.89,13.04,14.75,17.5,16.0,35.0,684.0
2026-08-13,15,7,2026-08,2026-08-13T07:00,2026-08-13T06:00,2026-08-13T06:00,13.2,12.67,13.72,11.6,14.3,35.6,823.5
2026-08-13,16,7,2026-08,2026-08-13T07:30,2026-08-13T06:30,2026-08-13T06:30,13.58,12.66,14.5,24.9,15.19,29.9,407.7
2026-08-13,17,8,2026-08,2026-08-13T08:00,2026-08-13T07:00,2026-08-13T07:00,17.33,16.21,18.46,16.3,19.67,14.9,430.0
2026-08-13,18,8,2026-08,2026-08-13T08:30,2026-08-13T07:30,2026-08-13T07:30,18.76,17.94,19.58,33.7,20.97,38.3,631.5
2026-08-13,19,9,2026-08,2026-08-13T09:00,2026-08-13T08:00,2026-08-13T08:00,16.03,15.62,16.44,15.2,17.37,29.4,857.8
2026-08-13,20,9,2026-08,2026-08-13T09:30,2026-08-13T08:30,2026-08-13T08:30,18.3,17.78,18.82,35.1,20.58,39.6,528.2
2026-08-13,21,10,2026-08,2026-08-13T10:00,2026-08-13T09:00,2026-08-13T09:00,20.14,19.51,20.77,19.9,21.84,14.4,370.9
2026-08-13,22,10,2026-08,2026-08-13T10:30,2026-08-13T09:30,2026-08-13T09:30,15.78,15.33,16.23,12.4,17.32,16.3,831.3
2026-08-13,23,11,2026-08,2026-08-13T11:00,2026-08-13T10:00,2026-08-13T10:00,16.63,15.95,17.31,15.5,18.59,22.0,727.1
2026-08-13,24,11,2026-08,2026-08-13T11:30,2026-08-13T10:30,2026-08-13T10:30,13.93,13.47,14.4,10.8,15.69,17.1,731.5
2026-08-13,25,12,2026-08,2026-08-13T12:00,2026-08-13T11:00,2026-08-13T11:00,13.58,12.48,14.68,16.1,15.44,19.8,783.3
2026-08-13,26,12,2026-08,2026-08-13T12:30,2026-08-13T11:30,2026-08-13T11:30,19.26,19.0,19.52,37.4,20.73,15.6,673.1
2026-08-13,27,13,2026-08,2026-08-13T13:00,2026-08-13T12:00,2026-08-13T12:00,21.14,20.95,21.33,34.1,22.63,30.7,850.1
2026-08-13,28,13,2026-08,2026-08-13T13:30,2026-08-13T12:30,2026-08-13T12:30,26.27,25.82,26.72,9.8,29.29,37.0,541.0
2026-08-13,29,14,2026-08,2026-08-13T14:00,2026-08-13T13:00,2026-08-13T13:00,24.77,24.07,25.47,21.7,27.35,28.3,872.7
2026-08-13,30,14,2026-08,2026-08-13T14:30,2026-08-13T13:30,2026-08-13T13:30,27.74,27.2,28.28,19.2,30.31,26.6,601.3
2026-08-13,31,15,2026-08,2026-08-13T15:00,2026-08-13T14:00,2026-08-13T14:00,25.12,24.53,25.72,19.3,27.7,27.1,466.7
2026-08-13,32,15,2026-08,2026-08-13T15:30,2026-08-13T14:30,2026-08-13T14:30,28.08,26.92,29.25,22.2,31.66,16.0,573.5
2026-08-13,33,16,2026-08,2026-08-13T16:00,2026-08-13T15:00,2026-08-13T15:00,32.27,31.24,33.3,11.8,36.51,23.3,441.9
2026-08-13,34,16,2026-08,2026-08-13T16:30,2026-08-13T15:30,2026-08-13T15:30,30.86,29.76,31.95,39.5,34.75,26.1,746.0
2026-08-13,35,17,2026-08,2026-08-13T17:00,2026-08-13T16:00,2026-08-13T16:00,29.74,28.89,30.58,36.2,32.04,35.8,736.7
2026-08-13,36,17,2026-08,2026-08-13T17:30,2026-08-13T16:30,2026-08-13T16:30,30.23,29.93,30.53,33.6,32.53,25.6,395.6
2026-08-13,37,18,2026-08,2026-08-13T18:00,2026-08-13T17:00,2026-08-13T17:00,29.27,28.15,30.38,27.6,32.39,14.7,793.7
2026-08-13,38,18,2026-08,2026-08-13T18:30,2026-08-13T17:30,2026-08-13T17:30,30.44,29.24,31.63,24.3,33.22,22.9,885.3
2026-08-13,39,19,2026-08,2026-08-13T19:00,2026-08-13T18:00,2026-08-13T18:00,25.95,24.84,27.07,26.7,29.33,23.2,595.5
2026-08-13,40,19,2026-08,2026-08-13T19:30,2026-08-13T18:30,2026-08-13T18:30,24.97,23.87,26.07,22.6,27.53,19.0,485.9
2026-08-13,41,20,2026-08,2026-08-13T20:00,2026-08-13T19:00,2026-08-13T19:00,25.46,24.43,26.5,34.7,28.43,16.6,626.6
2026-08-13,42,20,2026-08,2026-08-13T20:30,2026-08-13T19:30,2026-08-13T19:30,18.64,18.38,18.9,32.3,20.45,24.5,602.2
2026-08-13,43,21,2026-08,2026-08-13T21:00,2026-08-13T20:00,2026-08-13T20:00,20.71,20.17,21.26,31.1,22.88,10.5,704.9
2026-08-13,44,21,2026-08,2026-08-13T21:30,2026-08-13T20:30,2026-08-13T20:30,21.36,20.86,21.86,37.1,22.85,21.3,588.1
2026-08-13,45,22,2026-08,2026-08-13T22:00,2026-08-13T21:00,2026-08-13T21:00,17.88,16.78,18.97,10.8,20.68,25.3,731.8
2026-08-13,46,22,2026-08,2026-08-13T22:30,2026-08-13T21:30,2026-08-13T21:30,17.33,16.18,18.49,15.5,20.26,20.9,836.9
2026-08-13,47,23,2026-08,2026-08-13T23:00,2026-08-13T22:00,2026-08-13T22:00,18.47,18.15,18.8,20.4,20.24,29.4,692.7
2026-08-13,48,23,2026-08,2026-08-13T23:30,2026-08-13T22:30,2026-08-13T22:30,18.28,17.67,18.88,29.0,20.19,15.2,420.5
2026-08-14,1,0,2026-08,2026-08-14T00:00,2026-08-13T23:00,2026-08-13T23:00,24.42,23.82,25.02,35.1,27.03,23.1,338.4
2026-08-14,2,0,2026-08,2026-08-14T00:30,2026-08-13T23:30,2026-08-13T23:30,21.71,20.71,22.7,16.1,24.95,16.9,465.2
2026-08-14,3,1,2026-08,2026-08-14T01:00,2026-08-14T00:00,2026-08-14T00:00,15.92,14.99,16.84,19.0,17.75,39.7,563.2
2026-08-14,4,1,2026-08,2026-08-14T01:30,2026-08-14T00:30,2026-08-14T00:30,21.32,20.63,22.01,16.0,23.15,16.3,575.3
2026-08-14,5,2,2026-08,2026-08-14T02:00,2026-08-14T01:00,2026-08-14T01:00,23.33,22.26,24.39,32.9,25.59,28.3,531.3
2026-08-14,6,2,2026-08,2026-08-14T02:30,2026-08-14T01:30,2026-08-14T01:30,17.3,16.99,17.61,9.0,18.52,15.9,380.3
2026-08-14,7,3,2026-08,2026-08-14T03:00,2026-08-14T02:00,2026-08-14T02:00,17.15,16.52,17.79,30.4,19.2,29.7,250.4
2026-08-14,8,3,2026-08,2026-08-14T03:30,2026-08-14T02:30,2026-08-14T02:30,23.07,22.33,23.8,37.6,25.34,17.7,331.4
2026-08-14,9,4,2026-08,2026-08-14T04:00,2026-08-14T03:00,2026-08-14T03:00,25.2,23.96,26.44,34.5,27.81,15.5,767.2
2026-08-14,10,4,2026-08,2026-08-14T04:30,2026-08-14T03:30,2026-08-14T03:30,15.0,14.68,15.31,9.8,16.26,37.0,314.9
2026-08-14,11,5,2026-08,2026-08-14T05:00,2026-08-14T04:00,2026-08-14T04:00,20.12,19.5,20.75,28.4,22.75,18.0,336.7
2026-08-14,12,5,2026-08,2026-08-14T05:30,2026-08-14T04:30,2026-08-14T04:30,23.33,22.1,24.55,32.6,26.96,14.8,505.9
2026-08-14,13,6,2026-08,2026-08-14T06:00,2026-08-14T05:00,2026-08-14T05:00,20.64,19.53,21.75,31.4,23.86,29.2,873.0
2026-08-14,14,6,2026-08,2026-08-14T06:30,2026-08-14T05:30,2026-08-14T05:30,17.44,17.27,17.6,25.5,19.35,27.0,678.1
2026-08-14,15,7,2026-08,2026-08-14T07:00,2026-08-14T06:00,2026-08-14T06:00,17.94,16.88,19.0,18.0,19.95,18.7,423.8
2026-08-14,16,7,2026-08,2026-08-14T07:30,2026-08-14T06:30,2026-08-14T06:30,18.12,17.89,18.34,38.5,20.15,38.8,509.4
2026-08-14,17,8,2026-08,2026-08-14T08:00,2026-08-14T07:00,2026-08-14T07:00,21.64,21.35,21.93,10.1,23.62,33.7,555.3
2026-08-14,18,8,2026-08,2026-08-14T08:30,2026-08-14T07:30,2026-08-14T07:30,23.1,22.76,23.44,8.1,24.38,22.1,461.0
2026-08-14,19,9,2026-08,2026-08-14T09:00,2026-08-14T08:00,2026-08-14T08:00,21.27,20.28,22.26,38.3,23.63,23.1,381.4
2026-08-14,20,9,2026-08,2026-08-14T09:30,2026-08-14T08:30,2026-08-14T08:30,22.84,21.65,24.03,37.7,25.37,26.1,264.2
2026-08-14,21,10,2026-08,2026-08-14T10:00,2026-08-14T09:00,2026-08-14T09:00,25.02,24.46,25.58,37.9,27.27,27.3,366.0
2026-08-14,22,10,2026-08,2026-08-14T10:30,2026-08-14T09:30,2026-08-14T09:30,17.42,16.77,18.08,34.3,19.09,39.9,881.5
2026-08-14,23,11,2026-08,2026-08-14T11:00,2026-08-14T10:00,2026-08-14T10:00,21.68,20.47,22.9,18.3,24.02,25.4,493.3
2026-08-14,24,11,2026-08,2026-08-14T11:30,2026-08-14T10:30,2026-08-14T10:30,19.75,19.05,20.45,12.7,21.56,22.6,779.6
2026-08-14,25,12,2026-08,2026-08-14T12:00,2026-08-14T11:00,2026-08-14T11:00,22.92,22.07,23.78,8.7,24.89,24.0,704.9
2026-08-14,26,12,2026-08,2026-08-14T12:30,2026-08-14T11:30,2026-08-14T11:30,28.36,27.14,29.57,24.6,31.66,24.3,851.9
2026-08-14,27,13,2026-08,2026-08-14T13:00,2026-08-14T12:00,2026-08-14T12:00,24.37,23.42,25.33,11.1,26.37,15.0,469.7
2026-08-14,28,13,2026-08,2026-08-14T13:30,2026-08-14T12:30,2026-08-14T12:30,32.93,32.27,33.58,10.0,35.74,17.6,859.7
2026-08-14,29,14,2026-08,2026-08-14T14:00,2026-08-14T13:00,2026-08-14T13:00,30.62,29.67,31.58,21.1,32.88,34.4,300.0
2026-08-14,30,14,2026-08,2026-08-14T14:30,2026-08-14T13:30,2026-08-14T13:30,33.7,32.47,34.93,16.8,38.37,40.0,844.4
2026-08-14,31,15,2026-08,2026-08-14T15:00,2026-08-14T14:00,2026-08-14T14:00,32.71,31.88,33.55,27.2,35.31,39.0,338.2
2026-08-14,32,15,2026-08,2026-08-14T15:30,2026-08-14T14:30,2026-08-14T14:30,39.33,38.18,40.48,19.9,43.64,31.8,351.5
2026-08-14,33,16,2026-08,2026-08-14T16:00,2026-08-14T15:00,2026-08-14T15:00,35.41,34.36,36.46,28.6,39.64,23.0,602.7
2026-08-14,34,16,2026-08,2026-08-14T16:30,2026-08-14T15:30,2026-08-14T15:30,34.75,33.56,35.93,18.7,39.05,29.4,777.2
2026-08-14,35,17,2026-08,2026-08-14T17:00,2026-08-14T16:00,2026-08-14T16:00,34.8,33.91,35.69,21.0,37.8,13.1,305.9
2026-08-14,36,17,2026-08,2026-08-14T17:30,2026-08-14T16:30,2026-08-14T16:30,38.18,37.89,38.48,16.9,40.23,36.9,669.0
2026-08-14,37,18,2026-08,2026-08-14T18:00,2026-08-14T17:00,2026-08-14T17:00,35.38,34.6,36.17,17.9,39.57,34.9,319.2
2026-08-14,38,18,2026-08,2026-08-14T18:30,2026-08-14T17:30,2026-08-14T17:30,31.92,30.99,32.85,18.2,35.61,10.1,490.0
2026-08-14,39,19,2026-08,2026-08-14T19:00,2026-08-14T18:00,2026-08-14T18:00,31.22,30.83,31.61,31.3,33.05,25.1,810.7
2026-08-14,40,19,2026-08,2026-08-14T19:30,2026-08-14T18:30,2026-08-14T18:30,32.53,32.26,32.81,23.4,35.81,37.0,387.1
2026-08-14,41,20,2026-08,2026-08-14T20:00,2026-08-14T19:00,2026-08-14T19:00,31.01,30.34,31.69,36.0,34.73,32.0,540.5
2026-08-14,42,20,2026-08,2026-08-14T20:30,2026-08-14T19:30,2026-08-14T19:30,26.68,25.75,27.62,20.6,29.65,28.9,372.9
2026-08-14,43,21,2026-08,2026-08-14T21:00,2026-08-14T20:00,2026-08-14T20:00,27.67,26.89,28.46,15.6,30.07,24.4,584.9
2026-08-14,44,21,2026-08,2026-08-14T21:30,2026-08-14T20:30,2026-08-14T20:30,24.71,24.5,24.92,40.0,26.37,22.6,693.0
2026-08-14,45,22,2026-08,2026-08-14T22:00,2026-08-14T21:00,2026-08-14T21:00,21.11,20.22,22.0,15.1,23.49,32.4,285.8
2026-08-14,46,22,2026-08,2026-08-14T22:30,2026-08-14T21:30,2026-08-14T21:30,21.48,20.31,22.65,27.4,24.38,11.8,572.1
2026-08-14,47,23,2026-08,2026-08-14T23:00,2026-08-14T22:00,2026-08-14T22:00,21.65,20.96,22.35,24.6,23.7,38.6,494.3
2026-08-14,48,23,2026-08,2026-08-14T23:30,2026-08-14T22:30,2026-08-14T22:30,24.3,24.01,24.59,19.4,26.04,31.6,271.6
2026-08-15,1,0,2026-08,2026-08-15T00:00,2026-08-14T23:00,2026-08-14T23:00,17.27,16.38,18.17,19.9,18.93,38.0,540.6
2026-08-15,2,0,2026-08,2026-08-15T00:30,2026-08-14T23:30,2026-08-14T23:30,17.14,16.33,17.96,36.2,19.54,31.9,403.3
2026-08-15,3,1,2026-08,2026-08-15T01:00,2026-08-15T00:00,2026-08-15T00:00,16.52,15.9,17.14,37.0,18.62,37.2,410.4
2026-08-15,4,1,2026-08,2026-08-15T01:30,2026-08-15T00:30,2026-08-15T00:30,13.75,13.29,14.22,36.2,14.95,34.1,644.7
2026-08-15,5,2,2026-08,2026-08-15T02:00,2026-08-15T01:00,2026-08-15T01:00,18.13,17.15,19.1,33.8,20.34,17.4,355.6
2026-08-15,6,2,2026-08,2026-08-15T02:30,2026-08-15T01:30,2026-08-15T01:30,19.64,19.2,20.08,33.7,21.96,39.1,615.5
2026-08-15,7,3,2026-08,2026-08-15T03:00,2026-08-15T02:00,2026-08-15T02:00,14.22,13.24,15.19,30.7,16.25,23.6,507.6
2026-08-15,8,3,2026-08,2026-08-15T03:30,2026-08-15T02:30,2026-08-15T02:30,19.0,18.34,19.66,32.5,21.06,38.4,411.0
2026-08-15,9,4,2026-08,2026-08-15T04:00,2026-08-15T03:00,2026-08-15T03:00,15.59,14.65,16.52,32.9,17.78,18.6,678.1
2026-08-15,10,4,2026-08,2026-08-15T04:30,2026-08-15T03:30,2026-08-15T03:30,18.24,17.68,18.8,12.9,20.52,15.3,899.6
2026-08-15,11,5,2026-08,2026-08-15T05:00,2026-08-15T04:00,2026-08-15T04:00,16.78,16.62,16.94,33.8,17.62,10.4,549.3
2026-08-15,12,5,2026-08,2026-08-15T05:30,2026-08-15T04:30,2026-08-15T04:30,16.12,15.09,17.16,27.9,18.03,23.4,580.1
2026-08-15,13,6,2026-08,2026-08-15T06:00,2026-08-15T05:00,2026-08-15T05:00,15.66,14.79,16.54,38.4,18.09,15.7,619.4
2026-08-15,14,6,2026-08,2026-08-15T06:30,2026-08-15T05:30,2026-08-15T05:30,13.55,12.9,14.19,33.8,14.98,30.0,828.3
2026-08-15,15,7,2026-08,2026-08-15T07:00,2026-08-15T06:00,2026-08-15T06:00,16.72,16.43,17.01,39.1,18.09,20.2,883.1
2026-08-15,16,7,2026-08,2026-08-15T07:30,2026-08-15T06:30,2026-08-15T06:30,18.35,17.86,18.84,37.7,19.86,32.2,876.2
2026-08-15,17,8,2026-08,2026-08-15T08:00,2026-08-15T07:00,2026-08-15T07:00,13.92,13.55,14.28,11.2,14.97,36.5,615.5
2026-08-15,18,8,2026-08,2026-08-15T08:30,2026-08-15T07:30,2026-08-15T07:30,20.31,19.09,21.53,20.5,22.89,33.3,827.5
2026-08-15,19,9,2026-08,2026-08-15T09:00,2026-08-15T08:00,2026-08-15T08:00,19.27,18.85,19.69,25.3,21.12,11.9,298.4
2026-08-15,20,9,2026-08,2026-08-15T09:30,2026-08-15T08:30,2026-08-15T08:30,15.8,15.15,16.45,8.7,17.64,35.0,533.7
2026-08-15,21,10,2026-08,2026-08-15T10:00,2026-08-15T09:00,2026-08-15T09:00,18.55,18.08,19.02,36.9,20.02,18.5,870.3
2026-08-15,22,10,2026-08,2026-08-15T10:30,2026-08-15T09:30,2026-08-15T09:30,16.73,16.3,17.17,20.6,18.12,18.2,506.0
2026-08-15,23,11,2026-08,2026-08-15T11:00,2026-08-15T10:00,2026-08-15T10:00,15.42,14.27,16.56,32.1,17.33,28.1,413.0
2026-08-15,24,11,2026-08,2026-08-15T11:30,2026-08-15T10:30,2026-08-15T10:30,18.14,16.95,19.33,16.4,20.7,10.0,667.4
2026-08-15,25,12,2026-08,2026-08-15T12:00,2026-08-15T11:00,2026-08-15T11:00,12.76,11.54,13.98,36.6,15.29,32.7,883.7
2026-08-15,26,12,2026-08,2026-08-15T12:30,2026-08-15T11:30,2026-08-15T11:30,19.68,19.12,20.24,32.9,21.33,13.3,852.8
2026-08-15,27,13,2026-08,2026-08-15T13:00,2026-08-15T12:00,2026-08-15T12:00,19.11,18.57,19.65,20.3,21.49,22.5,602.9
2026-08-15,28,13,2026-08,2026-08-15T13:30,2026-08-15T12:30,2026-08-15T12:30,20.77,20.13,21.41,37.9,22.38,38.9,679.8
2026-08-15,29,14,2026-08,2026-08-15T14:00,2026-08-15T13:00,2026-08-15T13:00,23.43,23.16,23.71,16.0,26.05,16.2,272.3
2026-08-15,30,14,2026-08,2026-08-15T14:30,2026-08-15T13:30,2026-08-15T13:30,23.06,22.01,24.12,31.1,25.64,31.5,742.9
2026-08-15,31,15,2026-08,2026-08-15T15:00,2026-08-15T14:00,2026-08-15T14:00,25.87,25.17,26.58,28.2,29.14,37.9,519.6
2026-08-15,32,15,2026-08,2026-08-15T15:30,2026-08-15T14:30,2026-08-15T14:30,26.14,25.41,26.87,12.6,28.05,13.0,761.1
2026-08-15,33,16,2026-08,2026-08-15T16:00,2026-08-15T15:00,2026-08-15T15:00,31.03,30.2,31.87,22.0,34.71,18.6,402.2
2026-08-15,34,16,2026-08,2026-08-15T16:30,2026-08-15T15:30,2026-08-15T15:30,28.56,28.1,29.02,28.3,31.67,20.0,848.4
2026-08-15,35,17,2026-08,2026-08-15T17:00,2026-08-15T16:00,2026-08-15T16:00,24.47,24.03,24.91,12.3,26.56,30.1,791.1
2026-08-15,36,17,2026-08,2026-08-15T17:30,2026-08-15T16:30,2026-08-15T16:30,25.33,25.09,25.57,29.0,27.42,24.7,809.4
2026-08-15,37,18,2026-08,2026-08-15T18:00,2026-08-15T17:00,2026-08-15T17:00,27.15,26.37,27.93,19.3,30.36,16.1,355.1
2026-08-15,38,18,2026-08,2026-08-15T18:30,2026-08-15T17:30,2026-08-15T17:30,25.42,24.73,26.12,22.3,28.7,35.2,288.9
2026-08-15,39,19,2026-08,2026-08-15T19:00,2026-08-15T18:00,2026-08-15T18:00,24.8,23.67,25.92,16.9,28.12,35.5,368.2
2026-08-15,40,19,2026-08,2026-08-15T19:30,2026-08-15T18:30,2026-08-15T18:30,26.04,25.39,26.68,22.1,28.41,34.8,540.7
2026-08-15,41,20,2026-08,2026-08-15T20:00,2026-08-15T19:00,2026-08-15T19:00,22.99,22.4,23.58,25.1,25.92,34.9,557.4
2026-08-15,42,20,2026-08,2026-08-15T20:30,2026-08-15T19:30,2026-08-15T19:30,21.51,21.2,21.82,10.1,22.82,24.2,531.4
2026-08-15,43,21,2026-08,2026-08-15T21:00,2026-08-15T20:00,2026-08-15T20:00,17.21,16.63,17.8,23.0,19.24,36.6,403.8
2026-08-15,44,21,2026-08,2026-08-15T21:30,2026-08-15T20:30,2026-08-15T20:30,22.73,21.56,23.9,27.0,25.14,34.2,386.7
2026-08-15,45,22,2026-08,2026-08-15T22:00,2026-08-15T21:00,2026-08-15T21:00,20.92,20.15,21.68,22.9,22.63,21.2,542.2
2026-08-15,46,22,2026-08,2026-08-15T22:30,2026-08-15T21:30,2026-08-15T21:30,15.11,14.53,15.69,39.2,16.47,37.6,260.9
2026-08-15,47,23,2026-08,2026-08-15T23:00,2026-08-15T22:00,2026-08-15T22:00,22.59,21.9,23.28,11.6,25.43,14.1,534.5
2026-08-15,48,23,2026-08,2026-08-15T23:30,2026-08-15T22:30,2026-08-15T22:30,15.39,15.23,15.56,15.1,16.25,38.7,759.8
2026-08-16,1,0,2026-08,2026-08-16T00:00,2026-08-15T23:00,2026-08-15T23:00,15.66,14.56,16.77,12.0,17.76,12.3,599.9
2026-08-16,2,0,2026-08,2026-08-16T00:30,2026-08-15T23:30,2026-08-15T23:30,13.65,12.58,14.72,12.6,15.9,29.7,457.4
2026-08-16,3,1,2026-08,2026-08-16T01:00,2026-08-16T00:00,2026-08-16T00:00,12.78,11.96,13.59,38.1,14.86,39.8,537.6
2026-08-16,4,1,2026-08,2026-08-16T01:30,2026-08-16T00:30,2026-08-16T00:30,16.91,15.79,18.03,22.7,19.02,10.9,764.8
2026-08-16,5,2,2026-08,2026-08-16T02:00,2026-08-16T01:00,2026-08-16T01:00,12.32,11.19,13.46,20.6,14.04,33.6,426.2
2026-08-16,6,2,2026-08,2026-08-16T02:30,2026-08-16T01:30,2026-08-16T01:30,11.84,11.38,12.3,35.2,13.4,32.8,843.8
2026-08-16,7,3,2026-08,2026-08-16T03:00,2026-08-16T02:00,2026-08-16T02:00,15.09,14.17,16.0,10.4,17.15,34.6,845.3
2026-08-16,8,3,2026-08,2026-08-16T03:30,2026-08-16T02:30,2026-08-16T02:30,7.83,7.57,8.09,27.7,8.69,39.4,695.8
2026-08-16,9,4,2026-08,2026-08-16T04:00,2026-08-16T03:00,2026-08-16T03:00,9.91,9.02,10.8,8.3,11.5,12.9,810.8
2026-08-16,10,4,2026-08,2026-08-16T04:30,2026-08-16T03:30,2026-08-16T03:30,12.53,11.73,13.32,32.3,14.63,19.5,553.7
2026-08-16,11,5,2026-08,2026-08-16T05:00,2026-08-16T04:00,2026-08-16T04:00,12.3,11.59,13.01,36.3,13.77,10.4,442.5
2026-08-16,12,5,2026-08,2026-08-16T05:30,2026-08-16T04:30,2026-08-16T04:30,13.92,12.71,15.14,37.4,15.87,26.1,561.8
2026-08-16,13,6,2026-08,2026-08-16T06:00,2026-08-16T05:00,2026-08-16T05:00,11.09,10.68,11.51,38.7,12.37,35.2,478.6
2026-08-16,14,6,2026-08,2026-08-16T06:30,2026-08-16T05:30,2026-08-16T05:30,9.57,8.95,10.19,37.4,11.17,38.1,635.2
2026-08-16,15,7,2026-08,2026-08-16T07:00,2026-08-16T06:00,2026-08-16T06:00,13.75,12.86,14.64,19.3,15.26,28.6,788.5
2026-08-16,16,7,2026-08,2026-08-16T07:30,2026-08-16T06:30,2026-08-16T06:30,17.54,17.33,17.75,15.4,18.47,14.8,538.9
2026-08-16,17,8,2026-08,2026-08-16T08:00,2026-08-16T07:00,2026-08-16T07:00,15.33,14.71,15.95,30.1,16.94,16.2,622.2
2026-08-16,18,8,2026-08,2026-08-16T08:30,2026-08-16T07:30,2026-08-16T07:30,12.74,11.84,13.64,20.8,14.94,39.6,657.4
2026-08-16,19,9,2026-08,2026-08-16T09:00,2026-08-16T08:00,2026-08-16T08:00,8.02,7.57,8.46,25.2,9.0,36.5,713.6
2026-08-16,20,9,2026-08,2026-08-16T09:30,2026-08-16T08:30,2026-08-16T08:30,9.13,8.17,10.1,38.9,11.0,32.7,335.8
2026-08-16,21,10,2026-08,2026-08-16T10:00,2026-08-16T09:00,2026-08-16T09:00,12.19,11.73,12.64,30.8,13.26,24.3,466.5
2026-08-16,22,10,2026-08,2026-08-16T10:30,2026-08-16T09:30,2026-08-16T09:30,16.15,15.15,17.15,11.2,18.36,25.3,355.9
2026-08-16,23,11,2026-08,2026-08-16T11:00,2026-08-16T10:00,2026-08-16T10:00,17.04,16.29,17.78,35.6,18.82,15.4,631.3
2026-08-16,24,11,2026-08,2026-08-16T11:30,2026-08-16T10:30,2026-08-16T10:30,13.18,12.77,13.59,25.2,14.83,29.6,260.4
2026-08-16,25,12,2026-08,2026-08-16T12:00,2026-08-16T11:00,2026-08-16T11:00,11.42,10.49,12.35,8.6,13.27,32.6,765.1
2026-08-16,26,12,2026-08,2026-08-16T12:30,2026-08-16T11:30,2026-08-16T11:30,17.88,17.59,18.18,24.0,19.64,35.2,263.4
2026-08-16,27,13,2026-08,2026-08-16T13:00,2026-08-16T12:00,2026-08-16T12:00,16.88,15.99,17.76,25.9,19.0,31.3,568.0
2026-08-16,28,13,2026-08,2026-08-16T13:30,2026-08-16T12:30,2026-08-16T12:30,18.84,18.14,19.53,34.6,21.29,16.3,586.9
2026-08-16,29,14,2026-08,2026-08-16T14:00,2026-08-16T13:00,2026-08-16T13:00,21.09,20.27,21.91,22.5,24.02,39.2,676.3
2026-08-16,30,14,2026-08,2026-08-16T14:30,2026-08-16T13:30,2026-08-16T13:30,17.54,16.37,18.71,27.2,20.47,33.7,752.3
2026-08-16,31,15,2026-08,2026-08-16T15:00,2026-08-16T14:00,2026-08-16T14:00,24.64,23.93,25.34,16.4,27.03,31.4,831.8
2026-08-16,32,15,2026-08,2026-08-16T15:30,2026-08-16T14:30,2026-08-16T14:30,21.38,20.2,22.55,24.2,24.13,27.1,698.1
2026-08-16,33,16,2026-08,2026-08-16T16:00,2026-08-16T15:00,2026-08-16T15:00,21.06,20.11,22.0,27.1,23.21,35.2,731.5
2026-08-16,34,16,2026-08,2026-08-16T16:30,2026-08-16T15:30,2026-08-16T15:30,20.43,19.33,21.52,36.5,22.69,21.2,854.3
2026-08-16,35,17,2026-08,2026-08-16T17:00,2026-08-16T16:00,2026-08-16T16:00,22.99,22.3,23.69,27.1,25.45,31.2,398.0
2026-08-16,36,17,2026-08,2026-08-16T17:30,2026-08-16T16:30,2026-08-16T16:30,24.28,23.9,24.66,14.5,26.62,32.8,576.2
2026-08-16,37,18,2026-08,2026-08-16T18:00,2026-08-16T17:00,2026-08-16T17:00,23.29,23.12,23.46,17.1,25.69,23.3,470.5
2026-08-16,38,18,2026-08,2026-08-16T18:30,2026-08-16T17:30,2026-08-16T17:30,21.78,21.58,21.97,30.3,23.99,29.9,695.4
2026-08-16,39,19,2026-08,2026-08-16T19:00,2026-08-16T18:00,2026-08-16T18:00,17.62,17.29,17.96,30.2,18.76,10.1,770.1
2026-08-16,40,19,2026-08,2026-08-16T19:30,2026-08-16T18:30,2026-08-16T18:30,22.27,21.77,22.77,19.4,24.84,36.1,706.8
2026-08-16,41,20,2026-08,2026-08-16T20:00,2026-08-16T19:00,2026-08-16T19:00,16.91,16.68,17.15,31.0,18.48,14.6,830.8
2026-08-16,42,20,2026-08,2026-08-16T20:30,2026-08-16T19:30,2026-08-16T19:30,17.72,17.13,18.31,28.6,19.07,12.8,322.5
2026-08-16,43,21,2026-08,2026-08-16T21:00,2026-08-16T20:00,2026-08-16T20:00,12.77,12.32,13.22,11.0,13.86,32.4,367.5
2026-08-16,44,21,2026-08,2026-08-16T21:30,2026-08-16T20:30,2026-08-16T20:30,16.87,16.05,17.69,24.2,18.59,20.8,368.9
2026-08-16,45,22,2026-08,2026-08-16T22:00,2026-08-16T21:00,2026-08-16T21:00,13.94,12.73,15.15,18.0,16.59,35.8,672.1
2026-08-16,46,22,2026-08,2026-08-16T22:30,2026-08-16T21:30,2026-08-16T21:30,14.95,14.79,15.11,14.4,16.02,35.5,691.9
2026-08-16,47,23,2026-08,2026-08-16T23:00,2026-08-16T22:00,2026-08-16T22:00,16.05,15.14,16.95,26.0,17.78,12.8,468.4
2026-08-16,48,23,2026-08,2026-08-16T23:30,2026-08-16T22:30,2026-08-16T22:30,14.56,13.7,15.42,36.0,16.04,29.5,388.8
2026-08-17,1,0,2026-08,2026-08-17T00:00,2026-08-16T23:00,2026-08-16T23:00,14.85,14.69,15.01,31.4,16.1,38.7,464.7
2026-08-17,2,0,2026-08,2026-08-17T00:30,2026-08-16T23:30,2026-08-16T23:30,15.62,14.92,16.32,17.3,16.97,11.5,696.0
2026-08-17,3,1,2026-08,2026-08-17T01:00,2026-08-17T00:00,2026-08-17T00:00,17.65,17.29,18.01,20.2,19.03,17.5,446.1
2026-08-17,4,1,2026-08,2026-08-17T01:30,2026-08-17T00:30,2026-08-17T00:30,16.45,15.96,16.95,8.4,18.29,20.0,870.0
2026-08-17,5,2,2026-08,2026-08-17T02:00,2026-08-17T01:00,2026-08-17T01:00,20.3,19.33,21.28,21.3,23.34,31.8,332.3
2026-08-17,6,2,2026-08,2026-08-17T02:30,2026-08-17T01:30,2026-08-17T01:30,9.44,8.32,10.57,37.5,11.55,35.1,644.7
2026-08-17,7,3,2026-08,2026-08-17T03:00,2026-08-17T02:00,2026-08-17T02:00,15.62,15.21,16.03,37.5,16.73,19.6,586.0
2026-08-17,8,3,2026-08,2026-08-17T03:30,2026-08-17T02:30,2026-08-17T02:30,11.41,11.05,11.78,8.5,12.62,29.9,591.2
2026-08-17,9,4,2026-08,2026-08-17T04:00,2026-08-17T03:00,2026-08-17T03:00,11.65,10.45,12.85,20.0,13.39,26.1,806.3
2026-08-17,10,4,2026-08,2026-08-17T04:30,2026-08-17T03:30,2026-08-17T03:30,15.09,14.26,15.92,27.0,16.84,32.5,376.8
2026-08-17,11,5,2026-08,2026-08-17T05:00,2026-08-17T04:00,2026-08-17T04:00,17.89,16.75,19.03,12.8,20.61,39.0,464.5
2026-08-17,12,5,2026-08,2026-08-17T05:30,2026-08-17T04:30,2026-08-17T04:30,16.82,16.53,17.11,11.2,17.82,24.3,818.8
2026-08-17,13,6,2026-08,2026-08-17T06:00,2026-08-17T05:00,2026-08-17T05:00,12.42,11.48,13.37,39.4,14.59,32.3,266.6
2026-08-17,14,6,2026-08,2026-08-17T06:30,2026-08-17T05:30,2026-08-17T05:30,15.26,14.69,15.83,25.1,16.64,10.9,251.4
2026-08-17,15,7,2026-08,2026-08-17T07:00,2026-08-17T06:00,2026-08-17T06:00,11.51,10.89,12.14,33.7,12.75,31.2,721.9
2026-08-17,16,7,2026-08,2026-08-17T07:30,2026-08-17T06:30,2026-08-17T06:30,16.69,15.56,17.81,28.2,19.12,36.3,630.4
2026-08-17,17,8,2026-08,2026-08-17T08:00,2026-08-17T07:00,2026-08-17T07:00,17.62,17.18,18.05,16.9,18.97,38.9,563.8
2026-08-17,18,8,2026-08,2026-08-17T08:30,2026-08-17T07:30,2026-08-17T07:30,13.57,13.22,13.91,20.9,14.65,17.8,728.5
2026-08-17,19,9,2026-08,2026-08-17T09:00,2026-08-17T08:00,2026-08-17T08:00,14.46,13.73,15.18,15.3,16.65,31.9,897.4
2026-08-17,20,9,2026-08,2026-08-17T09:30,2026-08-17T08:30,2026-08-17T08:30,19.24,18.1,20.38,28.5,22.13,21.7,545.9
2026-08-17,21,10,2026-08,2026-08-17T10:00,2026-08-17T09:00,2026-08-17T09:00,17.51,16.29,18.73,25.3,19.58,39.5,784.7
2026-08-17,22,10,2026-08,2026-08-17T10:30,2026-08-17T09:30,2026-08-17T09:30,16.12,15.53,16.72,27.8,17.4,12.3,855.9
2026-08-17,23,11,2026-08,2026-08-17T11:00,2026-08-17T10:00,2026-08-17T10:00,19.36,19.07,19.64,23.7,21.34,36.8,668.5
2026-08-17,24,11,2026-08,2026-08-17T11:30,2026-08-17T10:30,2026-08-17T10:30,17.12,16.93,17.32,18.3,18.98,28.9,679.9
2026-08-17,25,12,2026-08,2026-08-17T12:00,2026-08-17T11:00,2026-08-17T11:00,18.04,17.02,19.06,10.8,19.9,22.4,492.6
2026-08-17,26,12,2026-08,2026-08-17T12:30,2026-08-17T11:30,2026-08-17T11:30,18.92,18.37,19.47,17.6,20.51,35.1,283.4
2026-08-17,27,13,2026-08,2026-08-17T13:00,2026-08-17T12:00,2026-08-17T12:00,19.22,18.75,19.68,24.4,20.66,40.0,323.8
2026-08-17,28,13,2026-08,2026-08-17T13:30,2026-08-17T12:30,2026-08-17T12:30,19.85,19.13,20.58,37.5,21.64,26.0,703.9
2026-08-17,29,14,2026-08,2026-08-17T14:00,2026-08-17T13:00,2026-08-17T13:00,20.69,19.47,21.91,35.0,23.44,36.3,281.1
2026-08-17,30,14,2026-08,2026-08-17T14:30,2026-08-17T13:30,2026-08-17T13:30,25.7,24.82,26.59,15.6,28.22,34.9,694.1
2026-08-17,31,15,2026-08,2026-08-17T15:00,2026-08-17T14:00,2026-08-17T14:00,22.01,21.14,22.88,39.2,24.49,25.2,509.9
2026-08-17,32,15,2026-08,2026-08-17T15:30,2026-08-17T14:30,2026-08-17T14:30,18.44,17.65,19.22,14.6,20.27,21.0,888.8
2026-08-17,33,16,2026-08,2026-08-17T16:00,2026-08-17T15:00,2026-08-17T15:00,25.33,24.87,25.79,29.2,28.16,31.0,379.5
2026-08-17,34,16,2026-08,2026-08-17T16:30,2026-08-17T15:30,2026-08-17T15:30,26.58,26.11,27.04,38.4,28.27,38.9,366.9
2026-08-17,35,17,2026-08,2026-08-17T17:00,2026-08-17T16:00,2026-08-17T16:00,22.66,21.62,23.71,34.4,25.47,21.2,818.7
2026-08-17,36,17,2026-08,2026-08-17T17:30,2026-08-17T16:30,2026-08-17T16:30,27.31,26.97,27.64,26.5,30.11,11.4,310.5
2026-08-17,37,18,2026-08,2026-08-17T18:00,2026-08-17T17:00,2026-08-17T17:00,27.81,26.65,28.97,8.2,30.22,17.0,527.8
2026-08-17,38,18,2026-08,2026-08-17T18:30,2026-08-17T17:30,2026-08-17T17:30,23.43,23.22,23.64,14.2,25.62,21.8,453.5
2026-08-17,39,19,2026-08,2026-08-17T19:00,2026-08-17T18:00,2026-08-17T18:00,26.1,25.69,26.51,36.7,28.56,26.9,638.7
2026-08-17,40,19,2026-08,2026-08-17T19:30,2026-08-17T18:30,2026-08-17T18:30,22.12,21.57,22.67,30.4,24.62,11.5,885.6
2026-08-17,41,20,2026-08,2026-08-17T20:00,2026-08-17T19:00,2026-08-17T19:00,19.91,19.72,20.11,28.8,21.82,31.7,528.3
2026-08-17,42,20,2026-08,2026-08-17T20:30,2026-08-17T19:30,2026-08-17T19:30,20.3,19.18,21.42,14.1,23.07,24.8,540.9
2026-08-17,43,21,2026-08,2026-08-17T21:00,2026-08-17T20:00,2026-08-17T20:00,16.17,15.8,16.55,11.5,17.56,11.8,505.6
2026-08-17,44,21,2026-08,2026-08-17T21:30,2026-08-17T20:30,2026-08-17T20:30,16.9,15.81,17.99,12.4,19.04,18.9,800.5
2026-08-17,45,22,2026-08,2026-08-17T22:00,2026-08-17T21:00,2026-08-17T21:00,16.75,16.32,17.17,15.8,18.15,32.2,622.3
2026-08-17,46,22,2026-08,2026-08-17T22:30,2026-08-17T21:30,2026-08-17T21:30,17.46,17.01,17.91,30.5,18.7,36.3,876.2
2026-08-17,47,23,2026-08,2026-08-17T23:00,2026-08-17T22:00,2026-08-17T22:00,16.45,15.67,17.24,37.2,18.07,10.6,280.9
2026-08-17,48,23,2026-08,2026-08-17T23:30,2026-08-17T22:30,2026-08-17T22:30,16.48,15.82,17.14,23.9,18.56,39.4,364.0
2026-08-18,1,0,2026-08,2026-08-18T00:00,2026-08-17T23:00,2026-08-17T23:00,13.57,13.13,14.0,31.2,14.76,17.0,431.8
2026-08-18,2,0,2026-08,2026-08-18T00:30,2026-08-17T23:30,2026-08-17T23:30,16.6,15.5,17.7,8.4,18.41,27.9,637.9
2026-08-18,3,1,2026-08,2026-08-18T01:00,2026-08-18T00:00,2026-08-18T00:00,18.11,17.45,18.77,37.4,19.77,15.2,352.2
2026-08-18,4,1,2026-08,2026-08-18T01:30,2026-08-18T00:30,2026-08-18T00:30,13.73,13.01,14.44,10.2,15.59,36.1,597.1
2026-08-18,5,2,2026-08,2026-08-18T02:00,2026-08-18T01:00,2026-08-18T01:00,20.06,18.96,21.17,15.6,22.31,28.3,470.4
2026-08-18,6,2,2026-08,2026-08-18T02:30,2026-08-18T01:30,2026-08-18T01:30,16.85,16.63,17.07,35.1,18.75,25.9,807.1
2026-08-18,7,3,2026-08,2026-08-18T03:00,2026-08-18T02:00,2026-08-18T02:00,17.35,16.9,17.81,20.6,19.15,18.6,461.0
2026-08-18,8,3,2026-08,2026-08-18T03:30,2026-08-18T02:30,2026-08-18T02:30,19.05,17.98,20.12,16.9,21.0,13.1,708.8
2026-08-18,9,4,2026-08,2026-08-18T04:00,2026-08-18T03:00,2026-08-18T03:00,16.64,16.24,17.05,22.4,18.26,20.8,645.4
2026-08-18,10,4,2026-08,2026-08-18T04:30,2026-08-18T03:30,2026-08-18T03:30,13.81,13.19,14.43,27.6,15.24,29.5,699.8
2026-08-18,11,5,2026-08,2026-08-18T05:00,2026-08-18T04:00,2026-08-18T04:00,19.41,19.26,19.56,19.7,20.88,19.4,657.1
2026-08-18,12,5,2026-08,2026-08-18T05:30,2026-08-18T04:30,2026-08-18T04:30,17.95,17.24,18.67,9.5,19.88,38.6,804.9
2026-08-18,13,6,2026-08,2026-08-18T06:00,2026-08-18T05:00,2026-08-18T05:00,13.63,12.92,14.34,19.2,15.32,33.9,815.0
2026-08-18,14,6,2026-08,2026-08-18T06:30,2026-08-18T05:30,2026-08-18T05:30,14.58,13.98,15.19,27.5,16.06,13.8,575.9
2026-08-18,15,7,2026-08,2026-08-18T07:00,2026-08-18T06:00,2026-08-18T06:00,17.67,16.71,18.62,18.0,19.86,33.2,588.3
2026-08-18,16,7,2026-08,2026-08-18T07:30,2026-08-18T06:30,2026-08-18T06:30,17.08,15.93,18.24,32.6,19.05,32.4,704.2
2026-08-18,17,8,2026-08,2026-08-18T08:00,2026-08-18T07:00,2026-08-18T07:00,16.53,16.25,16.8,29.2,17.71,39.6,653.6
2026-08-18,18,8,2026-08,2026-08-18T08:30,2026-08-18T07:30,2026-08-18T07:30,11.03,9.85,12.2,15.0,12.84,34.0,335.7
2026-08-18,19,9,2026-08,2026-08-18T09:00,2026-08-18T08:00,2026-08-18T08:00,18.08,17.11,19.06,18.7,20.2,10.1,625.7
2026-08-18,20,9,2026-08,2026-08-18T09:30,2026-08-18T08:30,2026-08-18T08:30,18.45,17.23,19.67,21.1,21.27,28.2,803.8
2026-08-18,21,10,2026-08,2026-08-18T10:00,2026-08-18T09:00,2026-08-18T09:00,16.31,15.14,17.48,15.4,18.22,29.0,648.0
2026-08-18,22,10,2026-08,2026-08-18T10:30,2026-08-18T09:30,2026-08-18T09:30,22.01,21.77,22.25,19.1,24.26,10.0,488.8
2026-08-18,23,11,2026-08,2026-08-18T11:00,2026-08-18T10:00,2026-08-18T10:00,17.56,16.84,18.28,18.8,19.57,27.7,563.8
2026-08-18,24,11,2026-08,2026-08-18T11:30,2026-08-18T10:30,2026-08-18T10:30,15.5,15.11,15.89,16.8,16.53,11.8,442.5
2026-08-18,25,12,2026-08,2026-08-18T12:00,2026-08-18T11:00,2026-08-18T11:00,14.56,13.81,15.3,37.3,16.32,36.3,440.0
2026-08-18,26,12,2026-08,2026-08-18T12:30,2026-08-18T11:30,2026-08-18T11:30,18.14,16.89,19.38,22.9,20.64,12.1,631.3
2026-08-18,27,13,2026-08,2026-08-18T13:00,2026-08-18T12:00,2026-08-18T12:00,22.08,21.16,23.01,21.2,24.96,21.9,525.3
2026-08-18,28,13,2026-08,2026-08-18T13:30,2026-08-18T12:30,2026-08-18T12:30,24.45,23.36,25.55,22.9,27.93,11.5,575.5
2026-08-18,29,14,2026-08,2026-08-18T14:00,2026-08-18T13:00,2026-08-18T13:00,20.42,19.24,21.6,10.2,23.24,17.6,742.9
2026-08-18,30,14,2026-08,2026-08-18T14:30,2026-08-18T13:30,2026-08-18T13:30,27.7,26.97,28.44,14.6,29.61,25.3,396.1
2026-08-18,31,15,2026-08,2026-08-18T15:00,2026-08-18T14:00,2026-08-18T14:00,31.14,30.19,32.09,13.5,33.59,21.4,785.6
2026-08-18,32,15,2026-08,2026-08-18T15:30,2026-08-18T14:30,2026-08-18T14:30,27.79,27.01,28.56,33.4,30.68,17.7,593.2
2026-08-18,33,16,2026-08,2026-08-18T16:00,2026-08-18T15:00,2026-08-18T15:00,30.57,30.28,30.86,9.0,33.18,13.9,285.1
2026-08-18,34,16,2026-08,2026-08-18T16:30,2026-08-18T15:30,2026-08-18T15:30,30.62,30.21,31.02,37.9,33.53,37.6,697.0
2026-08-18,35,17,2026-08,2026-08-18T17:00,2026-08-18T16:00,2026-08-18T16:00,24.85,23.84,25.85,36.8,28.05,10.3,315.7
2026-08-18,36,17,2026-08,2026-08-18T17:30,2026-08-18T16:30,2026-08-18T16:30,30.23,29.04,31.42,25.3,33.85,24.7,895.9
2026-08-18,37,18,2026-08,2026-08-18T18:00,2026-08-18T17:00,2026-08-18T17:00,29.75,28.55,30.95,11.4,32.35,26.1,577.8
2026-08-18,38,18,2026-08,2026-08-18T18:30,2026-08-18T17:30,2026-08-18T17:30,31.59,30.95,32.24,20.7,33.86,31.7,381.6
2026-08-18,39,19,2026-08,2026-08-18T19:00,2026-08-18T18:00,2026-08-18T18:00,30.48,30.07,30.88,13.9,33.6,12.8,384.3
2026-08-18,40,19,2026-08,2026-08-18T19:30,2026-08-18T18:30,2026-08-18T18:30,29.94,28.95,30.92,14.1,33.11,31.9,556.8
2026-08-18,41,20,2026-08,2026-08-18T20:00,2026-08-18T19:00,2026-08-18T19:00,23.63,22.54,24.72,18.2,25.83,26.0,434.4
2026-08-18,42,20,2026-08,2026-08-18T20:30,2026-08-18T19:30,2026-08-18T19:30,22.62,22.39,22.84,12.5,24.32,13.2,727.7
2026-08-18,43,21,2026-08,2026-08-18T21:00,2026-08-18T20:00,2026-08-18T20:00,17.9,17.34,18.46,23.2,20.13,37.7,587.9
2026-08-18,44,21,2026-08,2026-08-18T21:30,2026-08-18T20:30,2026-08-18T20:30,20.9,19.7,22.1,32.5,23.07,21.5,727.9
2026-08-18,45,22,2026-08,2026-08-18T22:00,2026-08-18T21:00,2026-08-18T21:00,15.97,15.44,16.49,12.8,17.17,20.7,540.0
2026-08-18,46,22,2026-08,2026-08-18T22:30,2026-08-18T21:30,2026-08-18T21:30,20.06,19.52,20.61,35.6,21.87,19.4,293.8
2026-08-18,47,23,2026-08,2026-08-18T23:00,2026-08-18T22:00,2026-08-18T22:00,16.81,15.82,17.8,25.1,19.17,31.9,501.6
2026-08-18,48,23,2026-08,2026-08-18T23:30,2026-08-18T22:30,2026-08-18T22:30,23.05,22.57,23.52,26.2,25.27,16.5,857.3
2026-08-19,1,0,2026-08,2026-08-19T00:00,2026-08-18T23:00,2026-08-18T23:00,14.41,14.1,14.71,35.4,15.97,23.7,594.7
2026-08-19,2,0,2026-08,2026-08-19T00:30,2026-08-18T23:30,2026-08-18T23:30,15.57,15.24,15.91,25.6,17.11,29.6,499.5
2026-08-19,3,1,2026-08,2026-08-19T01:00,2026-08-19T00:00,2026-08-19T00:00,13.96,13.68,14.23,23.1,15.46,34.6,318.6
2026-08-19,4,1,2026-08,2026-08-19T01:30,2026-08-19T00:30,2026-08-19T00:30,11.4,10.67,12.12,17.1,13.06,32.7,435.9
2026-08-19,5,2,2026-08,2026-08-19T02:00,2026-08-19T01:00,2026-08-19T01:00,12.34,11.62,13.06,27.7,14.04,25.6,838.1
2026-08-19,6,2,2026-08,2026-08-19T02:30,2026-08-19T01:30,2026-08-19T01:30,15.15,14.72,15.57,27.3,16.63,21.4,416.0
2026-08-19,7,3,2026-08,2026-08-19T03:00,2026-08-19T02:00,2026-08-19T02:00,14.09,12.98,15.19,20.2,15.88,21.5,683.2
2026-08-19,8,3,2026-08,2026-08-19T03:30,2026-08-19T02:30,2026-08-19T02:30,12.05,11.34,12.76,29.3,13.6,24.1,656.1
2026-08-19,9,4,2026-08,2026-08-19T04:00,2026-08-19T03:00,2026-08-19T03:00,14.65,13.49,15.81,10.2,16.74,15.9,360.4
2026-08-19,10,4,2026-08,2026-08-19T04:30,2026-08-19T03:30,2026-08-19T03:30,14.66,14.31,15.02,17.8,16.38,26.3,822.2
2026-08-19,11,5,2026-08,2026-08-19T05:00,2026-08-19T04:00,2026-08-19T04:00,10.29,9.91,10.66,39.8,11.31,36.3,468.4
2026-08-19,12,5,2026-08,2026-08-19T05:30,2026-08-19T04:30,2026-08-19T04:30,15.98,15.6,16.35,22.8,17.59,11.0,862.7
2026-08-19,13,6,2026-08,2026-08-19T06:00,2026-08-19T05:00,2026-08-19T05:00,14.62,13.63,15.61,38.6,16.55,12.2,677.3
2026-08-19,14,6,2026-08,2026-08-19T06:30,2026-08-19T05:30,2026-08-19T05:30,9.94,9.19,10.68,14.3,11.71,29.3,424.7
2026-08-19,15,7,2026-08,2026-08-19T07:00,2026-08-19T06:00,2026-08-19T06:00,16.03,14.84,17.22,30.3,18.86,20.9,309.9
2026-08-19,16,7,2026-08,2026-08-19T07:30,2026-08-19T06:30,2026-08-19T06:30,15.06,14.33,15.8,24.6,17.14,17.2,682.6
2026-08-19,17,8,2026-08,2026-08-19T08:00,2026-08-19T07:00,2026-08-19T07:00,11.44,10.31,12.57,31.9,13.64,15.0,624.6
2026-08-19,18,8,2026-08,2026-08-19T08:30,2026-08-19T07:30,2026-08-19T07:30,14.55,13.98,15.11,12.2,16.03,34.5,334.2
2026-08-19,19,9,2026-08,2026-08-19T09:00,2026-08-19T08:00,2026-08-19T08:00,16.83,16.46,17.21,22.2,17.95,28.9,516.9
2026-08-19,20,9,2026-08,2026-08-19T09:30,2026-08-19T08:30,2026-08-19T08:30,14.69,13.63,15.75,8.5,17.19,32.9,748.9
2026-08-19,21,10,2026-08,2026-08-19T10:00,2026-08-19T09:00,2026-08-19T09:00,15.36,14.24,16.49,10.3,17.58,19.7,297.1
2026-08-19,22,10,2026-08,2026-08-19T10:30,2026-08-19T09:30,2026-08-19T09:30,10.54,9.94,11.15,8.1,11.73,20.0,266.7
2026-08-19,23,11,2026-08,2026-08-19T11:00,2026-08-19T10:00,2026-08-19T10:00,13.03,12.72,13.34,34.6,14.5,14.1,853.0
2026-08-19,24,11,2026-08,2026-08-19T11:30,2026-08-19T10:30,2026-08-19T10:30,15.1,14.1,16.1,26.8,17.61,36.3,311.7
2026-08-19,25,12,2026-08,2026-08-19T12:00,2026-08-19T11:00,2026-08-19T11:00,12.88,12.38,13.39,16.1,14.64,15.2,298.1
2026-08-19,26,12,2026-08,2026-08-19T12:30,2026-08-19T11:30,2026-08-19T11:30,17.17,16.73,17.6,32.6,18.62,17.1,702.3
2026-08-19,27,13,2026-08,2026-08-19T13:00,2026-08-19T12:00,2026-08-19T12:00,17.96,17.0,18.92,23.7,20.21,21.5,876.8
2026-08-19,28,13,2026-08,2026-08-19T13:30,2026-08-19T12:30,2026-08-19T12:30,20.32,19.88,20.77,13.1,22.18,22.0,747.1
2026-08-19,29,14,2026-08,2026-08-19T14:00,2026-08-19T13:00,2026-08-19T13:00,19.35,18.15,20.55,18.7,21.82,24.0,284.8
2026-08-19,30,14,2026-08,2026-08-19T14:30,2026-08-19T13:30,2026-08-19T13:30,21.75,20.85,22.66,26.4,23.78,23.8,385.8
2026-08-19,31,15,2026-08,2026-08-19T15:00,2026-08-19T14:00,2026-08-19T14:00,23.73,23.28,24.18,13.4,26.42,39.4,606.7
2026-08-19,32,15,2026-08,2026-08-19T15:30,2026-08-19T14:30,2026-08-19T14:30,26.22,25.92,26.52,38.4,28.77,35.0,608.1
2026-08-19,33,16,2026-08,2026-08-19T16:00,2026-08-19T15:00,2026-08-19T15:00,36.78,36.24,37.32,32.3,39.17,33.7,261.5
2026-08-19,34,16,2026-08,2026-08-19T16:30,2026-08-19T15:30,2026-08-19T15:30,37.9,36.89,38.91,38.0,41.71,20.3,729.7
2026-08-19,35,17,2026-08,2026-08-19T17:00,2026-08-19T16:00,2026-08-19T15:40,87.0,78.0,96.0,15.0,112.0,10.0,98.2
2026-08-19,36,17,2026-08,2026-08-19T17:30,2026-08-19T16:30,2026-08-19T15:40,94.0,84.0,104.0,14.0,121.0,10.0,88.3
2026-08-19,37,18,2026-08,2026-08-19T18:00,2026-08-19T17:00,2026-08-19T15:40,106.5,95.0,118.0,12.0,139.0,9.0,103.8
2026-08-19,38,18,2026-08,2026-08-19T18:30,2026-08-19T17:30,2026-08-19T15:40,101.0,90.0,112.0,13.0,131.0,9.0,127.5
2026-08-19,39,19,2026-08,2026-08-19T19:00,2026-08-19T18:00,2026-08-19T15:40,70.5,63.0,78.0,18.0,92.0,14.0,92.4
2026-08-19,40,19,2026-08,2026-08-19T19:30,2026-08-19T18:30,2026-08-19T15:40,35.97,38.14,39.18,39.2,42.41,37.8,197.6
2026-08-19,41,20,2026-08,2026-08-19T20:00,2026-08-19T19:00,2026-08-19T15:40,23.17,23.76,24.52,38.7,25.7,26.5,399.3
2026-08-19,42,20,2026-08,2026-08-19T20:30,2026-08-19T19:30,2026-08-19T15:40,16.13,15.76,17.61,35.7,18.32,37.4,361.3
2026-08-19,43,21,2026-08,2026-08-19T21:00,2026-08-19T20:00,2026-08-19T15:40,17.98,17.71,18.48,40.0,19.88,32.3,428.4
2026-08-19,44,21,2026-08,2026-08-19T21:30,2026-08-19T20:30,2026-08-19T15:40,15.78,15.02,17.14,30.2,18.8,38.8,256.3
2026-08-19,45,22,2026-08,2026-08-19T22:00,2026-08-19T21:00,2026-08-19T15:40,16.02,14.78,17.25,14.1,18.8,14.6,410.0
2026-08-19,46,22,2026-08,2026-08-19T22:30,2026-08-19T21:30,2026-08-19T15:40,19.9,18.97,20.82,22.6,22.58,12.9,212.4
2026-08-19,47,23,2026-08,2026-08-19T23:00,2026-08-19T22:00,2026-08-19T15:40,11.37,13.64,15.61,23.9,16.93,11.2,511.5
2026-08-19,48,23,2026-08,2026-08-19T23:30,2026-08-19T22:30,2026-08-19T15:40,16.61,15.66,17.55,21.5,18.49,10.1,403.8
